seed,budget_name,budget,tau_vn,miss_other,pi_vn
0,half,0.12836160529582127,0.0,1.0,0.612122465866777
0,half,0.12836160529582127,0.01,1.0,0.612122465866777
0,half,0.12836160529582127,0.02,1.0,0.612122465866777
0,half,0.12836160529582127,0.03,1.0,0.612122465866777
0,half,0.12836160529582127,0.04,1.0,0.612122465866777
0,half,0.12836160529582127,0.05,1.0,0.612122465866777
0,half,0.12836160529582127,0.06,1.0,0.612122465866777
0,half,0.12836160529582127,0.07,1.0,0.612122465866777
0,half,0.12836160529582127,0.08,1.0,0.612122465866777
0,half,0.12836160529582127,0.09,1.0,0.612122465866777
0,half,0.12836160529582127,0.1,1.0,0.612122465866777
0,half,0.12836160529582127,0.11,1.0,0.612122465866777
0,half,0.12836160529582127,0.12,1.0,0.612122465866777
0,half,0.12836160529582127,0.13,1.0,0.612122465866777
0,half,0.12836160529582127,0.14,1.0,0.612122465866777
0,half,0.12836160529582127,0.15,1.0,0.612122465866777
0,half,0.12836160529582127,0.16,1.0,0.612122465866777
0,half,0.12836160529582127,0.17,1.0,0.612122465866777
0,half,0.12836160529582127,0.18,1.0,0.612122465866777
0,half,0.12836160529582127,0.19,1.0,0.612122465866777
0,half,0.12836160529582127,0.2,1.0,0.612122465866777
0,half,0.12836160529582127,0.21,1.0,0.612122465866777
0,half,0.12836160529582127,0.22,1.0,0.612122465866777
0,half,0.12836160529582127,0.23,1.0,0.612122465866777
0,half,0.12836160529582127,0.24,1.0,0.612122465866777
0,half,0.12836160529582127,0.25,1.0,0.612122465866777
0,half,0.12836160529582127,0.26,1.0,0.612122465866777
0,half,0.12836160529582127,0.27,1.0,0.612122465866777
0,half,0.12836160529582127,0.28,1.0,0.612122465866777
0,half,0.12836160529582127,0.29,1.0,0.612122465866777
0,half,0.12836160529582127,0.3,0.862834177878735,0.612122465866777
0,half,0.12836160529582127,0.31,0.7384239035470908,0.612122465866777
0,half,0.12836160529582127,0.32,0.7125633409051197,0.612122465866777
0,half,0.12836160529582127,0.33,0.6694041586580465,0.612122465866777
0,half,0.12836160529582127,0.34,0.6017822820199197,0.612122465866777
0,half,0.12836160529582127,0.35,0.6017822820199197,0.612122465866777
0,half,0.12836160529582127,0.36,0.6017822820199197,0.612122465866777
0,half,0.12836160529582127,0.37,0.5694565787174559,0.612122465866777
0,half,0.12836160529582127,0.38,0.557749432116023,0.612122465866777
0,half,0.12836160529582127,0.39,0.5476148872968722,0.612122465866777
0,half,0.12836160529582127,0.4,0.5387034771972742,0.612122465866777
0,half,0.12836160529582127,0.41,0.5168617857766906,0.612122465866777
0,half,0.12836160529582127,0.42,0.5130176480866678,0.612122465866777
0,half,0.12836160529582127,0.43,0.49624322907565965,0.612122465866777
0,half,0.12836160529582127,0.44,0.49082648960335484,0.612122465866777
0,half,0.12836160529582127,0.45,0.48907915428970816,0.612122465866777
0,half,0.12836160529582127,0.46,0.48121614537829804,0.612122465866777
0,half,0.12836160529582127,0.47,0.4801677441901101,0.612122465866777
0,half,0.12836160529582127,0.48,0.4801677441901101,0.612122465866777
0,half,0.12836160529582127,0.49,0.4668879958063953,0.612122465866777
0,half,0.12836160529582127,0.5,0.4564039839245151,0.612122465866777
0,half,0.12836160529582127,0.51,0.4564039839245151,0.612122465866777
0,half,0.12836160529582127,0.52,0.4543071815481391,0.612122465866777
0,half,0.12836160529582127,0.53,0.45273457976585707,0.612122465866777
0,half,0.12836160529582127,0.54,0.4312423554080028,0.612122465866777
0,half,0.12836160529582127,0.55,0.4254761488729687,0.612122465866777
0,half,0.12836160529582127,0.56,0.41778787349292335,0.612122465866777
0,half,0.12836160529582127,0.57,0.4130700681460773,0.612122465866777
0,half,0.12836160529582127,0.58,0.40975013105014857,0.612122465866777
0,half,0.12836160529582127,0.59,0.3928009785077756,0.612122465866777
0,half,0.12836160529582127,0.6,0.3928009785077756,0.612122465866777
0,half,0.12836160529582127,0.61,0.3896557749432116,0.612122465866777
0,half,0.12836160529582127,0.62,0.3896557749432116,0.612122465866777
0,half,0.12836160529582127,0.63,0.38266643368862485,0.612122465866777
0,half,0.12836160529582127,0.64,0.38266643368862485,0.612122465866777
0,half,0.12836160529582127,0.65,0.3746286912458501,0.612122465866777
0,half,0.12836160529582127,0.66,0.365717281146252,0.612122465866777
0,half,0.12836160529582127,0.67,0.365717281146252,0.612122465866777
0,half,0.12836160529582127,0.68,0.365717281146252,0.612122465866777
0,half,0.12836160529582127,0.69,0.365717281146252,0.612122465866777
0,half,0.12836160529582127,0.7,0.3368862484710816,0.612122465866777
0,half,0.12836160529582127,0.71,0.3368862484710816,0.612122465866777
0,half,0.12836160529582127,0.72,0.3368862484710816,0.612122465866777
0,half,0.12836160529582127,0.73,0.3368862484710816,0.612122465866777
0,half,0.12836160529582127,0.74,0.3368862484710816,0.612122465866777
0,half,0.12836160529582127,0.75,0.3368862484710816,0.612122465866777
0,half,0.12836160529582127,0.76,0.3368862484710816,0.612122465866777
0,half,0.12836160529582127,0.77,0.32622750305783677,0.612122465866777
0,half,0.12836160529582127,0.78,0.32622750305783677,0.612122465866777
0,half,0.12836160529582127,0.79,0.32622750305783677,0.612122465866777
0,half,0.12836160529582127,0.8,0.32622750305783677,0.612122465866777
0,half,0.12836160529582127,0.81,0.3209854971168967,0.612122465866777
0,half,0.12836160529582127,0.82,0.31923816180325004,0.612122465866777
0,half,0.12836160529582127,0.83,0.31923816180325004,0.612122465866777
0,half,0.12836160529582127,0.84,0.3122488205486633,0.612122465866777
0,half,0.12836160529582127,0.85,0.3122488205486633,0.612122465866777
0,half,0.12836160529582127,0.86,0.3101520181722872,0.612122465866777
0,half,0.12836160529582127,0.87,0.3101520181722872,0.612122465866777
0,half,0.12836160529582127,0.88,0.3101520181722872,0.612122465866777
0,half,0.12836160529582127,0.89,0.30491001223134717,0.612122465866777
0,half,0.12836160529582127,0.9,0.2998427398217718,0.612122465866777
0,half,0.12836160529582127,0.906,0.2998427398217718,0.612122465866777
0,half,0.12836160529582127,0.91,0.2998427398217718,0.612122465866777
0,half,0.12836160529582127,0.92,0.2959986021317491,0.612122465866777
0,half,0.12836160529582127,0.93,0.29285339856718506,0.612122465866777
0,half,0.12836160529582127,0.94,0.29285339856718506,0.612122465866777
0,half,0.12836160529582127,0.95,0.28621352437532765,0.612122465866777
0,half,0.12836160529582127,0.96,0.28533985671850426,0.612122465866777
0,half,0.12836160529582127,0.97,0.28533985671850426,0.612122465866777
0,half,0.12836160529582127,0.98,0.2848156561244103,0.612122465866777
0,half,0.12836160529582127,0.99,0.2848156561244103,0.612122465866777
0,half,0.12836160529582127,1.0,0.2809715184343876,0.612122465866777
0,deployed,0.25672321059164255,0.0,1.0,0.612122465866777
0,deployed,0.25672321059164255,0.01,1.0,0.612122465866777
0,deployed,0.25672321059164255,0.02,0.5387034771972742,0.612122465866777
0,deployed,0.25672321059164255,0.03,0.5331120041936048,0.612122465866777
0,deployed,0.25672321059164255,0.04,0.48838022016424953,0.612122465866777
0,deployed,0.25672321059164255,0.05,0.4834876812860388,0.612122465866777
0,deployed,0.25672321059164255,0.06,0.4564039839245151,0.612122465866777
0,deployed,0.25672321059164255,0.07,0.4462694391053643,0.612122465866777
0,deployed,0.25672321059164255,0.08,0.44399790319762367,0.612122465866777
0,deployed,0.25672321059164255,0.09,0.44399790319762367,0.612122465866777
0,deployed,0.25672321059164255,0.1,0.4249519482788747,0.612122465866777
0,deployed,0.25672321059164255,0.11,0.39594618207233967,0.612122465866777
0,deployed,0.25672321059164255,0.12,0.39594618207233967,0.612122465866777
0,deployed,0.25672321059164255,0.13,0.39052944260003497,0.612122465866777
0,deployed,0.25672321059164255,0.14,0.3858116372531889,0.612122465866777
0,deployed,0.25672321059164255,0.15,0.3524375327625371,0.612122465866777
0,deployed,0.25672321059164255,0.16,0.3524375327625371,0.612122465866777
0,deployed,0.25672321059164255,0.17,0.3461471256334091,0.612122465866777
0,deployed,0.25672321059164255,0.18,0.3368862484710816,0.612122465866777
0,deployed,0.25672321059164255,0.19,0.31923816180325004,0.612122465866777
0,deployed,0.25672321059164255,0.2,0.3122488205486633,0.612122465866777
0,deployed,0.25672321059164255,0.21,0.3101520181722872,0.612122465866777
0,deployed,0.25672321059164255,0.22,0.2998427398217718,0.612122465866777
0,deployed,0.25672321059164255,0.23,0.29285339856718506,0.612122465866777
0,deployed,0.25672321059164255,0.24,0.28621352437532765,0.612122465866777
0,deployed,0.25672321059164255,0.25,0.28621352437532765,0.612122465866777
0,deployed,0.25672321059164255,0.26,0.2848156561244103,0.612122465866777
0,deployed,0.25672321059164255,0.27,0.2809715184343876,0.612122465866777
0,deployed,0.25672321059164255,0.28,0.2809715184343876,0.612122465866777
0,deployed,0.25672321059164255,0.29,0.2809715184343876,0.612122465866777
0,deployed,0.25672321059164255,0.3,0.2647213000174734,0.612122465866777
0,deployed,0.25672321059164255,0.31,0.26122662939017993,0.612122465866777
0,deployed,0.25672321059164255,0.32,0.24777214747510046,0.612122465866777
0,deployed,0.25672321059164255,0.33,0.24148174034597236,0.612122465866777
0,deployed,0.25672321059164255,0.34,0.23955967150096102,0.612122465866777
0,deployed,0.25672321059164255,0.35,0.23955967150096102,0.612122465866777
0,deployed,0.25672321059164255,0.36,0.23955967150096102,0.612122465866777
0,deployed,0.25672321059164255,0.37,0.22016424951948277,0.612122465866777
0,deployed,0.25672321059164255,0.38,0.22016424951948277,0.612122465866777
0,deployed,0.25672321059164255,0.39,0.2070592346671326,0.612122465866777
0,deployed,0.25672321059164255,0.4,0.20321509697710993,0.612122465866777
0,deployed,0.25672321059164255,0.41,0.19954569281845191,0.612122465866777
0,deployed,0.25672321059164255,0.42,0.19849729163026386,0.612122465866777
0,deployed,0.25672321059164255,0.43,0.18941114799930103,0.612122465866777
0,deployed,0.25672321059164255,0.44,0.18591647737200767,0.612122465866777
0,deployed,0.25672321059164255,0.45,0.18591647737200767,0.612122465866777
0,deployed,0.25672321059164255,0.46,0.1824218067447143,0.612122465866777
0,deployed,0.25672321059164255,0.47,0.1824218067447143,0.612122465866777
0,deployed,0.25672321059164255,0.48,0.1824218067447143,0.612122465866777
0,deployed,0.25672321059164255,0.49,0.17927660318015026,0.612122465866777
0,deployed,0.25672321059164255,0.5,0.1749082648960335,0.612122465866777
0,deployed,0.25672321059164255,0.51,0.1749082648960335,0.612122465866777
0,deployed,0.25672321059164255,0.52,0.17211252839419888,0.612122465866777
0,deployed,0.25672321059164255,0.53,0.17211252839419888,0.612122465866777
0,deployed,0.25672321059164255,0.54,0.1616285165123187,0.612122465866777
0,deployed,0.25672321059164255,0.55,0.1616285165123187,0.612122465866777
0,deployed,0.25672321059164255,0.56,0.1532413070068146,0.612122465866777
0,deployed,0.25672321059164255,0.57,0.1532413070068146,0.612122465866777
0,deployed,0.25672321059164255,0.58,0.1532413070068146,0.612122465866777
0,deployed,0.25672321059164255,0.59,0.1415341604053818,0.612122465866777
0,deployed,0.25672321059164255,0.6,0.1415341604053818,0.612122465866777
0,deployed,0.25672321059164255,0.61,0.1352437532762537,0.612122465866777
0,deployed,0.25672321059164255,0.62,0.1352437532762537,0.612122465866777
0,deployed,0.25672321059164255,0.63,0.13244801677441898,0.612122465866777
0,deployed,0.25672321059164255,0.64,0.13244801677441898,0.612122465866777
0,deployed,0.25672321059164255,0.65,0.12406080726891489,0.612122465866777
0,deployed,0.25672321059164255,0.66,0.12406080726891489,0.612122465866777
0,deployed,0.25672321059164255,0.67,0.12406080726891489,0.612122465866777
0,deployed,0.25672321059164255,0.68,0.12406080726891489,0.612122465866777
0,deployed,0.25672321059164255,0.69,0.12406080726891489,0.612122465866777
0,deployed,0.25672321059164255,0.7,0.10955792416564736,0.612122465866777
0,deployed,0.25672321059164255,0.71,0.10955792416564736,0.612122465866777
0,deployed,0.25672321059164255,0.72,0.10955792416564736,0.612122465866777
0,deployed,0.25672321059164255,0.73,0.10955792416564736,0.612122465866777
0,deployed,0.25672321059164255,0.74,0.10955792416564736,0.612122465866777
0,deployed,0.25672321059164255,0.75,0.10955792416564736,0.612122465866777
0,deployed,0.25672321059164255,0.76,0.10955792416564736,0.612122465866777
0,deployed,0.25672321059164255,0.77,0.09540450812510926,0.612122465866777
0,deployed,0.25672321059164255,0.78,0.09540450812510926,0.612122465866777
0,deployed,0.25672321059164255,0.79,0.09540450812510926,0.612122465866777
0,deployed,0.25672321059164255,0.8,0.09540450812510926,0.612122465866777
0,deployed,0.25672321059164255,0.81,0.09260877162327452,0.612122465866777
0,deployed,0.25672321059164255,0.82,0.09260877162327452,0.612122465866777
0,deployed,0.25672321059164255,0.83,0.09260877162327452,0.612122465866777
0,deployed,0.25672321059164255,0.84,0.0877162327450638,0.612122465866777
0,deployed,0.25672321059164255,0.85,0.0877162327450638,0.612122465866777
0,deployed,0.25672321059164255,0.86,0.08090162502184173,0.612122465866777
0,deployed,0.25672321059164255,0.87,0.07967849030228902,0.612122465866777
0,deployed,0.25672321059164255,0.88,0.07967849030228902,0.612122465866777
0,deployed,0.25672321059164255,0.89,0.0793290232395597,0.612122465866777
0,deployed,0.25672321059164255,0.9,0.07705748733181894,0.612122465866777
0,deployed,0.25672321059164255,0.906,0.076009086143631,0.612122465866777
0,deployed,0.25672321059164255,0.91,0.076009086143631,0.612122465866777
0,deployed,0.25672321059164255,0.92,0.0739122837672549,0.612122465866777
0,deployed,0.25672321059164255,0.93,0.07024287960859688,0.612122465866777
0,deployed,0.25672321059164255,0.94,0.07024287960859688,0.612122465866777
0,deployed,0.25672321059164255,0.95,0.06779661016949157,0.612122465866777
0,deployed,0.25672321059164255,0.96,0.06779661016949157,0.612122465866777
0,deployed,0.25672321059164255,0.97,0.06779661016949157,0.612122465866777
0,deployed,0.25672321059164255,0.98,0.0630788048226455,0.612122465866777
0,deployed,0.25672321059164255,0.99,0.0630788048226455,0.612122465866777
0,deployed,0.25672321059164255,1.0,0.06237987069718676,0.612122465866777
0,double,0.5134464211832851,0.0,1.0,0.612122465866777
0,double,0.5134464211832851,0.01,0.39594618207233967,0.612122465866777
0,double,0.5134464211832851,0.02,0.03354883802201647,0.612122465866777
0,double,0.5134464211832851,0.03,0.03354883802201647,0.612122465866777
0,double,0.5134464211832851,0.04,0.025511095579241694,0.612122465866777
0,double,0.5134464211832851,0.05,0.023763760265595013,0.612122465866777
0,double,0.5134464211832851,0.06,0.021841691420583564,0.612122465866777
0,double,0.5134464211832851,0.07,0.0192206884501136,0.612122465866777
0,double,0.5134464211832851,0.08,0.019045954918748942,0.612122465866777
0,double,0.5134464211832851,0.09,0.017473353136466918,0.612122465866777
0,double,0.5134464211832851,0.1,0.016424951948278865,0.612122465866777
0,double,0.5134464211832851,0.11,0.012406080726891533,0.612122465866777
0,double,0.5134464211832851,0.12,0.012406080726891533,0.612122465866777
0,double,0.5134464211832851,0.13,0.01083347894460951,0.612122465866777
0,double,0.5134464211832851,0.14,0.009785077756421456,0.612122465866777
0,double,0.5134464211832851,0.15,0.0036694041586580184,0.612122465866777
0,double,0.5134464211832851,0.16,0.0036694041586580184,0.612122465866777
0,double,0.5134464211832851,0.17,0.0036694041586580184,0.612122465866777
0,double,0.5134464211832851,0.18,0.0015726017822820237,0.612122465866777
0,double,0.5134464211832851,0.19,0.0006989341254586279,0.612122465866777
0,double,0.5134464211832851,0.2,0.0006989341254586279,0.612122465866777
0,double,0.5134464211832851,0.21,0.0006989341254586279,0.612122465866777
0,double,0.5134464211832851,0.22,0.0005242005940939709,0.612122465866777
0,double,0.5134464211832851,0.23,0.00017473353136465697,0.612122465866777
0,double,0.5134464211832851,0.24,0.0,0.612122465866777
0,double,0.5134464211832851,0.25,0.0,0.612122465866777
0,double,0.5134464211832851,0.26,0.0,0.612122465866777
0,double,0.5134464211832851,0.27,0.0,0.612122465866777
0,double,0.5134464211832851,0.28,0.0,0.612122465866777
0,double,0.5134464211832851,0.29,0.0,0.612122465866777
0,double,0.5134464211832851,0.3,0.0,0.612122465866777
0,double,0.5134464211832851,0.31,0.0,0.612122465866777
0,double,0.5134464211832851,0.32,0.0,0.612122465866777
0,double,0.5134464211832851,0.33,0.0,0.612122465866777
0,double,0.5134464211832851,0.34,0.0,0.612122465866777
0,double,0.5134464211832851,0.35,0.0,0.612122465866777
0,double,0.5134464211832851,0.36,0.0,0.612122465866777
0,double,0.5134464211832851,0.37,0.0,0.612122465866777
0,double,0.5134464211832851,0.38,0.0,0.612122465866777
0,double,0.5134464211832851,0.39,0.0,0.612122465866777
0,double,0.5134464211832851,0.4,0.0,0.612122465866777
0,double,0.5134464211832851,0.41,0.0,0.612122465866777
0,double,0.5134464211832851,0.42,0.0,0.612122465866777
0,double,0.5134464211832851,0.43,0.0,0.612122465866777
0,double,0.5134464211832851,0.44,0.0,0.612122465866777
0,double,0.5134464211832851,0.45,0.0,0.612122465866777
0,double,0.5134464211832851,0.46,0.0,0.612122465866777
0,double,0.5134464211832851,0.47,0.0,0.612122465866777
0,double,0.5134464211832851,0.48,0.0,0.612122465866777
0,double,0.5134464211832851,0.49,0.0,0.612122465866777
0,double,0.5134464211832851,0.5,0.0,0.612122465866777
0,double,0.5134464211832851,0.51,0.0,0.612122465866777
0,double,0.5134464211832851,0.52,0.0,0.612122465866777
0,double,0.5134464211832851,0.53,0.0,0.612122465866777
0,double,0.5134464211832851,0.54,0.0,0.612122465866777
0,double,0.5134464211832851,0.55,0.0,0.612122465866777
0,double,0.5134464211832851,0.56,0.0,0.612122465866777
0,double,0.5134464211832851,0.57,0.0,0.612122465866777
0,double,0.5134464211832851,0.58,0.0,0.612122465866777
0,double,0.5134464211832851,0.59,0.0,0.612122465866777
0,double,0.5134464211832851,0.6,0.0,0.612122465866777
0,double,0.5134464211832851,0.61,0.0,0.612122465866777
0,double,0.5134464211832851,0.62,0.0,0.612122465866777
0,double,0.5134464211832851,0.63,0.0,0.612122465866777
0,double,0.5134464211832851,0.64,0.0,0.612122465866777
0,double,0.5134464211832851,0.65,0.0,0.612122465866777
0,double,0.5134464211832851,0.66,0.0,0.612122465866777
0,double,0.5134464211832851,0.67,0.0,0.612122465866777
0,double,0.5134464211832851,0.68,0.0,0.612122465866777
0,double,0.5134464211832851,0.69,0.0,0.612122465866777
0,double,0.5134464211832851,0.7,0.0,0.612122465866777
0,double,0.5134464211832851,0.71,0.0,0.612122465866777
0,double,0.5134464211832851,0.72,0.0,0.612122465866777
0,double,0.5134464211832851,0.73,0.0,0.612122465866777
0,double,0.5134464211832851,0.74,0.0,0.612122465866777
0,double,0.5134464211832851,0.75,0.0,0.612122465866777
0,double,0.5134464211832851,0.76,0.0,0.612122465866777
0,double,0.5134464211832851,0.77,0.0,0.612122465866777
0,double,0.5134464211832851,0.78,0.0,0.612122465866777
0,double,0.5134464211832851,0.79,0.0,0.612122465866777
0,double,0.5134464211832851,0.8,0.0,0.612122465866777
0,double,0.5134464211832851,0.81,0.0,0.612122465866777
0,double,0.5134464211832851,0.82,0.0,0.612122465866777
0,double,0.5134464211832851,0.83,0.0,0.612122465866777
0,double,0.5134464211832851,0.84,0.0,0.612122465866777
0,double,0.5134464211832851,0.85,0.0,0.612122465866777
0,double,0.5134464211832851,0.86,0.0,0.612122465866777
0,double,0.5134464211832851,0.87,0.0,0.612122465866777
0,double,0.5134464211832851,0.88,0.0,0.612122465866777
0,double,0.5134464211832851,0.89,0.0,0.612122465866777
0,double,0.5134464211832851,0.9,0.0,0.612122465866777
0,double,0.5134464211832851,0.906,0.0,0.612122465866777
0,double,0.5134464211832851,0.91,0.0,0.612122465866777
0,double,0.5134464211832851,0.92,0.0,0.612122465866777
0,double,0.5134464211832851,0.93,0.0,0.612122465866777
0,double,0.5134464211832851,0.94,0.0,0.612122465866777
0,double,0.5134464211832851,0.95,0.0,0.612122465866777
0,double,0.5134464211832851,0.96,0.0,0.612122465866777
0,double,0.5134464211832851,0.97,0.0,0.612122465866777
0,double,0.5134464211832851,0.98,0.0,0.612122465866777
0,double,0.5134464211832851,0.99,0.0,0.612122465866777
0,double,0.5134464211832851,1.0,0.0,0.612122465866777
0,vn-only,0.6446007447248655,0.0,0.3845885025336362,0.612122465866777
0,vn-only,0.6446007447248655,0.01,0.1352437532762537,0.612122465866777
0,vn-only,0.6446007447248655,0.02,0.0,0.612122465866777
0,vn-only,0.6446007447248655,0.03,0.0,0.612122465866777
0,vn-only,0.6446007447248655,0.04,0.0,0.612122465866777
0,vn-only,0.6446007447248655,0.05,0.0,0.612122465866777
0,vn-only,0.6446007447248655,0.06,0.0,0.612122465866777
0,vn-only,0.6446007447248655,0.07,0.0,0.612122465866777
0,vn-only,0.6446007447248655,0.08,0.0,0.612122465866777
0,vn-only,0.6446007447248655,0.09,0.0,0.612122465866777
0,vn-only,0.6446007447248655,0.1,0.0,0.612122465866777
0,vn-only,0.6446007447248655,0.11,0.0,0.612122465866777
0,vn-only,0.6446007447248655,0.12,0.0,0.612122465866777
0,vn-only,0.6446007447248655,0.13,0.0,0.612122465866777
0,vn-only,0.6446007447248655,0.14,0.0,0.612122465866777
0,vn-only,0.6446007447248655,0.15,0.0,0.612122465866777
0,vn-only,0.6446007447248655,0.16,0.0,0.612122465866777
0,vn-only,0.6446007447248655,0.17,0.0,0.612122465866777
0,vn-only,0.6446007447248655,0.18,0.0,0.612122465866777
0,vn-only,0.6446007447248655,0.19,0.0,0.612122465866777
0,vn-only,0.6446007447248655,0.2,0.0,0.612122465866777
0,vn-only,0.6446007447248655,0.21,0.0,0.612122465866777
0,vn-only,0.6446007447248655,0.22,0.0,0.612122465866777
0,vn-only,0.6446007447248655,0.23,0.0,0.612122465866777
0,vn-only,0.6446007447248655,0.24,0.0,0.612122465866777
0,vn-only,0.6446007447248655,0.25,0.0,0.612122465866777
0,vn-only,0.6446007447248655,0.26,0.0,0.612122465866777
0,vn-only,0.6446007447248655,0.27,0.0,0.612122465866777
0,vn-only,0.6446007447248655,0.28,0.0,0.612122465866777
0,vn-only,0.6446007447248655,0.29,0.0,0.612122465866777
0,vn-only,0.6446007447248655,0.3,0.0,0.612122465866777
0,vn-only,0.6446007447248655,0.31,0.0,0.612122465866777
0,vn-only,0.6446007447248655,0.32,0.0,0.612122465866777
0,vn-only,0.6446007447248655,0.33,0.0,0.612122465866777
0,vn-only,0.6446007447248655,0.34,0.0,0.612122465866777
0,vn-only,0.6446007447248655,0.35,0.0,0.612122465866777
0,vn-only,0.6446007447248655,0.36,0.0,0.612122465866777
0,vn-only,0.6446007447248655,0.37,0.0,0.612122465866777
0,vn-only,0.6446007447248655,0.38,0.0,0.612122465866777
0,vn-only,0.6446007447248655,0.39,0.0,0.612122465866777
0,vn-only,0.6446007447248655,0.4,0.0,0.612122465866777
0,vn-only,0.6446007447248655,0.41,0.0,0.612122465866777
0,vn-only,0.6446007447248655,0.42,0.0,0.612122465866777
0,vn-only,0.6446007447248655,0.43,0.0,0.612122465866777
0,vn-only,0.6446007447248655,0.44,0.0,0.612122465866777
0,vn-only,0.6446007447248655,0.45,0.0,0.612122465866777
0,vn-only,0.6446007447248655,0.46,0.0,0.612122465866777
0,vn-only,0.6446007447248655,0.47,0.0,0.612122465866777
0,vn-only,0.6446007447248655,0.48,0.0,0.612122465866777
0,vn-only,0.6446007447248655,0.49,0.0,0.612122465866777
0,vn-only,0.6446007447248655,0.5,0.0,0.612122465866777
0,vn-only,0.6446007447248655,0.51,0.0,0.612122465866777
0,vn-only,0.6446007447248655,0.52,0.0,0.612122465866777
0,vn-only,0.6446007447248655,0.53,0.0,0.612122465866777
0,vn-only,0.6446007447248655,0.54,0.0,0.612122465866777
0,vn-only,0.6446007447248655,0.55,0.0,0.612122465866777
0,vn-only,0.6446007447248655,0.56,0.0,0.612122465866777
0,vn-only,0.6446007447248655,0.57,0.0,0.612122465866777
0,vn-only,0.6446007447248655,0.58,0.0,0.612122465866777
0,vn-only,0.6446007447248655,0.59,0.0,0.612122465866777
0,vn-only,0.6446007447248655,0.6,0.0,0.612122465866777
0,vn-only,0.6446007447248655,0.61,0.0,0.612122465866777
0,vn-only,0.6446007447248655,0.62,0.0,0.612122465866777
0,vn-only,0.6446007447248655,0.63,0.0,0.612122465866777
0,vn-only,0.6446007447248655,0.64,0.0,0.612122465866777
0,vn-only,0.6446007447248655,0.65,0.0,0.612122465866777
0,vn-only,0.6446007447248655,0.66,0.0,0.612122465866777
0,vn-only,0.6446007447248655,0.67,0.0,0.612122465866777
0,vn-only,0.6446007447248655,0.68,0.0,0.612122465866777
0,vn-only,0.6446007447248655,0.69,0.0,0.612122465866777
0,vn-only,0.6446007447248655,0.7,0.0,0.612122465866777
0,vn-only,0.6446007447248655,0.71,0.0,0.612122465866777
0,vn-only,0.6446007447248655,0.72,0.0,0.612122465866777
0,vn-only,0.6446007447248655,0.73,0.0,0.612122465866777
0,vn-only,0.6446007447248655,0.74,0.0,0.612122465866777
0,vn-only,0.6446007447248655,0.75,0.0,0.612122465866777
0,vn-only,0.6446007447248655,0.76,0.0,0.612122465866777
0,vn-only,0.6446007447248655,0.77,0.0,0.612122465866777
0,vn-only,0.6446007447248655,0.78,0.0,0.612122465866777
0,vn-only,0.6446007447248655,0.79,0.0,0.612122465866777
0,vn-only,0.6446007447248655,0.8,0.0,0.612122465866777
0,vn-only,0.6446007447248655,0.81,0.0,0.612122465866777
0,vn-only,0.6446007447248655,0.82,0.0,0.612122465866777
0,vn-only,0.6446007447248655,0.83,0.0,0.612122465866777
0,vn-only,0.6446007447248655,0.84,0.0,0.612122465866777
0,vn-only,0.6446007447248655,0.85,0.0,0.612122465866777
0,vn-only,0.6446007447248655,0.86,0.0,0.612122465866777
0,vn-only,0.6446007447248655,0.87,0.0,0.612122465866777
0,vn-only,0.6446007447248655,0.88,0.0,0.612122465866777
0,vn-only,0.6446007447248655,0.89,0.0,0.612122465866777
0,vn-only,0.6446007447248655,0.9,0.0,0.612122465866777
0,vn-only,0.6446007447248655,0.906,0.0,0.612122465866777
0,vn-only,0.6446007447248655,0.91,0.0,0.612122465866777
0,vn-only,0.6446007447248655,0.92,0.0,0.612122465866777
0,vn-only,0.6446007447248655,0.93,0.0,0.612122465866777
0,vn-only,0.6446007447248655,0.94,0.0,0.612122465866777
0,vn-only,0.6446007447248655,0.95,0.0,0.612122465866777
0,vn-only,0.6446007447248655,0.96,0.0,0.612122465866777
0,vn-only,0.6446007447248655,0.97,0.0,0.612122465866777
0,vn-only,0.6446007447248655,0.98,0.0,0.612122465866777
0,vn-only,0.6446007447248655,0.99,0.0,0.612122465866777
0,vn-only,0.6446007447248655,1.0,0.0,0.612122465866777
1,half,0.1323529411764706,0.0,1.0,0.606288032454361
1,half,0.1323529411764706,0.01,1.0,0.606288032454361
1,half,0.1323529411764706,0.02,1.0,0.606288032454361
1,half,0.1323529411764706,0.03,1.0,0.606288032454361
1,half,0.1323529411764706,0.04,1.0,0.606288032454361
1,half,0.1323529411764706,0.05,1.0,0.606288032454361
1,half,0.1323529411764706,0.06,1.0,0.606288032454361
1,half,0.1323529411764706,0.07,1.0,0.606288032454361
1,half,0.1323529411764706,0.08,1.0,0.606288032454361
1,half,0.1323529411764706,0.09,1.0,0.606288032454361
1,half,0.1323529411764706,0.1,1.0,0.606288032454361
1,half,0.1323529411764706,0.11,1.0,0.606288032454361
1,half,0.1323529411764706,0.12,1.0,0.606288032454361
1,half,0.1323529411764706,0.13,1.0,0.606288032454361
1,half,0.1323529411764706,0.14,1.0,0.606288032454361
1,half,0.1323529411764706,0.15,1.0,0.606288032454361
1,half,0.1323529411764706,0.16,1.0,0.606288032454361
1,half,0.1323529411764706,0.17,1.0,0.606288032454361
1,half,0.1323529411764706,0.18,1.0,0.606288032454361
1,half,0.1323529411764706,0.19,1.0,0.606288032454361
1,half,0.1323529411764706,0.2,1.0,0.606288032454361
1,half,0.1323529411764706,0.21,1.0,0.606288032454361
1,half,0.1323529411764706,0.22,1.0,0.606288032454361
1,half,0.1323529411764706,0.23,1.0,0.606288032454361
1,half,0.1323529411764706,0.24,1.0,0.606288032454361
1,half,0.1323529411764706,0.25,1.0,0.606288032454361
1,half,0.1323529411764706,0.26,1.0,0.606288032454361
1,half,0.1323529411764706,0.27,1.0,0.606288032454361
1,half,0.1323529411764706,0.28,1.0,0.606288032454361
1,half,0.1323529411764706,0.29,1.0,0.606288032454361
1,half,0.1323529411764706,0.3,0.9096627642844661,0.606288032454361
1,half,0.1323529411764706,0.31,0.8710466538528744,0.606288032454361
1,half,0.1323529411764706,0.32,0.7599161279049449,0.606288032454361
1,half,0.1323529411764706,0.33,0.7174558797833304,0.606288032454361
1,half,0.1323529411764706,0.34,0.6716756945657871,0.606288032454361
1,half,0.1323529411764706,0.35,0.6716756945657871,0.606288032454361
1,half,0.1323529411764706,0.36,0.6065000873667656,0.606288032454361
1,half,0.1323529411764706,0.37,0.6065000873667656,0.606288032454361
1,half,0.1323529411764706,0.38,0.5497116896732483,0.606288032454361
1,half,0.1323529411764706,0.39,0.5497116896732483,0.606288032454361
1,half,0.1323529411764706,0.4,0.5497116896732483,0.606288032454361
1,half,0.1323529411764706,0.41,0.5325878035995107,0.606288032454361
1,half,0.1323529411764706,0.42,0.5173859863707846,0.606288032454361
1,half,0.1323529411764706,0.43,0.5173859863707846,0.606288032454361
1,half,0.1323529411764706,0.44,0.5062030403634458,0.606288032454361
1,half,0.1323529411764706,0.45,0.505504106237987,0.606288032454361
1,half,0.1323529411764706,0.46,0.5011357679538704,0.606288032454361
1,half,0.1323529411764706,0.47,0.4852350165996855,0.606288032454361
1,half,0.1323529411764706,0.48,0.4852350165996855,0.606288032454361
1,half,0.1323529411764706,0.49,0.4723047352787,0.606288032454361
1,half,0.1323529411764706,0.5,0.46234492399091387,0.606288032454361
1,half,0.1323529411764706,0.51,0.4605975886772672,0.606288032454361
1,half,0.1323529411764706,0.52,0.45954918748907914,0.606288032454361
1,half,0.1323529411764706,0.53,0.44312423554080027,0.606288032454361
1,half,0.1323529411764706,0.54,0.420059409400664,0.606288032454361
1,half,0.1323529411764706,0.55,0.4162152717106413,0.606288032454361
1,half,0.1323529411764706,0.56,0.41324480167744193,0.606288032454361
1,half,0.1323529411764706,0.57,0.41324480167744193,0.606288032454361
1,half,0.1323529411764706,0.58,0.41324480167744193,0.606288032454361
1,half,0.1323529411764706,0.59,0.41324480167744193,0.606288032454361
1,half,0.1323529411764706,0.6,0.41324480167744193,0.606288032454361
1,half,0.1323529411764706,0.61,0.41324480167744193,0.606288032454361
1,half,0.1323529411764706,0.62,0.4067796610169492,0.606288032454361
1,half,0.1323529411764706,0.63,0.39856718504280975,0.606288032454361
1,half,0.1323529411764706,0.64,0.3948977808841516,0.606288032454361
1,half,0.1323529411764706,0.65,0.3896557749432116,0.606288032454361
1,half,0.1323529411764706,0.66,0.3896557749432116,0.606288032454361
1,half,0.1323529411764706,0.67,0.3896557749432116,0.606288032454361
1,half,0.1323529411764706,0.68,0.3896557749432116,0.606288032454361
1,half,0.1323529411764706,0.69,0.3762012930281321,0.606288032454361
1,half,0.1323529411764706,0.7,0.3762012930281321,0.606288032454361
1,half,0.1323529411764706,0.71,0.3762012930281321,0.606288032454361
1,half,0.1323529411764706,0.72,0.3578542722348419,0.606288032454361
1,half,0.1323529411764706,0.73,0.3557574698584658,0.606288032454361
1,half,0.1323529411764706,0.74,0.3520880656998078,0.606288032454361
1,half,0.1323529411764706,0.75,0.3520880656998078,0.606288032454361
1,half,0.1323529411764706,0.76,0.3520880656998078,0.606288032454361
1,half,0.1323529411764706,0.77,0.3428271885374803,0.606288032454361
1,half,0.1323529411764706,0.78,0.3410798532238336,0.606288032454361
1,half,0.1323529411764706,0.79,0.3410798532238336,0.606288032454361
1,half,0.1323529411764706,0.8,0.3410798532238336,0.606288032454361
1,half,0.1323529411764706,0.81,0.3297221736851301,0.606288032454361
1,half,0.1323529411764706,0.82,0.3297221736851301,0.606288032454361
1,half,0.1323529411764706,0.83,0.3265769701205662,0.606288032454361
1,half,0.1323529411764706,0.84,0.3265769701205662,0.606288032454361
1,half,0.1323529411764706,0.85,0.32220863183644943,0.606288032454361
1,half,0.1323529411764706,0.86,0.32220863183644943,0.606288032454361
1,half,0.1323529411764706,0.87,0.32220863183644943,0.606288032454361
1,half,0.1323529411764706,0.88,0.3157434911759567,0.606288032454361
1,half,0.1323529411764706,0.89,0.3157434911759567,0.606288032454361
1,half,0.1323529411764706,0.9,0.31504455705049794,0.606288032454361
1,half,0.1323529411764706,0.906,0.3143456229250393,0.606288032454361
1,half,0.1323529411764706,0.91,0.3143456229250393,0.606288032454361
1,half,0.1323529411764706,0.92,0.3077057487331819,0.606288032454361
1,half,0.1323529411764706,0.93,0.3064826140136292,0.606288032454361
1,half,0.1323529411764706,0.94,0.30421107810588854,0.606288032454361
1,half,0.1323529411764706,0.95,0.3017648086667831,0.606288032454361
1,half,0.1323529411764706,0.96,0.3017648086667831,0.606288032454361
1,half,0.1323529411764706,0.97,0.3017648086667831,0.606288032454361
1,half,0.1323529411764706,0.98,0.2909313297221737,0.606288032454361
1,half,0.1323529411764706,0.99,0.2909313297221737,0.606288032454361
1,half,0.1323529411764706,1.0,0.2909313297221737,0.606288032454361
1,deployed,0.2647058823529412,0.0,1.0,0.606288032454361
1,deployed,0.2647058823529412,0.01,1.0,0.606288032454361
1,deployed,0.2647058823529412,0.02,0.6896732482963481,0.606288032454361
1,deployed,0.2647058823529412,0.03,0.6896732482963481,0.606288032454361
1,deployed,0.2647058823529412,0.04,0.5753975187838547,0.606288032454361
1,deployed,0.2647058823529412,0.05,0.5753975187838547,0.606288032454361
1,deployed,0.2647058823529412,0.06,0.5289183994408527,0.606288032454361
1,deployed,0.2647058823529412,0.07,0.47579940590599334,0.606288032454361
1,deployed,0.2647058823529412,0.08,0.4300192206884501,0.606288032454361
1,deployed,0.2647058823529412,0.09,0.4162152717106413,0.606288032454361
1,deployed,0.2647058823529412,0.1,0.41324480167744193,0.606288032454361
1,deployed,0.2647058823529412,0.11,0.4067796610169492,0.606288032454361
1,deployed,0.2647058823529412,0.12,0.39856718504280975,0.606288032454361
1,deployed,0.2647058823529412,0.13,0.3896557749432116,0.606288032454361
1,deployed,0.2647058823529412,0.14,0.3762012930281321,0.606288032454361
1,deployed,0.2647058823529412,0.15,0.3716582212126507,0.606288032454361
1,deployed,0.2647058823529412,0.16,0.3716582212126507,0.606288032454361
1,deployed,0.2647058823529412,0.17,0.3410798532238336,0.606288032454361
1,deployed,0.2647058823529412,0.18,0.33583784728289356,0.606288032454361
1,deployed,0.2647058823529412,0.19,0.3265769701205662,0.606288032454361
1,deployed,0.2647058823529412,0.2,0.32343176655600214,0.606288032454361
1,deployed,0.2647058823529412,0.21,0.32220863183644943,0.606288032454361
1,deployed,0.2647058823529412,0.22,0.31085095229774595,0.606288032454361
1,deployed,0.2647058823529412,0.23,0.31085095229774595,0.606288032454361
1,deployed,0.2647058823529412,0.24,0.3017648086667831,0.606288032454361
1,deployed,0.2647058823529412,0.25,0.3017648086667831,0.606288032454361
1,deployed,0.2647058823529412,0.26,0.292329197973091,0.606288032454361
1,deployed,0.2647058823529412,0.27,0.292329197973091,0.606288032454361
1,deployed,0.2647058823529412,0.28,0.292329197973091,0.606288032454361
1,deployed,0.2647058823529412,0.29,0.292329197973091,0.606288032454361
1,deployed,0.2647058823529412,0.3,0.27363271011707146,0.606288032454361
1,deployed,0.2647058823529412,0.31,0.26664336886248474,0.606288032454361
1,deployed,0.2647058823529412,0.32,0.2568582911060633,0.606288032454361
1,deployed,0.2647058823529412,0.33,0.2568582911060633,0.606288032454361
1,deployed,0.2647058823529412,0.34,0.2568582911060633,0.606288032454361
1,deployed,0.2647058823529412,0.35,0.2568582911060633,0.606288032454361
1,deployed,0.2647058823529412,0.36,0.23816180325004366,0.606288032454361
1,deployed,0.2647058823529412,0.37,0.23816180325004366,0.606288032454361
1,deployed,0.2647058823529412,0.38,0.2199895159881181,0.606288032454361
1,deployed,0.2647058823529412,0.39,0.2199895159881181,0.606288032454361
1,deployed,0.2647058823529412,0.4,0.2199895159881181,0.606288032454361
1,deployed,0.2647058823529412,0.41,0.2199895159881181,0.606288032454361
1,deployed,0.2647058823529412,0.42,0.21509697710990738,0.606288032454361
1,deployed,0.2647058823529412,0.43,0.21509697710990738,0.606288032454361
1,deployed,0.2647058823529412,0.44,0.20985497116896734,0.606288032454361
1,deployed,0.2647058823529412,0.45,0.20985497116896734,0.606288032454361
1,deployed,0.2647058823529412,0.46,0.20618556701030932,0.606288032454361
1,deployed,0.2647058823529412,0.47,0.20618556701030932,0.606288032454361
1,deployed,0.2647058823529412,0.48,0.20618556701030932,0.606288032454361
1,deployed,0.2647058823529412,0.49,0.19220688450113577,0.606288032454361
1,deployed,0.2647058823529412,0.5,0.19220688450113577,0.606288032454361
1,deployed,0.2647058823529412,0.51,0.19220688450113577,0.606288032454361
1,deployed,0.2647058823529412,0.52,0.19220688450113577,0.606288032454361
1,deployed,0.2647058823529412,0.53,0.18347020793290236,0.606288032454361
1,deployed,0.2647058823529412,0.54,0.16721998951598815,0.606288032454361
1,deployed,0.2647058823529412,0.55,0.16721998951598815,0.606288032454361
1,deployed,0.2647058823529412,0.56,0.16721998951598815,0.606288032454361
1,deployed,0.2647058823529412,0.57,0.157784378822296,0.606288032454361
1,deployed,0.2647058823529412,0.58,0.157784378822296,0.606288032454361
1,deployed,0.2647058823529412,0.59,0.157784378822296,0.606288032454361
1,deployed,0.2647058823529412,0.6,0.157784378822296,0.606288032454361
1,deployed,0.2647058823529412,0.61,0.157784378822296,0.606288032454361
1,deployed,0.2647058823529412,0.62,0.15219290581862654,0.606288032454361
1,deployed,0.2647058823529412,0.63,0.15219290581862654,0.606288032454361
1,deployed,0.2647058823529412,0.64,0.14432989690721654,0.606288032454361
1,deployed,0.2647058823529412,0.65,0.14223309453084043,0.606288032454361
1,deployed,0.2647058823529412,0.66,0.14223309453084043,0.606288032454361
1,deployed,0.2647058823529412,0.67,0.13646688799580642,0.606288032454361
1,deployed,0.2647058823529412,0.68,0.13646688799580642,0.606288032454361
1,deployed,0.2647058823529412,0.69,0.1289533461471256,0.606288032454361
1,deployed,0.2647058823529412,0.7,0.1289533461471256,0.606288032454361
1,deployed,0.2647058823529412,0.71,0.1289533461471256,0.606288032454361
1,deployed,0.2647058823529412,0.72,0.11130525947929404,0.606288032454361
1,deployed,0.2647058823529412,0.73,0.11130525947929404,0.606288032454361
1,deployed,0.2647058823529412,0.74,0.10746112178927136,0.606288032454361
1,deployed,0.2647058823529412,0.75,0.10746112178927136,0.606288032454361
1,deployed,0.2647058823529412,0.76,0.10746112178927136,0.606288032454361
1,deployed,0.2647058823529412,0.77,0.10099598112877861,0.606288032454361
1,deployed,0.2647058823529412,0.78,0.0997728464092259,0.606288032454361
1,deployed,0.2647058823529412,0.79,0.0997728464092259,0.606288032454361
1,deployed,0.2647058823529412,0.8,0.0997728464092259,0.606288032454361
1,deployed,0.2647058823529412,0.81,0.09715184343875594,0.606288032454361
1,deployed,0.2647058823529412,0.82,0.09715184343875594,0.606288032454361
1,deployed,0.2647058823529412,0.83,0.0901625021841691,0.606288032454361
1,deployed,0.2647058823529412,0.84,0.0901625021841691,0.606288032454361
1,deployed,0.2647058823529412,0.85,0.0901625021841691,0.606288032454361
1,deployed,0.2647058823529412,0.86,0.0901625021841691,0.606288032454361
1,deployed,0.2647058823529412,0.87,0.08299842739821772,0.606288032454361
1,deployed,0.2647058823529412,0.88,0.07758168792591302,0.606288032454361
1,deployed,0.2647058823529412,0.89,0.07758168792591302,0.606288032454361
1,deployed,0.2647058823529412,0.9,0.07635855320636031,0.606288032454361
1,deployed,0.2647058823529412,0.906,0.07635855320636031,0.606288032454361
1,deployed,0.2647058823529412,0.91,0.07635855320636031,0.606288032454361
1,deployed,0.2647058823529412,0.92,0.07216494845360821,0.606288032454361
1,deployed,0.2647058823529412,0.93,0.0697186790145029,0.606288032454361
1,deployed,0.2647058823529412,0.94,0.06657347544993886,0.606288032454361
1,deployed,0.2647058823529412,0.95,0.06657347544993886,0.606288032454361
1,deployed,0.2647058823529412,0.96,0.06657347544993886,0.606288032454361
1,deployed,0.2647058823529412,0.97,0.06482614013629218,0.606288032454361
1,deployed,0.2647058823529412,0.98,0.05923466713262271,0.606288032454361
1,deployed,0.2647058823529412,0.99,0.05818626594443477,0.606288032454361
1,deployed,0.2647058823529412,1.0,0.05801153241307011,0.606288032454361
1,double,0.5294117647058824,0.0,1.0,0.606288032454361
1,double,0.5294117647058824,0.01,0.13297221736851306,0.606288032454361
1,double,0.5294117647058824,0.02,0.04438231696662587,0.606288032454361
1,double,0.5294117647058824,0.03,0.04438231696662587,0.606288032454361
1,double,0.5294117647058824,0.04,0.04001397868250922,0.606288032454361
1,double,0.5294117647058824,0.05,0.04001397868250922,0.606288032454361
1,double,0.5294117647058824,0.06,0.03477197274156907,0.606288032454361
1,double,0.5294117647058824,0.07,0.030228900926087765,0.606288032454361
1,double,0.5294117647058824,0.08,0.023763760265595013,0.606288032454361
1,double,0.5294117647058824,0.09,0.020618556701030966,0.606288032454361
1,double,0.5294117647058824,0.1,0.019045954918748942,0.606288032454361
1,double,0.5294117647058824,0.11,0.015027083697361499,0.606288032454361
1,double,0.5294117647058824,0.12,0.012231347195526876,0.606288032454361
1,double,0.5294117647058824,0.13,0.008212475974139433,0.606288032454361
1,double,0.5294117647058824,0.14,0.006639874191857409,0.606288032454361
1,double,0.5294117647058824,0.15,0.005766206535034124,0.606288032454361
1,double,0.5294117647058824,0.16,0.005766206535034124,0.606288032454361
1,double,0.5294117647058824,0.17,0.0020968023763759946,0.606288032454361
1,double,0.5294117647058824,0.18,0.0010484011881880528,0.606288032454361
1,double,0.5294117647058824,0.19,0.0008736676568233959,0.606288032454361
1,double,0.5294117647058824,0.2,0.0008736676568233959,0.606288032454361
1,double,0.5294117647058824,0.21,0.0008736676568233959,0.606288032454361
1,double,0.5294117647058824,0.22,0.0005242005940939709,0.606288032454361
1,double,0.5294117647058824,0.23,0.0005242005940939709,0.606288032454361
1,double,0.5294117647058824,0.24,0.0,0.606288032454361
1,double,0.5294117647058824,0.25,0.0,0.606288032454361
1,double,0.5294117647058824,0.26,0.0,0.606288032454361
1,double,0.5294117647058824,0.27,0.0,0.606288032454361
1,double,0.5294117647058824,0.28,0.0,0.606288032454361
1,double,0.5294117647058824,0.29,0.0,0.606288032454361
1,double,0.5294117647058824,0.3,0.0,0.606288032454361
1,double,0.5294117647058824,0.31,0.0,0.606288032454361
1,double,0.5294117647058824,0.32,0.0,0.606288032454361
1,double,0.5294117647058824,0.33,0.0,0.606288032454361
1,double,0.5294117647058824,0.34,0.0,0.606288032454361
1,double,0.5294117647058824,0.35,0.0,0.606288032454361
1,double,0.5294117647058824,0.36,0.0,0.606288032454361
1,double,0.5294117647058824,0.37,0.0,0.606288032454361
1,double,0.5294117647058824,0.38,0.0,0.606288032454361
1,double,0.5294117647058824,0.39,0.0,0.606288032454361
1,double,0.5294117647058824,0.4,0.0,0.606288032454361
1,double,0.5294117647058824,0.41,0.0,0.606288032454361
1,double,0.5294117647058824,0.42,0.0,0.606288032454361
1,double,0.5294117647058824,0.43,0.0,0.606288032454361
1,double,0.5294117647058824,0.44,0.0,0.606288032454361
1,double,0.5294117647058824,0.45,0.0,0.606288032454361
1,double,0.5294117647058824,0.46,0.0,0.606288032454361
1,double,0.5294117647058824,0.47,0.0,0.606288032454361
1,double,0.5294117647058824,0.48,0.0,0.606288032454361
1,double,0.5294117647058824,0.49,0.0,0.606288032454361
1,double,0.5294117647058824,0.5,0.0,0.606288032454361
1,double,0.5294117647058824,0.51,0.0,0.606288032454361
1,double,0.5294117647058824,0.52,0.0,0.606288032454361
1,double,0.5294117647058824,0.53,0.0,0.606288032454361
1,double,0.5294117647058824,0.54,0.0,0.606288032454361
1,double,0.5294117647058824,0.55,0.0,0.606288032454361
1,double,0.5294117647058824,0.56,0.0,0.606288032454361
1,double,0.5294117647058824,0.57,0.0,0.606288032454361
1,double,0.5294117647058824,0.58,0.0,0.606288032454361
1,double,0.5294117647058824,0.59,0.0,0.606288032454361
1,double,0.5294117647058824,0.6,0.0,0.606288032454361
1,double,0.5294117647058824,0.61,0.0,0.606288032454361
1,double,0.5294117647058824,0.62,0.0,0.606288032454361
1,double,0.5294117647058824,0.63,0.0,0.606288032454361
1,double,0.5294117647058824,0.64,0.0,0.606288032454361
1,double,0.5294117647058824,0.65,0.0,0.606288032454361
1,double,0.5294117647058824,0.66,0.0,0.606288032454361
1,double,0.5294117647058824,0.67,0.0,0.606288032454361
1,double,0.5294117647058824,0.68,0.0,0.606288032454361
1,double,0.5294117647058824,0.69,0.0,0.606288032454361
1,double,0.5294117647058824,0.7,0.0,0.606288032454361
1,double,0.5294117647058824,0.71,0.0,0.606288032454361
1,double,0.5294117647058824,0.72,0.0,0.606288032454361
1,double,0.5294117647058824,0.73,0.0,0.606288032454361
1,double,0.5294117647058824,0.74,0.0,0.606288032454361
1,double,0.5294117647058824,0.75,0.0,0.606288032454361
1,double,0.5294117647058824,0.76,0.0,0.606288032454361
1,double,0.5294117647058824,0.77,0.0,0.606288032454361
1,double,0.5294117647058824,0.78,0.0,0.606288032454361
1,double,0.5294117647058824,0.79,0.0,0.606288032454361
1,double,0.5294117647058824,0.8,0.0,0.606288032454361
1,double,0.5294117647058824,0.81,0.0,0.606288032454361
1,double,0.5294117647058824,0.82,0.0,0.606288032454361
1,double,0.5294117647058824,0.83,0.0,0.606288032454361
1,double,0.5294117647058824,0.84,0.0,0.606288032454361
1,double,0.5294117647058824,0.85,0.0,0.606288032454361
1,double,0.5294117647058824,0.86,0.0,0.606288032454361
1,double,0.5294117647058824,0.87,0.0,0.606288032454361
1,double,0.5294117647058824,0.88,0.0,0.606288032454361
1,double,0.5294117647058824,0.89,0.0,0.606288032454361
1,double,0.5294117647058824,0.9,0.0,0.606288032454361
1,double,0.5294117647058824,0.906,0.0,0.606288032454361
1,double,0.5294117647058824,0.91,0.0,0.606288032454361
1,double,0.5294117647058824,0.92,0.0,0.606288032454361
1,double,0.5294117647058824,0.93,0.0,0.606288032454361
1,double,0.5294117647058824,0.94,0.0,0.606288032454361
1,double,0.5294117647058824,0.95,0.0,0.606288032454361
1,double,0.5294117647058824,0.96,0.0,0.606288032454361
1,double,0.5294117647058824,0.97,0.0,0.606288032454361
1,double,0.5294117647058824,0.98,0.0,0.606288032454361
1,double,0.5294117647058824,0.99,0.0,0.606288032454361
1,double,0.5294117647058824,1.0,0.0,0.606288032454361
1,vn-only,0.6281947261663287,0.0,0.5947929407653328,0.606288032454361
1,vn-only,0.6281947261663287,0.01,0.02935523326926437,0.606288032454361
1,vn-only,0.6281947261663287,0.02,0.0005242005940939709,0.606288032454361
1,vn-only,0.6281947261663287,0.03,0.0005242005940939709,0.606288032454361
1,vn-only,0.6281947261663287,0.04,0.0,0.606288032454361
1,vn-only,0.6281947261663287,0.05,0.0,0.606288032454361
1,vn-only,0.6281947261663287,0.06,0.0,0.606288032454361
1,vn-only,0.6281947261663287,0.07,0.0,0.606288032454361
1,vn-only,0.6281947261663287,0.08,0.0,0.606288032454361
1,vn-only,0.6281947261663287,0.09,0.0,0.606288032454361
1,vn-only,0.6281947261663287,0.1,0.0,0.606288032454361
1,vn-only,0.6281947261663287,0.11,0.0,0.606288032454361
1,vn-only,0.6281947261663287,0.12,0.0,0.606288032454361
1,vn-only,0.6281947261663287,0.13,0.0,0.606288032454361
1,vn-only,0.6281947261663287,0.14,0.0,0.606288032454361
1,vn-only,0.6281947261663287,0.15,0.0,0.606288032454361
1,vn-only,0.6281947261663287,0.16,0.0,0.606288032454361
1,vn-only,0.6281947261663287,0.17,0.0,0.606288032454361
1,vn-only,0.6281947261663287,0.18,0.0,0.606288032454361
1,vn-only,0.6281947261663287,0.19,0.0,0.606288032454361
1,vn-only,0.6281947261663287,0.2,0.0,0.606288032454361
1,vn-only,0.6281947261663287,0.21,0.0,0.606288032454361
1,vn-only,0.6281947261663287,0.22,0.0,0.606288032454361
1,vn-only,0.6281947261663287,0.23,0.0,0.606288032454361
1,vn-only,0.6281947261663287,0.24,0.0,0.606288032454361
1,vn-only,0.6281947261663287,0.25,0.0,0.606288032454361
1,vn-only,0.6281947261663287,0.26,0.0,0.606288032454361
1,vn-only,0.6281947261663287,0.27,0.0,0.606288032454361
1,vn-only,0.6281947261663287,0.28,0.0,0.606288032454361
1,vn-only,0.6281947261663287,0.29,0.0,0.606288032454361
1,vn-only,0.6281947261663287,0.3,0.0,0.606288032454361
1,vn-only,0.6281947261663287,0.31,0.0,0.606288032454361
1,vn-only,0.6281947261663287,0.32,0.0,0.606288032454361
1,vn-only,0.6281947261663287,0.33,0.0,0.606288032454361
1,vn-only,0.6281947261663287,0.34,0.0,0.606288032454361
1,vn-only,0.6281947261663287,0.35,0.0,0.606288032454361
1,vn-only,0.6281947261663287,0.36,0.0,0.606288032454361
1,vn-only,0.6281947261663287,0.37,0.0,0.606288032454361
1,vn-only,0.6281947261663287,0.38,0.0,0.606288032454361
1,vn-only,0.6281947261663287,0.39,0.0,0.606288032454361
1,vn-only,0.6281947261663287,0.4,0.0,0.606288032454361
1,vn-only,0.6281947261663287,0.41,0.0,0.606288032454361
1,vn-only,0.6281947261663287,0.42,0.0,0.606288032454361
1,vn-only,0.6281947261663287,0.43,0.0,0.606288032454361
1,vn-only,0.6281947261663287,0.44,0.0,0.606288032454361
1,vn-only,0.6281947261663287,0.45,0.0,0.606288032454361
1,vn-only,0.6281947261663287,0.46,0.0,0.606288032454361
1,vn-only,0.6281947261663287,0.47,0.0,0.606288032454361
1,vn-only,0.6281947261663287,0.48,0.0,0.606288032454361
1,vn-only,0.6281947261663287,0.49,0.0,0.606288032454361
1,vn-only,0.6281947261663287,0.5,0.0,0.606288032454361
1,vn-only,0.6281947261663287,0.51,0.0,0.606288032454361
1,vn-only,0.6281947261663287,0.52,0.0,0.606288032454361
1,vn-only,0.6281947261663287,0.53,0.0,0.606288032454361
1,vn-only,0.6281947261663287,0.54,0.0,0.606288032454361
1,vn-only,0.6281947261663287,0.55,0.0,0.606288032454361
1,vn-only,0.6281947261663287,0.56,0.0,0.606288032454361
1,vn-only,0.6281947261663287,0.57,0.0,0.606288032454361
1,vn-only,0.6281947261663287,0.58,0.0,0.606288032454361
1,vn-only,0.6281947261663287,0.59,0.0,0.606288032454361
1,vn-only,0.6281947261663287,0.6,0.0,0.606288032454361
1,vn-only,0.6281947261663287,0.61,0.0,0.606288032454361
1,vn-only,0.6281947261663287,0.62,0.0,0.606288032454361
1,vn-only,0.6281947261663287,0.63,0.0,0.606288032454361
1,vn-only,0.6281947261663287,0.64,0.0,0.606288032454361
1,vn-only,0.6281947261663287,0.65,0.0,0.606288032454361
1,vn-only,0.6281947261663287,0.66,0.0,0.606288032454361
1,vn-only,0.6281947261663287,0.67,0.0,0.606288032454361
1,vn-only,0.6281947261663287,0.68,0.0,0.606288032454361
1,vn-only,0.6281947261663287,0.69,0.0,0.606288032454361
1,vn-only,0.6281947261663287,0.7,0.0,0.606288032454361
1,vn-only,0.6281947261663287,0.71,0.0,0.606288032454361
1,vn-only,0.6281947261663287,0.72,0.0,0.606288032454361
1,vn-only,0.6281947261663287,0.73,0.0,0.606288032454361
1,vn-only,0.6281947261663287,0.74,0.0,0.606288032454361
1,vn-only,0.6281947261663287,0.75,0.0,0.606288032454361
1,vn-only,0.6281947261663287,0.76,0.0,0.606288032454361
1,vn-only,0.6281947261663287,0.77,0.0,0.606288032454361
1,vn-only,0.6281947261663287,0.78,0.0,0.606288032454361
1,vn-only,0.6281947261663287,0.79,0.0,0.606288032454361
1,vn-only,0.6281947261663287,0.8,0.0,0.606288032454361
1,vn-only,0.6281947261663287,0.81,0.0,0.606288032454361
1,vn-only,0.6281947261663287,0.82,0.0,0.606288032454361
1,vn-only,0.6281947261663287,0.83,0.0,0.606288032454361
1,vn-only,0.6281947261663287,0.84,0.0,0.606288032454361
1,vn-only,0.6281947261663287,0.85,0.0,0.606288032454361
1,vn-only,0.6281947261663287,0.86,0.0,0.606288032454361
1,vn-only,0.6281947261663287,0.87,0.0,0.606288032454361
1,vn-only,0.6281947261663287,0.88,0.0,0.606288032454361
1,vn-only,0.6281947261663287,0.89,0.0,0.606288032454361
1,vn-only,0.6281947261663287,0.9,0.0,0.606288032454361
1,vn-only,0.6281947261663287,0.906,0.0,0.606288032454361
1,vn-only,0.6281947261663287,0.91,0.0,0.606288032454361
1,vn-only,0.6281947261663287,0.92,0.0,0.606288032454361
1,vn-only,0.6281947261663287,0.93,0.0,0.606288032454361
1,vn-only,0.6281947261663287,0.94,0.0,0.606288032454361
1,vn-only,0.6281947261663287,0.95,0.0,0.606288032454361
1,vn-only,0.6281947261663287,0.96,0.0,0.606288032454361
1,vn-only,0.6281947261663287,0.97,0.0,0.606288032454361
1,vn-only,0.6281947261663287,0.98,0.0,0.606288032454361
1,vn-only,0.6281947261663287,0.99,0.0,0.606288032454361
1,vn-only,0.6281947261663287,1.0,0.0,0.606288032454361
2,half,0.12821822639967306,0.0,1.0,0.6074785451573355
2,half,0.12821822639967306,0.01,1.0,0.6074785451573355
2,half,0.12821822639967306,0.02,1.0,0.6074785451573355
2,half,0.12821822639967306,0.03,1.0,0.6074785451573355
2,half,0.12821822639967306,0.04,1.0,0.6074785451573355
2,half,0.12821822639967306,0.05,1.0,0.6074785451573355
2,half,0.12821822639967306,0.06,1.0,0.6074785451573355
2,half,0.12821822639967306,0.07,1.0,0.6074785451573355
2,half,0.12821822639967306,0.08,1.0,0.6074785451573355
2,half,0.12821822639967306,0.09,1.0,0.6074785451573355
2,half,0.12821822639967306,0.1,1.0,0.6074785451573355
2,half,0.12821822639967306,0.11,1.0,0.6074785451573355
2,half,0.12821822639967306,0.12,1.0,0.6074785451573355
2,half,0.12821822639967306,0.13,1.0,0.6074785451573355
2,half,0.12821822639967306,0.14,1.0,0.6074785451573355
2,half,0.12821822639967306,0.15,1.0,0.6074785451573355
2,half,0.12821822639967306,0.16,1.0,0.6074785451573355
2,half,0.12821822639967306,0.17,1.0,0.6074785451573355
2,half,0.12821822639967306,0.18,1.0,0.6074785451573355
2,half,0.12821822639967306,0.19,1.0,0.6074785451573355
2,half,0.12821822639967306,0.2,1.0,0.6074785451573355
2,half,0.12821822639967306,0.21,1.0,0.6074785451573355
2,half,0.12821822639967306,0.22,1.0,0.6074785451573355
2,half,0.12821822639967306,0.23,1.0,0.6074785451573355
2,half,0.12821822639967306,0.24,1.0,0.6074785451573355
2,half,0.12821822639967306,0.25,0.9502009435610693,0.6074785451573355
2,half,0.12821822639967306,0.26,0.8768128603879084,0.6074785451573355
2,half,0.12821822639967306,0.27,0.8425650882404333,0.6074785451573355
2,half,0.12821822639967306,0.28,0.8425650882404333,0.6074785451573355
2,half,0.12821822639967306,0.29,0.8004543071815482,0.6074785451573355
2,half,0.12821822639967306,0.3,0.8004543071815482,0.6074785451573355
2,half,0.12821822639967306,0.31,0.8004543071815482,0.6074785451573355
2,half,0.12821822639967306,0.32,0.7155338109383191,0.6074785451573355
2,half,0.12821822639967306,0.33,0.613139961558623,0.6074785451573355
2,half,0.12821822639967306,0.34,0.5947929407653328,0.6074785451573355
2,half,0.12821822639967306,0.35,0.5947929407653328,0.6074785451573355
2,half,0.12821822639967306,0.36,0.5947929407653328,0.6074785451573355
2,half,0.12821822639967306,0.37,0.5947929407653328,0.6074785451573355
2,half,0.12821822639967306,0.38,0.5636903721824218,0.6074785451573355
2,half,0.12821822639967306,0.39,0.5544294950200943,0.6074785451573355
2,half,0.12821822639967306,0.4,0.5177354534335139,0.6074785451573355
2,half,0.12821822639967306,0.41,0.5117945133671151,0.6074785451573355
2,half,0.12821822639967306,0.42,0.5117945133671151,0.6074785451573355
2,half,0.12821822639967306,0.43,0.5070767080202692,0.6074785451573355
2,half,0.12821822639967306,0.44,0.46374279224183124,0.6074785451573355
2,half,0.12821822639967306,0.45,0.4550061156735977,0.6074785451573355
2,half,0.12821822639967306,0.46,0.45203564564039844,0.6074785451573355
2,half,0.12821822639967306,0.47,0.43526122662939015,0.6074785451573355
2,half,0.12821822639967306,0.48,0.43526122662939015,0.6074785451573355
2,half,0.12821822639967306,0.49,0.42774768478070946,0.6074785451573355
2,half,0.12821822639967306,0.5,0.42774768478070946,0.6074785451573355
2,half,0.12821822639967306,0.51,0.42442774768478075,0.6074785451573355
2,half,0.12821822639967306,0.52,0.418486807618382,0.6074785451573355
2,half,0.12821822639967306,0.53,0.4025860562641971,0.6074785451573355
2,half,0.12821822639967306,0.54,0.4025860562641971,0.6074785451573355
2,half,0.12821822639967306,0.55,0.3879084396295649,0.6074785451573355
2,half,0.12821822639967306,0.56,0.3879084396295649,0.6074785451573355
2,half,0.12821822639967306,0.57,0.3879084396295649,0.6074785451573355
2,half,0.12821822639967306,0.58,0.3879084396295649,0.6074785451573355
2,half,0.12821822639967306,0.59,0.3879084396295649,0.6074785451573355
2,half,0.12821822639967306,0.6,0.37969596365542546,0.6074785451573355
2,half,0.12821822639967306,0.61,0.37969596365542546,0.6074785451573355
2,half,0.12821822639967306,0.62,0.37969596365542546,0.6074785451573355
2,half,0.12821822639967306,0.63,0.37305608946356805,0.6074785451573355
2,half,0.12821822639967306,0.64,0.368338284116722,0.6074785451573355
2,half,0.12821822639967306,0.65,0.36134894286213526,0.6074785451573355
2,half,0.12821822639967306,0.66,0.36134894286213526,0.6074785451573355
2,half,0.12821822639967306,0.67,0.3527869998252665,0.6074785451573355
2,half,0.12821822639967306,0.68,0.3527869998252665,0.6074785451573355
2,half,0.12821822639967306,0.69,0.34387558972566834,0.6074785451573355
2,half,0.12821822639967306,0.7,0.34177878734929235,0.6074785451573355
2,half,0.12821822639967306,0.71,0.34177878734929235,0.6074785451573355
2,half,0.12821822639967306,0.72,0.3365367814083523,0.6074785451573355
2,half,0.12821822639967306,0.73,0.3365367814083523,0.6074785451573355
2,half,0.12821822639967306,0.74,0.3365367814083523,0.6074785451573355
2,half,0.12821822639967306,0.75,0.33129477546741215,0.6074785451573355
2,half,0.12821822639967306,0.76,0.3274506377773895,0.6074785451573355
2,half,0.12821822639967306,0.77,0.32465490127555474,0.6074785451573355
2,half,0.12821822639967306,0.78,0.32465490127555474,0.6074785451573355
2,half,0.12821822639967306,0.79,0.32465490127555474,0.6074785451573355
2,half,0.12821822639967306,0.8,0.3244801677441901,0.6074785451573355
2,half,0.12821822639967306,0.81,0.3244801677441901,0.6074785451573355
2,half,0.12821822639967306,0.82,0.3244801677441901,0.6074785451573355
2,half,0.12821822639967306,0.83,0.31661715883277997,0.6074785451573355
2,half,0.12821822639967306,0.84,0.31661715883277997,0.6074785451573355
2,half,0.12821822639967306,0.85,0.3157434911759567,0.6074785451573355
2,half,0.12821822639967306,0.86,0.31120041936047527,0.6074785451573355
2,half,0.12821822639967306,0.87,0.31120041936047527,0.6074785451573355
2,half,0.12821822639967306,0.88,0.30665734754499385,0.6074785451573355
2,half,0.12821822639967306,0.89,0.30665734754499385,0.6074785451573355
2,half,0.12821822639967306,0.9,0.3056089463568059,0.6074785451573355
2,half,0.12821822639967306,0.906,0.3056089463568059,0.6074785451573355
2,half,0.12821822639967306,0.91,0.3056089463568059,0.6074785451573355
2,half,0.12821822639967306,0.92,0.3001922068845011,0.6074785451573355
2,half,0.12821822639967306,0.93,0.2984448715708544,0.6074785451573355
2,half,0.12821822639967306,0.94,0.29792067097676045,0.6074785451573355
2,half,0.12821822639967306,0.95,0.29704700331993705,0.6074785451573355
2,half,0.12821822639967306,0.96,0.2963480691944784,0.6074785451573355
2,half,0.12821822639967306,0.97,0.2863882579066923,0.6074785451573355
2,half,0.12821822639967306,0.98,0.2863882579066923,0.6074785451573355
2,half,0.12821822639967306,0.99,0.2863882579066923,0.6074785451573355
2,half,0.12821822639967306,1.0,0.2863882579066923,0.6074785451573355
2,deployed,0.2564364527993461,0.0,1.0,0.6074785451573355
2,deployed,0.2564364527993461,0.01,1.0,0.6074785451573355
2,deployed,0.2564364527993461,0.02,0.5888520006989342,0.6074785451573355
2,deployed,0.2564364527993461,0.03,0.5238511270312773,0.6074785451573355
2,deployed,0.2564364527993461,0.04,0.49467062729337763,0.6074785451573355
2,deployed,0.2564364527993461,0.05,0.49467062729337763,0.6074785451573355
2,deployed,0.2564364527993461,0.06,0.43526122662939015,0.6074785451573355
2,deployed,0.2564364527993461,0.07,0.4300192206884501,0.6074785451573355
2,deployed,0.2564364527993461,0.08,0.42442774768478075,0.6074785451573355
2,deployed,0.2564364527993461,0.09,0.4233793464965927,0.6074785451573355
2,deployed,0.2564364527993461,0.1,0.41394373580290056,0.6074785451573355
2,deployed,0.2564364527993461,0.11,0.4025860562641971,0.6074785451573355
2,deployed,0.2564364527993461,0.12,0.4025860562641971,0.6074785451573355
2,deployed,0.2564364527993461,0.13,0.37305608946356805,0.6074785451573355
2,deployed,0.2564364527993461,0.14,0.37305608946356805,0.6074785451573355
2,deployed,0.2564364527993461,0.15,0.3587279398916652,0.6074785451573355
2,deployed,0.2564364527993461,0.16,0.3527869998252665,0.6074785451573355
2,deployed,0.2564364527993461,0.17,0.3274506377773895,0.6074785451573355
2,deployed,0.2564364527993461,0.18,0.31871396120915607,0.6074785451573355
2,deployed,0.2564364527993461,0.19,0.30665734754499385,0.6074785451573355
2,deployed,0.2564364527993461,0.2,0.3056089463568059,0.6074785451573355
2,deployed,0.2564364527993461,0.21,0.2994932727590425,0.6074785451573355
2,deployed,0.2564364527993461,0.22,0.2994932727590425,0.6074785451573355
2,deployed,0.2564364527993461,0.23,0.29792067097676045,0.6074785451573355
2,deployed,0.2564364527993461,0.24,0.29617333566311377,0.6074785451573355
2,deployed,0.2564364527993461,0.25,0.284466189061681,0.6074785451573355
2,deployed,0.2564364527993461,0.26,0.2839419884675869,0.6074785451573355
2,deployed,0.2564364527993461,0.27,0.2839419884675869,0.6074785451573355
2,deployed,0.2564364527993461,0.28,0.2839419884675869,0.6074785451573355
2,deployed,0.2564364527993461,0.29,0.26734230298794337,0.6074785451573355
2,deployed,0.2564364527993461,0.3,0.26734230298794337,0.6074785451573355
2,deployed,0.2564364527993461,0.31,0.26734230298794337,0.6074785451573355
2,deployed,0.2564364527993461,0.32,0.2472479468810065,0.6074785451573355
2,deployed,0.2564364527993461,0.33,0.2316966625895509,0.6074785451573355
2,deployed,0.2564364527993461,0.34,0.2316966625895509,0.6074785451573355
2,deployed,0.2564364527993461,0.35,0.2316966625895509,0.6074785451573355
2,deployed,0.2564364527993461,0.36,0.2316966625895509,0.6074785451573355
2,deployed,0.2564364527993461,0.37,0.2316966625895509,0.6074785451573355
2,deployed,0.2564364527993461,0.38,0.2208631836449415,0.6074785451573355
2,deployed,0.2564364527993461,0.39,0.21701904595491872,0.6074785451573355
2,deployed,0.2564364527993461,0.4,0.20531189935348593,0.6074785451573355
2,deployed,0.2564364527993461,0.41,0.20531189935348593,0.6074785451573355
2,deployed,0.2564364527993461,0.42,0.20531189935348593,0.6074785451573355
2,deployed,0.2564364527993461,0.43,0.20531189935348593,0.6074785451573355
2,deployed,0.2564364527993461,0.44,0.187838546217019,0.6074785451573355
2,deployed,0.2564364527993461,0.45,0.187838546217019,0.6074785451573355
2,deployed,0.2564364527993461,0.46,0.187838546217019,0.6074785451573355
2,deployed,0.2564364527993461,0.47,0.17735453433513892,0.6074785451573355
2,deployed,0.2564364527993461,0.48,0.17735453433513892,0.6074785451573355
2,deployed,0.2564364527993461,0.49,0.17176306133146946,0.6074785451573355
2,deployed,0.2564364527993461,0.5,0.17176306133146946,0.6074785451573355
2,deployed,0.2564364527993461,0.51,0.17176306133146946,0.6074785451573355
2,deployed,0.2564364527993461,0.52,0.17176306133146946,0.6074785451573355
2,deployed,0.2564364527993461,0.53,0.15009610344225055,0.6074785451573355
2,deployed,0.2564364527993461,0.54,0.15009610344225055,0.6074785451573355
2,deployed,0.2564364527993461,0.55,0.14537829809540448,0.6074785451573355
2,deployed,0.2564364527993461,0.56,0.14537829809540448,0.6074785451573355
2,deployed,0.2564364527993461,0.57,0.14537829809540448,0.6074785451573355
2,deployed,0.2564364527993461,0.58,0.14537829809540448,0.6074785451573355
2,deployed,0.2564364527993461,0.59,0.14537829809540448,0.6074785451573355
2,deployed,0.2564364527993461,0.6,0.13646688799580642,0.6074785451573355
2,deployed,0.2564364527993461,0.61,0.1352437532762537,0.6074785451573355
2,deployed,0.2564364527993461,0.62,0.1352437532762537,0.6074785451573355
2,deployed,0.2564364527993461,0.63,0.12965228027258435,0.6074785451573355
2,deployed,0.2564364527993461,0.64,0.12668181023938496,0.6074785451573355
2,deployed,0.2564364527993461,0.65,0.12213873842390355,0.6074785451573355
2,deployed,0.2564364527993461,0.66,0.12213873842390355,0.6074785451573355
2,deployed,0.2564364527993461,0.67,0.10816005591472999,0.6074785451573355
2,deployed,0.2564364527993461,0.68,0.10816005591472999,0.6074785451573355
2,deployed,0.2564364527993461,0.69,0.10326751703651926,0.6074785451573355
2,deployed,0.2564364527993461,0.7,0.10326751703651926,0.6074785451573355
2,deployed,0.2564364527993461,0.71,0.0976760440328499,0.6074785451573355
2,deployed,0.2564364527993461,0.72,0.0976760440328499,0.6074785451573355
2,deployed,0.2564364527993461,0.73,0.0976760440328499,0.6074785451573355
2,deployed,0.2564364527993461,0.74,0.0976760440328499,0.6074785451573355
2,deployed,0.2564364527993461,0.75,0.09330770574873315,0.6074785451573355
2,deployed,0.2564364527993461,0.76,0.08963830159007513,0.6074785451573355
2,deployed,0.2564364527993461,0.77,0.08544469683732303,0.6074785451573355
2,deployed,0.2564364527993461,0.78,0.08544469683732303,0.6074785451573355
2,deployed,0.2564364527993461,0.79,0.08544469683732303,0.6074785451573355
2,deployed,0.2564364527993461,0.8,0.08544469683732303,0.6074785451573355
2,deployed,0.2564364527993461,0.81,0.08544469683732303,0.6074785451573355
2,deployed,0.2564364527993461,0.82,0.08544469683732303,0.6074785451573355
2,deployed,0.2564364527993461,0.83,0.08544469683732303,0.6074785451573355
2,deployed,0.2564364527993461,0.84,0.08544469683732303,0.6074785451573355
2,deployed,0.2564364527993461,0.85,0.0772322208631836,0.6074785451573355
2,deployed,0.2564364527993461,0.86,0.07408701729861955,0.6074785451573355
2,deployed,0.2564364527993461,0.87,0.07408701729861955,0.6074785451573355
2,deployed,0.2564364527993461,0.88,0.07251441551633764,0.6074785451573355
2,deployed,0.2564364527993461,0.89,0.07251441551633764,0.6074785451573355
2,deployed,0.2564364527993461,0.9,0.07111654726542027,0.6074785451573355
2,deployed,0.2564364527993461,0.906,0.06936921195177359,0.6074785451573355
2,deployed,0.2564364527993461,0.91,0.06936921195177359,0.6074785451573355
2,deployed,0.2564364527993461,0.92,0.06762187663812691,0.6074785451573355
2,deployed,0.2564364527993461,0.93,0.06622400838720954,0.6074785451573355
2,deployed,0.2564364527993461,0.94,0.06569980779311546,0.6074785451573355
2,deployed,0.2564364527993461,0.95,0.06569980779311546,0.6074785451573355
2,deployed,0.2564364527993461,0.96,0.06569980779311546,0.6074785451573355
2,deployed,0.2564364527993461,0.97,0.06255460422855141,0.6074785451573355
2,deployed,0.2564364527993461,0.98,0.06255460422855141,0.6074785451573355
2,deployed,0.2564364527993461,0.99,0.06255460422855141,0.6074785451573355
2,deployed,0.2564364527993461,1.0,0.06255460422855141,0.6074785451573355
2,double,0.5128729055986923,0.0,1.0,0.6074785451573355
2,double,0.5128729055986923,0.01,0.765158133845885,0.6074785451573355
2,double,0.5128729055986923,0.02,0.041586580464791245,0.6074785451573355
2,double,0.5128729055986923,0.03,0.03599510746112178,0.6074785451573355
2,double,0.5128729055986923,0.04,0.03477197274156907,0.6074785451573355
2,double,0.5128729055986923,0.05,0.03477197274156907,0.6074785451573355
2,double,0.5128729055986923,0.06,0.026734230298794293,0.6074785451573355
2,double,0.5128729055986923,0.07,0.025511095579241694,0.6074785451573355
2,double,0.5128729055986923,0.08,0.022890092608771617,0.6074785451573355
2,double,0.5128729055986923,0.09,0.022890092608771617,0.6074785451573355
2,double,0.5128729055986923,0.1,0.021666957889218907,0.6074785451573355
2,double,0.5128729055986923,0.11,0.01852175432465486,0.6074785451573355
2,double,0.5128729055986923,0.12,0.01852175432465486,0.6074785451573355
2,double,0.5128729055986923,0.13,0.012056613664162108,0.6074785451573355
2,double,0.5128729055986923,0.14,0.012056613664162108,0.6074785451573355
2,double,0.5128729055986923,0.15,0.005940940066398781,0.6074785451573355
2,double,0.5128729055986923,0.16,0.005940940066398781,0.6074785451573355
2,double,0.5128729055986923,0.17,0.0022715359077406516,0.6074785451573355
2,double,0.5128729055986923,0.18,0.0008736676568233959,0.6074785451573355
2,double,0.5128729055986923,0.19,0.0006989341254586279,0.6074785451573355
2,double,0.5128729055986923,0.2,0.0006989341254586279,0.6074785451573355
2,double,0.5128729055986923,0.21,0.0006989341254586279,0.6074785451573355
2,double,0.5128729055986923,0.22,0.0006989341254586279,0.6074785451573355
2,double,0.5128729055986923,0.23,0.0005242005940939709,0.6074785451573355
2,double,0.5128729055986923,0.24,0.00034946706272931394,0.6074785451573355
2,double,0.5128729055986923,0.25,0.0,0.6074785451573355
2,double,0.5128729055986923,0.26,0.0,0.6074785451573355
2,double,0.5128729055986923,0.27,0.0,0.6074785451573355
2,double,0.5128729055986923,0.28,0.0,0.6074785451573355
2,double,0.5128729055986923,0.29,0.0,0.6074785451573355
2,double,0.5128729055986923,0.3,0.0,0.6074785451573355
2,double,0.5128729055986923,0.31,0.0,0.6074785451573355
2,double,0.5128729055986923,0.32,0.0,0.6074785451573355
2,double,0.5128729055986923,0.33,0.0,0.6074785451573355
2,double,0.5128729055986923,0.34,0.0,0.6074785451573355
2,double,0.5128729055986923,0.35,0.0,0.6074785451573355
2,double,0.5128729055986923,0.36,0.0,0.6074785451573355
2,double,0.5128729055986923,0.37,0.0,0.6074785451573355
2,double,0.5128729055986923,0.38,0.0,0.6074785451573355
2,double,0.5128729055986923,0.39,0.0,0.6074785451573355
2,double,0.5128729055986923,0.4,0.0,0.6074785451573355
2,double,0.5128729055986923,0.41,0.0,0.6074785451573355
2,double,0.5128729055986923,0.42,0.0,0.6074785451573355
2,double,0.5128729055986923,0.43,0.0,0.6074785451573355
2,double,0.5128729055986923,0.44,0.0,0.6074785451573355
2,double,0.5128729055986923,0.45,0.0,0.6074785451573355
2,double,0.5128729055986923,0.46,0.0,0.6074785451573355
2,double,0.5128729055986923,0.47,0.0,0.6074785451573355
2,double,0.5128729055986923,0.48,0.0,0.6074785451573355
2,double,0.5128729055986923,0.49,0.0,0.6074785451573355
2,double,0.5128729055986923,0.5,0.0,0.6074785451573355
2,double,0.5128729055986923,0.51,0.0,0.6074785451573355
2,double,0.5128729055986923,0.52,0.0,0.6074785451573355
2,double,0.5128729055986923,0.53,0.0,0.6074785451573355
2,double,0.5128729055986923,0.54,0.0,0.6074785451573355
2,double,0.5128729055986923,0.55,0.0,0.6074785451573355
2,double,0.5128729055986923,0.56,0.0,0.6074785451573355
2,double,0.5128729055986923,0.57,0.0,0.6074785451573355
2,double,0.5128729055986923,0.58,0.0,0.6074785451573355
2,double,0.5128729055986923,0.59,0.0,0.6074785451573355
2,double,0.5128729055986923,0.6,0.0,0.6074785451573355
2,double,0.5128729055986923,0.61,0.0,0.6074785451573355
2,double,0.5128729055986923,0.62,0.0,0.6074785451573355
2,double,0.5128729055986923,0.63,0.0,0.6074785451573355
2,double,0.5128729055986923,0.64,0.0,0.6074785451573355
2,double,0.5128729055986923,0.65,0.0,0.6074785451573355
2,double,0.5128729055986923,0.66,0.0,0.6074785451573355
2,double,0.5128729055986923,0.67,0.0,0.6074785451573355
2,double,0.5128729055986923,0.68,0.0,0.6074785451573355
2,double,0.5128729055986923,0.69,0.0,0.6074785451573355
2,double,0.5128729055986923,0.7,0.0,0.6074785451573355
2,double,0.5128729055986923,0.71,0.0,0.6074785451573355
2,double,0.5128729055986923,0.72,0.0,0.6074785451573355
2,double,0.5128729055986923,0.73,0.0,0.6074785451573355
2,double,0.5128729055986923,0.74,0.0,0.6074785451573355
2,double,0.5128729055986923,0.75,0.0,0.6074785451573355
2,double,0.5128729055986923,0.76,0.0,0.6074785451573355
2,double,0.5128729055986923,0.77,0.0,0.6074785451573355
2,double,0.5128729055986923,0.78,0.0,0.6074785451573355
2,double,0.5128729055986923,0.79,0.0,0.6074785451573355
2,double,0.5128729055986923,0.8,0.0,0.6074785451573355
2,double,0.5128729055986923,0.81,0.0,0.6074785451573355
2,double,0.5128729055986923,0.82,0.0,0.6074785451573355
2,double,0.5128729055986923,0.83,0.0,0.6074785451573355
2,double,0.5128729055986923,0.84,0.0,0.6074785451573355
2,double,0.5128729055986923,0.85,0.0,0.6074785451573355
2,double,0.5128729055986923,0.86,0.0,0.6074785451573355
2,double,0.5128729055986923,0.87,0.0,0.6074785451573355
2,double,0.5128729055986923,0.88,0.0,0.6074785451573355
2,double,0.5128729055986923,0.89,0.0,0.6074785451573355
2,double,0.5128729055986923,0.9,0.0,0.6074785451573355
2,double,0.5128729055986923,0.906,0.0,0.6074785451573355
2,double,0.5128729055986923,0.91,0.0,0.6074785451573355
2,double,0.5128729055986923,0.92,0.0,0.6074785451573355
2,double,0.5128729055986923,0.93,0.0,0.6074785451573355
2,double,0.5128729055986923,0.94,0.0,0.6074785451573355
2,double,0.5128729055986923,0.95,0.0,0.6074785451573355
2,double,0.5128729055986923,0.96,0.0,0.6074785451573355
2,double,0.5128729055986923,0.97,0.0,0.6074785451573355
2,double,0.5128729055986923,0.98,0.0,0.6074785451573355
2,double,0.5128729055986923,0.99,0.0,0.6074785451573355
2,double,0.5128729055986923,1.0,0.0,0.6074785451573355
2,vn-only,0.625051082958725,0.0,0.4647911934300192,0.6074785451573355
2,vn-only,0.625051082958725,0.01,0.29617333566311377,0.6074785451573355
2,vn-only,0.625051082958725,0.02,0.0,0.6074785451573355
2,vn-only,0.625051082958725,0.03,0.0,0.6074785451573355
2,vn-only,0.625051082958725,0.04,0.0,0.6074785451573355
2,vn-only,0.625051082958725,0.05,0.0,0.6074785451573355
2,vn-only,0.625051082958725,0.06,0.0,0.6074785451573355
2,vn-only,0.625051082958725,0.07,0.0,0.6074785451573355
2,vn-only,0.625051082958725,0.08,0.0,0.6074785451573355
2,vn-only,0.625051082958725,0.09,0.0,0.6074785451573355
2,vn-only,0.625051082958725,0.1,0.0,0.6074785451573355
2,vn-only,0.625051082958725,0.11,0.0,0.6074785451573355
2,vn-only,0.625051082958725,0.12,0.0,0.6074785451573355
2,vn-only,0.625051082958725,0.13,0.0,0.6074785451573355
2,vn-only,0.625051082958725,0.14,0.0,0.6074785451573355
2,vn-only,0.625051082958725,0.15,0.0,0.6074785451573355
2,vn-only,0.625051082958725,0.16,0.0,0.6074785451573355
2,vn-only,0.625051082958725,0.17,0.0,0.6074785451573355
2,vn-only,0.625051082958725,0.18,0.0,0.6074785451573355
2,vn-only,0.625051082958725,0.19,0.0,0.6074785451573355
2,vn-only,0.625051082958725,0.2,0.0,0.6074785451573355
2,vn-only,0.625051082958725,0.21,0.0,0.6074785451573355
2,vn-only,0.625051082958725,0.22,0.0,0.6074785451573355
2,vn-only,0.625051082958725,0.23,0.0,0.6074785451573355
2,vn-only,0.625051082958725,0.24,0.0,0.6074785451573355
2,vn-only,0.625051082958725,0.25,0.0,0.6074785451573355
2,vn-only,0.625051082958725,0.26,0.0,0.6074785451573355
2,vn-only,0.625051082958725,0.27,0.0,0.6074785451573355
2,vn-only,0.625051082958725,0.28,0.0,0.6074785451573355
2,vn-only,0.625051082958725,0.29,0.0,0.6074785451573355
2,vn-only,0.625051082958725,0.3,0.0,0.6074785451573355
2,vn-only,0.625051082958725,0.31,0.0,0.6074785451573355
2,vn-only,0.625051082958725,0.32,0.0,0.6074785451573355
2,vn-only,0.625051082958725,0.33,0.0,0.6074785451573355
2,vn-only,0.625051082958725,0.34,0.0,0.6074785451573355
2,vn-only,0.625051082958725,0.35,0.0,0.6074785451573355
2,vn-only,0.625051082958725,0.36,0.0,0.6074785451573355
2,vn-only,0.625051082958725,0.37,0.0,0.6074785451573355
2,vn-only,0.625051082958725,0.38,0.0,0.6074785451573355
2,vn-only,0.625051082958725,0.39,0.0,0.6074785451573355
2,vn-only,0.625051082958725,0.4,0.0,0.6074785451573355
2,vn-only,0.625051082958725,0.41,0.0,0.6074785451573355
2,vn-only,0.625051082958725,0.42,0.0,0.6074785451573355
2,vn-only,0.625051082958725,0.43,0.0,0.6074785451573355
2,vn-only,0.625051082958725,0.44,0.0,0.6074785451573355
2,vn-only,0.625051082958725,0.45,0.0,0.6074785451573355
2,vn-only,0.625051082958725,0.46,0.0,0.6074785451573355
2,vn-only,0.625051082958725,0.47,0.0,0.6074785451573355
2,vn-only,0.625051082958725,0.48,0.0,0.6074785451573355
2,vn-only,0.625051082958725,0.49,0.0,0.6074785451573355
2,vn-only,0.625051082958725,0.5,0.0,0.6074785451573355
2,vn-only,0.625051082958725,0.51,0.0,0.6074785451573355
2,vn-only,0.625051082958725,0.52,0.0,0.6074785451573355
2,vn-only,0.625051082958725,0.53,0.0,0.6074785451573355
2,vn-only,0.625051082958725,0.54,0.0,0.6074785451573355
2,vn-only,0.625051082958725,0.55,0.0,0.6074785451573355
2,vn-only,0.625051082958725,0.56,0.0,0.6074785451573355
2,vn-only,0.625051082958725,0.57,0.0,0.6074785451573355
2,vn-only,0.625051082958725,0.58,0.0,0.6074785451573355
2,vn-only,0.625051082958725,0.59,0.0,0.6074785451573355
2,vn-only,0.625051082958725,0.6,0.0,0.6074785451573355
2,vn-only,0.625051082958725,0.61,0.0,0.6074785451573355
2,vn-only,0.625051082958725,0.62,0.0,0.6074785451573355
2,vn-only,0.625051082958725,0.63,0.0,0.6074785451573355
2,vn-only,0.625051082958725,0.64,0.0,0.6074785451573355
2,vn-only,0.625051082958725,0.65,0.0,0.6074785451573355
2,vn-only,0.625051082958725,0.66,0.0,0.6074785451573355
2,vn-only,0.625051082958725,0.67,0.0,0.6074785451573355
2,vn-only,0.625051082958725,0.68,0.0,0.6074785451573355
2,vn-only,0.625051082958725,0.69,0.0,0.6074785451573355
2,vn-only,0.625051082958725,0.7,0.0,0.6074785451573355
2,vn-only,0.625051082958725,0.71,0.0,0.6074785451573355
2,vn-only,0.625051082958725,0.72,0.0,0.6074785451573355
2,vn-only,0.625051082958725,0.73,0.0,0.6074785451573355
2,vn-only,0.625051082958725,0.74,0.0,0.6074785451573355
2,vn-only,0.625051082958725,0.75,0.0,0.6074785451573355
2,vn-only,0.625051082958725,0.76,0.0,0.6074785451573355
2,vn-only,0.625051082958725,0.77,0.0,0.6074785451573355
2,vn-only,0.625051082958725,0.78,0.0,0.6074785451573355
2,vn-only,0.625051082958725,0.79,0.0,0.6074785451573355
2,vn-only,0.625051082958725,0.8,0.0,0.6074785451573355
2,vn-only,0.625051082958725,0.81,0.0,0.6074785451573355
2,vn-only,0.625051082958725,0.82,0.0,0.6074785451573355
2,vn-only,0.625051082958725,0.83,0.0,0.6074785451573355
2,vn-only,0.625051082958725,0.84,0.0,0.6074785451573355
2,vn-only,0.625051082958725,0.85,0.0,0.6074785451573355
2,vn-only,0.625051082958725,0.86,0.0,0.6074785451573355
2,vn-only,0.625051082958725,0.87,0.0,0.6074785451573355
2,vn-only,0.625051082958725,0.88,0.0,0.6074785451573355
2,vn-only,0.625051082958725,0.89,0.0,0.6074785451573355
2,vn-only,0.625051082958725,0.9,0.0,0.6074785451573355
2,vn-only,0.625051082958725,0.906,0.0,0.6074785451573355
2,vn-only,0.625051082958725,0.91,0.0,0.6074785451573355
2,vn-only,0.625051082958725,0.92,0.0,0.6074785451573355
2,vn-only,0.625051082958725,0.93,0.0,0.6074785451573355
2,vn-only,0.625051082958725,0.94,0.0,0.6074785451573355
2,vn-only,0.625051082958725,0.95,0.0,0.6074785451573355
2,vn-only,0.625051082958725,0.96,0.0,0.6074785451573355
2,vn-only,0.625051082958725,0.97,0.0,0.6074785451573355
2,vn-only,0.625051082958725,0.98,0.0,0.6074785451573355
2,vn-only,0.625051082958725,0.99,0.0,0.6074785451573355
2,vn-only,0.625051082958725,1.0,0.0,0.6074785451573355
3,half,0.13024350317167996,0.0,1.0,0.6116226723961531
3,half,0.13024350317167996,0.01,1.0,0.6116226723961531
3,half,0.13024350317167996,0.02,1.0,0.6116226723961531
3,half,0.13024350317167996,0.03,1.0,0.6116226723961531
3,half,0.13024350317167996,0.04,1.0,0.6116226723961531
3,half,0.13024350317167996,0.05,1.0,0.6116226723961531
3,half,0.13024350317167996,0.06,1.0,0.6116226723961531
3,half,0.13024350317167996,0.07,1.0,0.6116226723961531
3,half,0.13024350317167996,0.08,1.0,0.6116226723961531
3,half,0.13024350317167996,0.09,1.0,0.6116226723961531
3,half,0.13024350317167996,0.1,1.0,0.6116226723961531
3,half,0.13024350317167996,0.11,1.0,0.6116226723961531
3,half,0.13024350317167996,0.12,1.0,0.6116226723961531
3,half,0.13024350317167996,0.13,1.0,0.6116226723961531
3,half,0.13024350317167996,0.14,1.0,0.6116226723961531
3,half,0.13024350317167996,0.15,1.0,0.6116226723961531
3,half,0.13024350317167996,0.16,1.0,0.6116226723961531
3,half,0.13024350317167996,0.17,1.0,0.6116226723961531
3,half,0.13024350317167996,0.18,1.0,0.6116226723961531
3,half,0.13024350317167996,0.19,1.0,0.6116226723961531
3,half,0.13024350317167996,0.2,1.0,0.6116226723961531
3,half,0.13024350317167996,0.21,1.0,0.6116226723961531
3,half,0.13024350317167996,0.22,1.0,0.6116226723961531
3,half,0.13024350317167996,0.23,1.0,0.6116226723961531
3,half,0.13024350317167996,0.24,1.0,0.6116226723961531
3,half,0.13024350317167996,0.25,1.0,0.6116226723961531
3,half,0.13024350317167996,0.26,1.0,0.6116226723961531
3,half,0.13024350317167996,0.27,1.0,0.6116226723961531
3,half,0.13024350317167996,0.28,1.0,0.6116226723961531
3,half,0.13024350317167996,0.29,0.9031976236239735,0.6116226723961531
3,half,0.13024350317167996,0.3,0.8588153066573475,0.6116226723961531
3,half,0.13024350317167996,0.31,0.8464092259304561,0.6116226723961531
3,half,0.13024350317167996,0.32,0.73615236763935,0.6116226723961531
3,half,0.13024350317167996,0.33,0.6421457277651581,0.6116226723961531
3,half,0.13024350317167996,0.34,0.5946182072339682,0.6116226723961531
3,half,0.13024350317167996,0.35,0.5946182072339682,0.6116226723961531
3,half,0.13024350317167996,0.36,0.5654377074960685,0.6116226723961531
3,half,0.13024350317167996,0.37,0.5654377074960685,0.6116226723961531
3,half,0.13024350317167996,0.38,0.5518084920496243,0.6116226723961531
3,half,0.13024350317167996,0.39,0.5518084920496243,0.6116226723961531
3,half,0.13024350317167996,0.4,0.5444696837323082,0.6116226723961531
3,half,0.13024350317167996,0.41,0.5432465490127556,0.6116226723961531
3,half,0.13024350317167996,0.42,0.5154639175257731,0.6116226723961531
3,half,0.13024350317167996,0.43,0.5154639175257731,0.6116226723961531
3,half,0.13024350317167996,0.44,0.5098724445221038,0.6116226723961531
3,half,0.13024350317167996,0.45,0.48838022016424953,0.6116226723961531
3,half,0.13024350317167996,0.46,0.4873318189760615,0.6116226723961531
3,half,0.13024350317167996,0.47,0.4819150795037568,0.6116226723961531
3,half,0.13024350317167996,0.48,0.47964354359601613,0.6116226723961531
3,half,0.13024350317167996,0.49,0.4572776515813385,0.6116226723961531
3,half,0.13024350317167996,0.5,0.4509872444522104,0.6116226723961531
3,half,0.13024350317167996,0.51,0.44522103791717627,0.6116226723961531
3,half,0.13024350317167996,0.52,0.42617508299842743,0.6116226723961531
3,half,0.13024350317167996,0.53,0.425825615935698,0.6116226723961531
3,half,0.13024350317167996,0.54,0.397868250917351,0.6116226723961531
3,half,0.13024350317167996,0.55,0.3961209156037043,0.6116226723961531
3,half,0.13024350317167996,0.56,0.3849379695963655,0.6116226723961531
3,half,0.13024350317167996,0.57,0.3807443648436135,0.6116226723961531
3,half,0.13024350317167996,0.58,0.3791717630613315,0.6116226723961531
3,half,0.13024350317167996,0.59,0.3737550235890267,0.6116226723961531
3,half,0.13024350317167996,0.6,0.3737550235890267,0.6116226723961531
3,half,0.13024350317167996,0.61,0.3737550235890267,0.6116226723961531
3,half,0.13024350317167996,0.62,0.3737550235890267,0.6116226723961531
3,half,0.13024350317167996,0.63,0.36641621527171064,0.6116226723961531
3,half,0.13024350317167996,0.64,0.3629215446444173,0.6116226723961531
3,half,0.13024350317167996,0.65,0.3629215446444173,0.6116226723961531
3,half,0.13024350317167996,0.66,0.36257207758168797,0.6116226723961531
3,half,0.13024350317167996,0.67,0.36257207758168797,0.6116226723961531
3,half,0.13024350317167996,0.68,0.34422505678839765,0.6116226723961531
3,half,0.13024350317167996,0.69,0.34422505678839765,0.6116226723961531
3,half,0.13024350317167996,0.7,0.3368862484710816,0.6116226723961531
3,half,0.13024350317167996,0.71,0.3368862484710816,0.6116226723961531
3,half,0.13024350317167996,0.72,0.33007164074785955,0.6116226723961531
3,half,0.13024350317167996,0.73,0.33007164074785955,0.6116226723961531
3,half,0.13024350317167996,0.74,0.33007164074785955,0.6116226723961531
3,half,0.13024350317167996,0.75,0.33007164074785955,0.6116226723961531
3,half,0.13024350317167996,0.76,0.33007164074785955,0.6116226723961531
3,half,0.13024350317167996,0.77,0.31923816180325004,0.6116226723961531
3,half,0.13024350317167996,0.78,0.31749082648960336,0.6116226723961531
3,half,0.13024350317167996,0.79,0.31749082648960336,0.6116226723961531
3,half,0.13024350317167996,0.8,0.31749082648960336,0.6116226723961531
3,half,0.13024350317167996,0.81,0.31749082648960336,0.6116226723961531
3,half,0.13024350317167996,0.82,0.30491001223134717,0.6116226723961531
3,half,0.13024350317167996,0.83,0.30491001223134717,0.6116226723961531
3,half,0.13024350317167996,0.84,0.30001747335313644,0.6116226723961531
3,half,0.13024350317167996,0.85,0.30001747335313644,0.6116226723961531
3,half,0.13024350317167996,0.86,0.29337759916127903,0.6116226723961531
3,half,0.13024350317167996,0.87,0.29163026384763235,0.6116226723961531
3,half,0.13024350317167996,0.88,0.29163026384763235,0.6116226723961531
3,half,0.13024350317167996,0.89,0.29163026384763235,0.6116226723961531
3,half,0.13024350317167996,0.9,0.28743665909488025,0.6116226723961531
3,half,0.13024350317167996,0.906,0.28743665909488025,0.6116226723961531
3,half,0.13024350317167996,0.91,0.28743665909488025,0.6116226723961531
3,half,0.13024350317167996,0.92,0.28743665909488025,0.6116226723961531
3,half,0.13024350317167996,0.93,0.28708719203215094,0.6116226723961531
3,half,0.13024350317167996,0.94,0.2793989166521056,0.6116226723961531
3,half,0.13024350317167996,0.95,0.2793989166521056,0.6116226723961531
3,half,0.13024350317167996,0.96,0.2793989166521056,0.6116226723961531
3,half,0.13024350317167996,0.97,0.27538004543071815,0.6116226723961531
3,half,0.13024350317167996,0.98,0.27538004543071815,0.6116226723961531
3,half,0.13024350317167996,0.99,0.27538004543071815,0.6116226723961531
3,half,0.13024350317167996,1.0,0.27538004543071815,0.6116226723961531
3,deployed,0.2604870063433599,0.0,1.0,0.6116226723961531
3,deployed,0.2604870063433599,0.01,1.0,0.6116226723961531
3,deployed,0.2604870063433599,0.02,0.6047527520531191,0.6116226723961531
3,deployed,0.2604870063433599,0.03,0.5116197798357505,0.6116226723961531
3,deployed,0.2604870063433599,0.04,0.43613489428621355,0.6116226723961531
3,deployed,0.2604870063433599,0.05,0.4197099423379347,0.6116226723961531
3,deployed,0.2604870063433599,0.06,0.4046828586405731,0.6116226723961531
3,deployed,0.2604870063433599,0.07,0.4046828586405731,0.6116226723961531
3,deployed,0.2604870063433599,0.08,0.397868250917351,0.6116226723961531
3,deployed,0.2604870063433599,0.09,0.3791717630613315,0.6116226723961531
3,deployed,0.2604870063433599,0.1,0.36711514939716927,0.6116226723961531
3,deployed,0.2604870063433599,0.11,0.36257207758168797,0.6116226723961531
3,deployed,0.2604870063433599,0.12,0.36257207758168797,0.6116226723961531
3,deployed,0.2604870063433599,0.13,0.34422505678839765,0.6116226723961531
3,deployed,0.2604870063433599,0.14,0.33758518259654025,0.6116226723961531
3,deployed,0.2604870063433599,0.15,0.3353136466887996,0.6116226723961531
3,deployed,0.2604870063433599,0.16,0.33007164074785955,0.6116226723961531
3,deployed,0.2604870063433599,0.17,0.31749082648960336,0.6116226723961531
3,deployed,0.2604870063433599,0.18,0.31749082648960336,0.6116226723961531
3,deployed,0.2604870063433599,0.19,0.31749082648960336,0.6116226723961531
3,deployed,0.2604870063433599,0.2,0.29547440153765503,0.6116226723961531
3,deployed,0.2604870063433599,0.21,0.2951249344749257,0.6116226723961531
3,deployed,0.2604870063433599,0.22,0.29337759916127903,0.6116226723961531
3,deployed,0.2604870063433599,0.23,0.284466189061681,0.6116226723961531
3,deployed,0.2604870063433599,0.24,0.28236938668530487,0.6116226723961531
3,deployed,0.2604870063433599,0.25,0.2793989166521056,0.6116226723961531
3,deployed,0.2604870063433599,0.26,0.2793989166521056,0.6116226723961531
3,deployed,0.2604870063433599,0.27,0.2793989166521056,0.6116226723961531
3,deployed,0.2604870063433599,0.28,0.2793989166521056,0.6116226723961531
3,deployed,0.2604870063433599,0.29,0.27538004543071815,0.6116226723961531
3,deployed,0.2604870063433599,0.3,0.2593045605451686,0.6116226723961531
3,deployed,0.2604870063433599,0.31,0.25703302463742794,0.6116226723961531
3,deployed,0.2604870063433599,0.32,0.2512668181023938,0.6116226723961531
3,deployed,0.2604870063433599,0.33,0.23641446793639698,0.6116226723961531
3,deployed,0.2604870063433599,0.34,0.23204612965228022,0.6116226723961531
3,deployed,0.2604870063433599,0.35,0.23204612965228022,0.6116226723961531
3,deployed,0.2604870063433599,0.36,0.22645465664861086,0.6116226723961531
3,deployed,0.2604870063433599,0.37,0.22645465664861086,0.6116226723961531
3,deployed,0.2604870063433599,0.38,0.22453258780359953,0.6116226723961531
3,deployed,0.2604870063433599,0.39,0.22453258780359953,0.6116226723961531
3,deployed,0.2604870063433599,0.4,0.21859164773720074,0.6116226723961531
3,deployed,0.2604870063433599,0.41,0.21859164773720074,0.6116226723961531
3,deployed,0.2604870063433599,0.42,0.20863183644941463,0.6116226723961531
3,deployed,0.2604870063433599,0.43,0.20863183644941463,0.6116226723961531
3,deployed,0.2604870063433599,0.44,0.20723396819849726,0.6116226723961531
3,deployed,0.2604870063433599,0.45,0.20408876463393322,0.6116226723961531
3,deployed,0.2604870063433599,0.46,0.20408876463393322,0.6116226723961531
3,deployed,0.2604870063433599,0.47,0.20408876463393322,0.6116226723961531
3,deployed,0.2604870063433599,0.48,0.20408876463393322,0.6116226723961531
3,deployed,0.2604870063433599,0.49,0.1979730910361699,0.6116226723961531
3,deployed,0.2604870063433599,0.5,0.1979730910361699,0.6116226723961531
3,deployed,0.2604870063433599,0.51,0.1979730910361699,0.6116226723961531
3,deployed,0.2604870063433599,0.52,0.17665560020968019,0.6116226723961531
3,deployed,0.2604870063433599,0.53,0.17316092958238682,0.6116226723961531
3,deployed,0.2604870063433599,0.54,0.16005591473003666,0.6116226723961531
3,deployed,0.2604870063433599,0.55,0.15970644766730735,0.6116226723961531
3,deployed,0.2604870063433599,0.56,0.15096977109907395,0.6116226723961531
3,deployed,0.2604870063433599,0.57,0.15096977109907395,0.6116226723961531
3,deployed,0.2604870063433599,0.58,0.15096977109907395,0.6116226723961531
3,deployed,0.2604870063433599,0.59,0.15096977109907395,0.6116226723961531
3,deployed,0.2604870063433599,0.6,0.15096977109907395,0.6116226723961531
3,deployed,0.2604870063433599,0.61,0.15096977109907395,0.6116226723961531
3,deployed,0.2604870063433599,0.62,0.15096977109907395,0.6116226723961531
3,deployed,0.2604870063433599,0.63,0.134020618556701,0.6116226723961531
3,deployed,0.2604870063433599,0.64,0.12930281320985493,0.6116226723961531
3,deployed,0.2604870063433599,0.65,0.12930281320985493,0.6116226723961531
3,deployed,0.2604870063433599,0.66,0.12161453782980958,0.6116226723961531
3,deployed,0.2604870063433599,0.67,0.12161453782980958,0.6116226723961531
3,deployed,0.2604870063433599,0.68,0.11672199895159885,0.6116226723961531
3,deployed,0.2604870063433599,0.69,0.11672199895159885,0.6116226723961531
3,deployed,0.2604870063433599,0.7,0.11130525947929404,0.6116226723961531
3,deployed,0.2604870063433599,0.71,0.11130525947929404,0.6116226723961531
3,deployed,0.2604870063433599,0.72,0.106063253538354,0.6116226723961531
3,deployed,0.2604870063433599,0.73,0.106063253538354,0.6116226723961531
3,deployed,0.2604870063433599,0.74,0.106063253538354,0.6116226723961531
3,deployed,0.2604870063433599,0.75,0.106063253538354,0.6116226723961531
3,deployed,0.2604870063433599,0.76,0.106063253538354,0.6116226723961531
3,deployed,0.2604870063433599,0.77,0.09732657697012059,0.6116226723961531
3,deployed,0.2604870063433599,0.78,0.09732657697012059,0.6116226723961531
3,deployed,0.2604870063433599,0.79,0.09732657697012059,0.6116226723961531
3,deployed,0.2604870063433599,0.8,0.09732657697012059,0.6116226723961531
3,deployed,0.2604870063433599,0.81,0.09732657697012059,0.6116226723961531
3,deployed,0.2604870063433599,0.82,0.09138563690372181,0.6116226723961531
3,deployed,0.2604870063433599,0.83,0.09138563690372181,0.6116226723961531
3,deployed,0.2604870063433599,0.84,0.09138563690372181,0.6116226723961531
3,deployed,0.2604870063433599,0.85,0.09138563690372181,0.6116226723961531
3,deployed,0.2604870063433599,0.86,0.07670802026908963,0.6116226723961531
3,deployed,0.2604870063433599,0.87,0.07531015201817226,0.6116226723961531
3,deployed,0.2604870063433599,0.88,0.07531015201817226,0.6116226723961531
3,deployed,0.2604870063433599,0.89,0.07531015201817226,0.6116226723961531
3,deployed,0.2604870063433599,0.9,0.0726891490477023,0.6116226723961531
3,deployed,0.2604870063433599,0.906,0.0726891490477023,0.6116226723961531
3,deployed,0.2604870063433599,0.91,0.0726891490477023,0.6116226723961531
3,deployed,0.2604870063433599,0.92,0.0718154813908789,0.6116226723961531
3,deployed,0.2604870063433599,0.93,0.0663987419185742,0.6116226723961531
3,deployed,0.2604870063433599,0.94,0.06342827188537481,0.6116226723961531
3,deployed,0.2604870063433599,0.95,0.06342827188537481,0.6116226723961531
3,deployed,0.2604870063433599,0.96,0.06342827188537481,0.6116226723961531
3,deployed,0.2604870063433599,0.97,0.06168093657172813,0.6116226723961531
3,deployed,0.2604870063433599,0.98,0.06168093657172813,0.6116226723961531
3,deployed,0.2604870063433599,0.99,0.06168093657172813,0.6116226723961531
3,deployed,0.2604870063433599,1.0,0.06168093657172813,0.6116226723961531
3,double,0.5209740126867198,0.0,1.0,0.6116226723961531
3,double,0.5209740126867198,0.01,0.18102393849379694,0.6116226723961531
3,double,0.5209740126867198,0.02,0.037392975712039145,0.6116226723961531
3,double,0.5209740126867198,0.03,0.02865629914380574,0.6116226723961531
3,double,0.5209740126867198,0.04,0.022890092608771617,0.6116226723961531
3,double,0.5209740126867198,0.05,0.02096802376376028,0.6116226723961531
3,double,0.5209740126867198,0.06,0.019395421981478256,0.6116226723961531
3,double,0.5209740126867198,0.07,0.019395421981478256,0.6116226723961531
3,double,0.5209740126867198,0.08,0.0192206884501136,0.6116226723961531
3,double,0.5209740126867198,0.09,0.013279748383714818,0.6116226723961531
3,double,0.5209740126867198,0.1,0.01135767953870348,0.6116226723961531
3,double,0.5209740126867198,0.11,0.006115673597763438,0.6116226723961531
3,double,0.5209740126867198,0.12,0.006115673597763438,0.6116226723961531
3,double,0.5209740126867198,0.13,0.0027957365018347335,0.6116226723961531
3,double,0.5209740126867198,0.14,0.0027957365018347335,0.6116226723961531
3,double,0.5209740126867198,0.15,0.0017473353136466807,0.6116226723961531
3,double,0.5209740126867198,0.16,0.0015726017822820237,0.6116226723961531
3,double,0.5209740126867198,0.17,0.0010484011881880528,0.6116226723961531
3,double,0.5209740126867198,0.18,0.0008736676568233959,0.6116226723961531
3,double,0.5209740126867198,0.19,0.0008736676568233959,0.6116226723961531
3,double,0.5209740126867198,0.2,0.00034946706272931394,0.6116226723961531
3,double,0.5209740126867198,0.21,0.00034946706272931394,0.6116226723961531
3,double,0.5209740126867198,0.22,0.00017473353136465697,0.6116226723961531
3,double,0.5209740126867198,0.23,0.0,0.6116226723961531
3,double,0.5209740126867198,0.24,0.0,0.6116226723961531
3,double,0.5209740126867198,0.25,0.0,0.6116226723961531
3,double,0.5209740126867198,0.26,0.0,0.6116226723961531
3,double,0.5209740126867198,0.27,0.0,0.6116226723961531
3,double,0.5209740126867198,0.28,0.0,0.6116226723961531
3,double,0.5209740126867198,0.29,0.0,0.6116226723961531
3,double,0.5209740126867198,0.3,0.0,0.6116226723961531
3,double,0.5209740126867198,0.31,0.0,0.6116226723961531
3,double,0.5209740126867198,0.32,0.0,0.6116226723961531
3,double,0.5209740126867198,0.33,0.0,0.6116226723961531
3,double,0.5209740126867198,0.34,0.0,0.6116226723961531
3,double,0.5209740126867198,0.35,0.0,0.6116226723961531
3,double,0.5209740126867198,0.36,0.0,0.6116226723961531
3,double,0.5209740126867198,0.37,0.0,0.6116226723961531
3,double,0.5209740126867198,0.38,0.0,0.6116226723961531
3,double,0.5209740126867198,0.39,0.0,0.6116226723961531
3,double,0.5209740126867198,0.4,0.0,0.6116226723961531
3,double,0.5209740126867198,0.41,0.0,0.6116226723961531
3,double,0.5209740126867198,0.42,0.0,0.6116226723961531
3,double,0.5209740126867198,0.43,0.0,0.6116226723961531
3,double,0.5209740126867198,0.44,0.0,0.6116226723961531
3,double,0.5209740126867198,0.45,0.0,0.6116226723961531
3,double,0.5209740126867198,0.46,0.0,0.6116226723961531
3,double,0.5209740126867198,0.47,0.0,0.6116226723961531
3,double,0.5209740126867198,0.48,0.0,0.6116226723961531
3,double,0.5209740126867198,0.49,0.0,0.6116226723961531
3,double,0.5209740126867198,0.5,0.0,0.6116226723961531
3,double,0.5209740126867198,0.51,0.0,0.6116226723961531
3,double,0.5209740126867198,0.52,0.0,0.6116226723961531
3,double,0.5209740126867198,0.53,0.0,0.6116226723961531
3,double,0.5209740126867198,0.54,0.0,0.6116226723961531
3,double,0.5209740126867198,0.55,0.0,0.6116226723961531
3,double,0.5209740126867198,0.56,0.0,0.6116226723961531
3,double,0.5209740126867198,0.57,0.0,0.6116226723961531
3,double,0.5209740126867198,0.58,0.0,0.6116226723961531
3,double,0.5209740126867198,0.59,0.0,0.6116226723961531
3,double,0.5209740126867198,0.6,0.0,0.6116226723961531
3,double,0.5209740126867198,0.61,0.0,0.6116226723961531
3,double,0.5209740126867198,0.62,0.0,0.6116226723961531
3,double,0.5209740126867198,0.63,0.0,0.6116226723961531
3,double,0.5209740126867198,0.64,0.0,0.6116226723961531
3,double,0.5209740126867198,0.65,0.0,0.6116226723961531
3,double,0.5209740126867198,0.66,0.0,0.6116226723961531
3,double,0.5209740126867198,0.67,0.0,0.6116226723961531
3,double,0.5209740126867198,0.68,0.0,0.6116226723961531
3,double,0.5209740126867198,0.69,0.0,0.6116226723961531
3,double,0.5209740126867198,0.7,0.0,0.6116226723961531
3,double,0.5209740126867198,0.71,0.0,0.6116226723961531
3,double,0.5209740126867198,0.72,0.0,0.6116226723961531
3,double,0.5209740126867198,0.73,0.0,0.6116226723961531
3,double,0.5209740126867198,0.74,0.0,0.6116226723961531
3,double,0.5209740126867198,0.75,0.0,0.6116226723961531
3,double,0.5209740126867198,0.76,0.0,0.6116226723961531
3,double,0.5209740126867198,0.77,0.0,0.6116226723961531
3,double,0.5209740126867198,0.78,0.0,0.6116226723961531
3,double,0.5209740126867198,0.79,0.0,0.6116226723961531
3,double,0.5209740126867198,0.8,0.0,0.6116226723961531
3,double,0.5209740126867198,0.81,0.0,0.6116226723961531
3,double,0.5209740126867198,0.82,0.0,0.6116226723961531
3,double,0.5209740126867198,0.83,0.0,0.6116226723961531
3,double,0.5209740126867198,0.84,0.0,0.6116226723961531
3,double,0.5209740126867198,0.85,0.0,0.6116226723961531
3,double,0.5209740126867198,0.86,0.0,0.6116226723961531
3,double,0.5209740126867198,0.87,0.0,0.6116226723961531
3,double,0.5209740126867198,0.88,0.0,0.6116226723961531
3,double,0.5209740126867198,0.89,0.0,0.6116226723961531
3,double,0.5209740126867198,0.9,0.0,0.6116226723961531
3,double,0.5209740126867198,0.906,0.0,0.6116226723961531
3,double,0.5209740126867198,0.91,0.0,0.6116226723961531
3,double,0.5209740126867198,0.92,0.0,0.6116226723961531
3,double,0.5209740126867198,0.93,0.0,0.6116226723961531
3,double,0.5209740126867198,0.94,0.0,0.6116226723961531
3,double,0.5209740126867198,0.95,0.0,0.6116226723961531
3,double,0.5209740126867198,0.96,0.0,0.6116226723961531
3,double,0.5209740126867198,0.97,0.0,0.6116226723961531
3,double,0.5209740126867198,0.98,0.0,0.6116226723961531
3,double,0.5209740126867198,0.99,0.0,0.6116226723961531
3,double,0.5209740126867198,1.0,0.0,0.6116226723961531
3,vn-only,0.6304481276856968,0.0,0.423728813559322,0.6116226723961531
3,vn-only,0.6304481276856968,0.01,0.031452035645640364,0.6116226723961531
3,vn-only,0.6304481276856968,0.02,0.0,0.6116226723961531
3,vn-only,0.6304481276856968,0.03,0.0,0.6116226723961531
3,vn-only,0.6304481276856968,0.04,0.0,0.6116226723961531
3,vn-only,0.6304481276856968,0.05,0.0,0.6116226723961531
3,vn-only,0.6304481276856968,0.06,0.0,0.6116226723961531
3,vn-only,0.6304481276856968,0.07,0.0,0.6116226723961531
3,vn-only,0.6304481276856968,0.08,0.0,0.6116226723961531
3,vn-only,0.6304481276856968,0.09,0.0,0.6116226723961531
3,vn-only,0.6304481276856968,0.1,0.0,0.6116226723961531
3,vn-only,0.6304481276856968,0.11,0.0,0.6116226723961531
3,vn-only,0.6304481276856968,0.12,0.0,0.6116226723961531
3,vn-only,0.6304481276856968,0.13,0.0,0.6116226723961531
3,vn-only,0.6304481276856968,0.14,0.0,0.6116226723961531
3,vn-only,0.6304481276856968,0.15,0.0,0.6116226723961531
3,vn-only,0.6304481276856968,0.16,0.0,0.6116226723961531
3,vn-only,0.6304481276856968,0.17,0.0,0.6116226723961531
3,vn-only,0.6304481276856968,0.18,0.0,0.6116226723961531
3,vn-only,0.6304481276856968,0.19,0.0,0.6116226723961531
3,vn-only,0.6304481276856968,0.2,0.0,0.6116226723961531
3,vn-only,0.6304481276856968,0.21,0.0,0.6116226723961531
3,vn-only,0.6304481276856968,0.22,0.0,0.6116226723961531
3,vn-only,0.6304481276856968,0.23,0.0,0.6116226723961531
3,vn-only,0.6304481276856968,0.24,0.0,0.6116226723961531
3,vn-only,0.6304481276856968,0.25,0.0,0.6116226723961531
3,vn-only,0.6304481276856968,0.26,0.0,0.6116226723961531
3,vn-only,0.6304481276856968,0.27,0.0,0.6116226723961531
3,vn-only,0.6304481276856968,0.28,0.0,0.6116226723961531
3,vn-only,0.6304481276856968,0.29,0.0,0.6116226723961531
3,vn-only,0.6304481276856968,0.3,0.0,0.6116226723961531
3,vn-only,0.6304481276856968,0.31,0.0,0.6116226723961531
3,vn-only,0.6304481276856968,0.32,0.0,0.6116226723961531
3,vn-only,0.6304481276856968,0.33,0.0,0.6116226723961531
3,vn-only,0.6304481276856968,0.34,0.0,0.6116226723961531
3,vn-only,0.6304481276856968,0.35,0.0,0.6116226723961531
3,vn-only,0.6304481276856968,0.36,0.0,0.6116226723961531
3,vn-only,0.6304481276856968,0.37,0.0,0.6116226723961531
3,vn-only,0.6304481276856968,0.38,0.0,0.6116226723961531
3,vn-only,0.6304481276856968,0.39,0.0,0.6116226723961531
3,vn-only,0.6304481276856968,0.4,0.0,0.6116226723961531
3,vn-only,0.6304481276856968,0.41,0.0,0.6116226723961531
3,vn-only,0.6304481276856968,0.42,0.0,0.6116226723961531
3,vn-only,0.6304481276856968,0.43,0.0,0.6116226723961531
3,vn-only,0.6304481276856968,0.44,0.0,0.6116226723961531
3,vn-only,0.6304481276856968,0.45,0.0,0.6116226723961531
3,vn-only,0.6304481276856968,0.46,0.0,0.6116226723961531
3,vn-only,0.6304481276856968,0.47,0.0,0.6116226723961531
3,vn-only,0.6304481276856968,0.48,0.0,0.6116226723961531
3,vn-only,0.6304481276856968,0.49,0.0,0.6116226723961531
3,vn-only,0.6304481276856968,0.5,0.0,0.6116226723961531
3,vn-only,0.6304481276856968,0.51,0.0,0.6116226723961531
3,vn-only,0.6304481276856968,0.52,0.0,0.6116226723961531
3,vn-only,0.6304481276856968,0.53,0.0,0.6116226723961531
3,vn-only,0.6304481276856968,0.54,0.0,0.6116226723961531
3,vn-only,0.6304481276856968,0.55,0.0,0.6116226723961531
3,vn-only,0.6304481276856968,0.56,0.0,0.6116226723961531
3,vn-only,0.6304481276856968,0.57,0.0,0.6116226723961531
3,vn-only,0.6304481276856968,0.58,0.0,0.6116226723961531
3,vn-only,0.6304481276856968,0.59,0.0,0.6116226723961531
3,vn-only,0.6304481276856968,0.6,0.0,0.6116226723961531
3,vn-only,0.6304481276856968,0.61,0.0,0.6116226723961531
3,vn-only,0.6304481276856968,0.62,0.0,0.6116226723961531
3,vn-only,0.6304481276856968,0.63,0.0,0.6116226723961531
3,vn-only,0.6304481276856968,0.64,0.0,0.6116226723961531
3,vn-only,0.6304481276856968,0.65,0.0,0.6116226723961531
3,vn-only,0.6304481276856968,0.66,0.0,0.6116226723961531
3,vn-only,0.6304481276856968,0.67,0.0,0.6116226723961531
3,vn-only,0.6304481276856968,0.68,0.0,0.6116226723961531
3,vn-only,0.6304481276856968,0.69,0.0,0.6116226723961531
3,vn-only,0.6304481276856968,0.7,0.0,0.6116226723961531
3,vn-only,0.6304481276856968,0.71,0.0,0.6116226723961531
3,vn-only,0.6304481276856968,0.72,0.0,0.6116226723961531
3,vn-only,0.6304481276856968,0.73,0.0,0.6116226723961531
3,vn-only,0.6304481276856968,0.74,0.0,0.6116226723961531
3,vn-only,0.6304481276856968,0.75,0.0,0.6116226723961531
3,vn-only,0.6304481276856968,0.76,0.0,0.6116226723961531
3,vn-only,0.6304481276856968,0.77,0.0,0.6116226723961531
3,vn-only,0.6304481276856968,0.78,0.0,0.6116226723961531
3,vn-only,0.6304481276856968,0.79,0.0,0.6116226723961531
3,vn-only,0.6304481276856968,0.8,0.0,0.6116226723961531
3,vn-only,0.6304481276856968,0.81,0.0,0.6116226723961531
3,vn-only,0.6304481276856968,0.82,0.0,0.6116226723961531
3,vn-only,0.6304481276856968,0.83,0.0,0.6116226723961531
3,vn-only,0.6304481276856968,0.84,0.0,0.6116226723961531
3,vn-only,0.6304481276856968,0.85,0.0,0.6116226723961531
3,vn-only,0.6304481276856968,0.86,0.0,0.6116226723961531
3,vn-only,0.6304481276856968,0.87,0.0,0.6116226723961531
3,vn-only,0.6304481276856968,0.88,0.0,0.6116226723961531
3,vn-only,0.6304481276856968,0.89,0.0,0.6116226723961531
3,vn-only,0.6304481276856968,0.9,0.0,0.6116226723961531
3,vn-only,0.6304481276856968,0.906,0.0,0.6116226723961531
3,vn-only,0.6304481276856968,0.91,0.0,0.6116226723961531
3,vn-only,0.6304481276856968,0.92,0.0,0.6116226723961531
3,vn-only,0.6304481276856968,0.93,0.0,0.6116226723961531
3,vn-only,0.6304481276856968,0.94,0.0,0.6116226723961531
3,vn-only,0.6304481276856968,0.95,0.0,0.6116226723961531
3,vn-only,0.6304481276856968,0.96,0.0,0.6116226723961531
3,vn-only,0.6304481276856968,0.97,0.0,0.6116226723961531
3,vn-only,0.6304481276856968,0.98,0.0,0.6116226723961531
3,vn-only,0.6304481276856968,0.99,0.0,0.6116226723961531
3,vn-only,0.6304481276856968,1.0,0.0,0.6116226723961531
4,half,0.1286180187525479,0.0,1.0,0.6202609050142682
4,half,0.1286180187525479,0.01,1.0,0.6202609050142682
4,half,0.1286180187525479,0.02,1.0,0.6202609050142682
4,half,0.1286180187525479,0.03,1.0,0.6202609050142682
4,half,0.1286180187525479,0.04,1.0,0.6202609050142682
4,half,0.1286180187525479,0.05,1.0,0.6202609050142682
4,half,0.1286180187525479,0.06,1.0,0.6202609050142682
4,half,0.1286180187525479,0.07,1.0,0.6202609050142682
4,half,0.1286180187525479,0.08,1.0,0.6202609050142682
4,half,0.1286180187525479,0.09,1.0,0.6202609050142682
4,half,0.1286180187525479,0.1,1.0,0.6202609050142682
4,half,0.1286180187525479,0.11,1.0,0.6202609050142682
4,half,0.1286180187525479,0.12,1.0,0.6202609050142682
4,half,0.1286180187525479,0.13,1.0,0.6202609050142682
4,half,0.1286180187525479,0.14,1.0,0.6202609050142682
4,half,0.1286180187525479,0.15,1.0,0.6202609050142682
4,half,0.1286180187525479,0.16,1.0,0.6202609050142682
4,half,0.1286180187525479,0.17,1.0,0.6202609050142682
4,half,0.1286180187525479,0.18,1.0,0.6202609050142682
4,half,0.1286180187525479,0.19,1.0,0.6202609050142682
4,half,0.1286180187525479,0.2,1.0,0.6202609050142682
4,half,0.1286180187525479,0.21,1.0,0.6202609050142682
4,half,0.1286180187525479,0.22,1.0,0.6202609050142682
4,half,0.1286180187525479,0.23,1.0,0.6202609050142682
4,half,0.1286180187525479,0.24,1.0,0.6202609050142682
4,half,0.1286180187525479,0.25,1.0,0.6202609050142682
4,half,0.1286180187525479,0.26,1.0,0.6202609050142682
4,half,0.1286180187525479,0.27,1.0,0.6202609050142682
4,half,0.1286180187525479,0.28,0.9708195002621003,0.6202609050142682
4,half,0.1286180187525479,0.29,0.8109383190634283,0.6202609050142682
4,half,0.1286180187525479,0.3,0.7623623973440503,0.6202609050142682
4,half,0.1286180187525479,0.31,0.7623623973440503,0.6202609050142682
4,half,0.1286180187525479,0.32,0.7095928708719204,0.6202609050142682
4,half,0.1286180187525479,0.33,0.6391752577319587,0.6202609050142682
4,half,0.1286180187525479,0.34,0.6391752577319587,0.6202609050142682
4,half,0.1286180187525479,0.35,0.6391752577319587,0.6202609050142682
4,half,0.1286180187525479,0.36,0.5724270487506553,0.6202609050142682
4,half,0.1286180187525479,0.37,0.5682334439979032,0.6202609050142682
4,half,0.1286180187525479,0.38,0.5631661715883278,0.6202609050142682
4,half,0.1286180187525479,0.39,0.5582736327101171,0.6202609050142682
4,half,0.1286180187525479,0.4,0.5523326926437183,0.6202609050142682
4,half,0.1286180187525479,0.41,0.5448191507950375,0.6202609050142682
4,half,0.1286180187525479,0.42,0.5376550760090861,0.6202609050142682
4,half,0.1286180187525479,0.43,0.523501659968548,0.6202609050142682
4,half,0.1286180187525479,0.44,0.523501659968548,0.6202609050142682
4,half,0.1286180187525479,0.45,0.5159881181198672,0.6202609050142682
4,half,0.1286180187525479,0.46,0.5159881181198672,0.6202609050142682
4,half,0.1286180187525479,0.47,0.4943211602306483,0.6202609050142682
4,half,0.1286180187525479,0.48,0.4943211602306483,0.6202609050142682
4,half,0.1286180187525479,0.49,0.4679363969945832,0.6202609050142682
4,half,0.1286180187525479,0.5,0.43980429844487157,0.6202609050142682
4,half,0.1286180187525479,0.51,0.43980429844487157,0.6202609050142682
4,half,0.1286180187525479,0.52,0.42827188537480343,0.6202609050142682
4,half,0.1286180187525479,0.53,0.42442774768478075,0.6202609050142682
4,half,0.1286180187525479,0.54,0.4170889393674646,0.6202609050142682
4,half,0.1286180187525479,0.55,0.4170889393674646,0.6202609050142682
4,half,0.1286180187525479,0.56,0.41359426874017124,0.6202609050142682
4,half,0.1286180187525479,0.57,0.4104490651756072,0.6202609050142682
4,half,0.1286180187525479,0.58,0.39856718504280975,0.6202609050142682
4,half,0.1286180187525479,0.59,0.3929757120391403,0.6202609050142682
4,half,0.1286180187525479,0.6,0.3929757120391403,0.6202609050142682
4,half,0.1286180187525479,0.61,0.3929757120391403,0.6202609050142682
4,half,0.1286180187525479,0.62,0.38022016424951943,0.6202609050142682
4,half,0.1286180187525479,0.63,0.38022016424951943,0.6202609050142682
4,half,0.1286180187525479,0.64,0.38022016424951943,0.6202609050142682
4,half,0.1286180187525479,0.65,0.38022016424951943,0.6202609050142682
4,half,0.1286180187525479,0.66,0.36309627817578194,0.6202609050142682
4,half,0.1286180187525479,0.67,0.36309627817578194,0.6202609050142682
4,half,0.1286180187525479,0.68,0.35645640398392453,0.6202609050142682
4,half,0.1286180187525479,0.69,0.35383540101345445,0.6202609050142682
4,half,0.1286180187525479,0.7,0.3527869998252665,0.6202609050142682
4,half,0.1286180187525479,0.71,0.3527869998252665,0.6202609050142682
4,half,0.1286180187525479,0.72,0.3473702603529617,0.6202609050142682
4,half,0.1286180187525479,0.73,0.3473702603529617,0.6202609050142682
4,half,0.1286180187525479,0.74,0.3473702603529617,0.6202609050142682
4,half,0.1286180187525479,0.75,0.3473702603529617,0.6202609050142682
4,half,0.1286180187525479,0.76,0.34212825441202166,0.6202609050142682
4,half,0.1286180187525479,0.77,0.3416040538179277,0.6202609050142682
4,half,0.1286180187525479,0.78,0.3416040538179277,0.6202609050142682
4,half,0.1286180187525479,0.79,0.32832430543421287,0.6202609050142682
4,half,0.1286180187525479,0.8,0.32832430543421287,0.6202609050142682
4,half,0.1286180187525479,0.81,0.32832430543421287,0.6202609050142682
4,half,0.1286180187525479,0.82,0.32832430543421287,0.6202609050142682
4,half,0.1286180187525479,0.83,0.3230822994932727,0.6202609050142682
4,half,0.1286180187525479,0.84,0.3230822994932727,0.6202609050142682
4,half,0.1286180187525479,0.85,0.31923816180325004,0.6202609050142682
4,half,0.1286180187525479,0.86,0.31469508998776863,0.6202609050142682
4,half,0.1286180187525479,0.87,0.31469508998776863,0.6202609050142682
4,half,0.1286180187525479,0.88,0.31469508998776863,0.6202609050142682
4,half,0.1286180187525479,0.89,0.31469508998776863,0.6202609050142682
4,half,0.1286180187525479,0.9,0.31294775467412195,0.6202609050142682
4,half,0.1286180187525479,0.906,0.30630788048226454,0.6202609050142682
4,half,0.1286180187525479,0.91,0.30630788048226454,0.6202609050142682
4,half,0.1286180187525479,0.92,0.30421107810588854,0.6202609050142682
4,half,0.1286180187525479,0.93,0.30421107810588854,0.6202609050142682
4,half,0.1286180187525479,0.94,0.30421107810588854,0.6202609050142682
4,half,0.1286180187525479,0.95,0.30421107810588854,0.6202609050142682
4,half,0.1286180187525479,0.96,0.30421107810588854,0.6202609050142682
4,half,0.1286180187525479,0.97,0.2909313297221737,0.6202609050142682
4,half,0.1286180187525479,0.98,0.28533985671850426,0.6202609050142682
4,half,0.1286180187525479,0.99,0.28533985671850426,0.6202609050142682
4,half,0.1286180187525479,1.0,0.28533985671850426,0.6202609050142682
4,deployed,0.2572360375050958,0.0,1.0,0.6202609050142682
4,deployed,0.2572360375050958,0.01,1.0,0.6202609050142682
4,deployed,0.2572360375050958,0.02,0.9369211951773545,0.6202609050142682
4,deployed,0.2572360375050958,0.03,0.5839594618207233,0.6202609050142682
4,deployed,0.2572360375050958,0.04,0.4593744539577145,0.6202609050142682
4,deployed,0.2572360375050958,0.05,0.4550061156735977,0.6202609050142682
4,deployed,0.2572360375050958,0.06,0.443823169666259,0.6202609050142682
4,deployed,0.2572360375050958,0.07,0.43491175956666084,0.6202609050142682
4,deployed,0.2572360375050958,0.08,0.4272234841866154,0.6202609050142682
4,deployed,0.2572360375050958,0.09,0.4074785951424078,0.6202609050142682
4,deployed,0.2572360375050958,0.1,0.38843264022365886,0.6202609050142682
4,deployed,0.2572360375050958,0.11,0.37567709243403813,0.6202609050142682
4,deployed,0.2572360375050958,0.12,0.37480342477721473,0.6202609050142682
4,deployed,0.2572360375050958,0.13,0.35645640398392453,0.6202609050142682
4,deployed,0.2572360375050958,0.14,0.35645640398392453,0.6202609050142682
4,deployed,0.2572360375050958,0.15,0.3527869998252665,0.6202609050142682
4,deployed,0.2572360375050958,0.16,0.3449239909138564,0.6202609050142682
4,deployed,0.2572360375050958,0.17,0.3416040538179277,0.6202609050142682
4,deployed,0.2572360375050958,0.18,0.32832430543421287,0.6202609050142682
4,deployed,0.2572360375050958,0.19,0.3230822994932727,0.6202609050142682
4,deployed,0.2572360375050958,0.2,0.3230822994932727,0.6202609050142682
4,deployed,0.2572360375050958,0.21,0.31993709592870867,0.6202609050142682
4,deployed,0.2572360375050958,0.22,0.31923816180325004,0.6202609050142682
4,deployed,0.2572360375050958,0.23,0.3148698235191333,0.6202609050142682
4,deployed,0.2572360375050958,0.24,0.30421107810588854,0.6202609050142682
4,deployed,0.2572360375050958,0.25,0.30421107810588854,0.6202609050142682
4,deployed,0.2572360375050958,0.26,0.30421107810588854,0.6202609050142682
4,deployed,0.2572360375050958,0.27,0.2867377249694216,0.6202609050142682
4,deployed,0.2572360375050958,0.28,0.28533985671850426,0.6202609050142682
4,deployed,0.2572360375050958,0.29,0.27240957539751876,0.6202609050142682
4,deployed,0.2572360375050958,0.3,0.25703302463742794,0.6202609050142682
4,deployed,0.2572360375050958,0.31,0.25703302463742794,0.6202609050142682
4,deployed,0.2572360375050958,0.32,0.25109208457102916,0.6202609050142682
4,deployed,0.2572360375050958,0.33,0.24864581513192385,0.6202609050142682
4,deployed,0.2572360375050958,0.34,0.24864581513192385,0.6202609050142682
4,deployed,0.2572360375050958,0.35,0.24864581513192385,0.6202609050142682
4,deployed,0.2572360375050958,0.36,0.22994932727590423,0.6202609050142682
4,deployed,0.2572360375050958,0.37,0.22890092608771628,0.6202609050142682
4,deployed,0.2572360375050958,0.38,0.2238336536781408,0.6202609050142682
4,deployed,0.2572360375050958,0.39,0.2238336536781408,0.6202609050142682
4,deployed,0.2572360375050958,0.4,0.2238336536781408,0.6202609050142682
4,deployed,0.2572360375050958,0.41,0.21107810588852005,0.6202609050142682
4,deployed,0.2572360375050958,0.42,0.20898130351214395,0.6202609050142682
4,deployed,0.2572360375050958,0.43,0.20898130351214395,0.6202609050142682
4,deployed,0.2572360375050958,0.44,0.20898130351214395,0.6202609050142682
4,deployed,0.2572360375050958,0.45,0.20898130351214395,0.6202609050142682
4,deployed,0.2572360375050958,0.46,0.20898130351214395,0.6202609050142682
4,deployed,0.2572360375050958,0.47,0.19273108509522974,0.6202609050142682
4,deployed,0.2572360375050958,0.48,0.19273108509522974,0.6202609050142682
4,deployed,0.2572360375050958,0.49,0.18993534859339511,0.6202609050142682
4,deployed,0.2572360375050958,0.5,0.18259654027607897,0.6202609050142682
4,deployed,0.2572360375050958,0.51,0.18259654027607897,0.6202609050142682
4,deployed,0.2572360375050958,0.52,0.18259654027607897,0.6202609050142682
4,deployed,0.2572360375050958,0.53,0.17420933077057488,0.6202609050142682
4,deployed,0.2572360375050958,0.54,0.1724619954569282,0.6202609050142682
4,deployed,0.2572360375050958,0.55,0.1724619954569282,0.6202609050142682
4,deployed,0.2572360375050958,0.56,0.16966625895509346,0.6202609050142682
4,deployed,0.2572360375050958,0.57,0.1694915254237288,0.6202609050142682
4,deployed,0.2572360375050958,0.58,0.16477372007688273,0.6202609050142682
4,deployed,0.2572360375050958,0.59,0.1520181722872619,0.6202609050142682
4,deployed,0.2572360375050958,0.6,0.1520181722872619,0.6202609050142682
4,deployed,0.2572360375050958,0.61,0.1520181722872619,0.6202609050142682
4,deployed,0.2572360375050958,0.62,0.14555303162676914,0.6202609050142682
4,deployed,0.2572360375050958,0.63,0.14555303162676914,0.6202609050142682
4,deployed,0.2572360375050958,0.64,0.14555303162676914,0.6202609050142682
4,deployed,0.2572360375050958,0.65,0.14555303162676914,0.6202609050142682
4,deployed,0.2572360375050958,0.66,0.13087541499213695,0.6202609050142682
4,deployed,0.2572360375050958,0.67,0.12790494495893767,0.6202609050142682
4,deployed,0.2572360375050958,0.68,0.12790494495893767,0.6202609050142682
4,deployed,0.2572360375050958,0.69,0.12790494495893767,0.6202609050142682
4,deployed,0.2572360375050958,0.7,0.12371134020618557,0.6202609050142682
4,deployed,0.2572360375050958,0.71,0.12371134020618557,0.6202609050142682
4,deployed,0.2572360375050958,0.72,0.1198672025161629,0.6202609050142682
4,deployed,0.2572360375050958,0.73,0.1198672025161629,0.6202609050142682
4,deployed,0.2572360375050958,0.74,0.1198672025161629,0.6202609050142682
4,deployed,0.2572360375050958,0.75,0.1198672025161629,0.6202609050142682
4,deployed,0.2572360375050958,0.76,0.11322732832430549,0.6202609050142682
4,deployed,0.2572360375050958,0.77,0.11322732832430549,0.6202609050142682
4,deployed,0.2572360375050958,0.78,0.11322732832430549,0.6202609050142682
4,deployed,0.2572360375050958,0.79,0.10571378647562468,0.6202609050142682
4,deployed,0.2572360375050958,0.8,0.10571378647562468,0.6202609050142682
4,deployed,0.2572360375050958,0.81,0.10571378647562468,0.6202609050142682
4,deployed,0.2572360375050958,0.82,0.10571378647562468,0.6202609050142682
4,deployed,0.2572360375050958,0.83,0.09837497815830853,0.6202609050142682
4,deployed,0.2572360375050958,0.84,0.09837497815830853,0.6202609050142682
4,deployed,0.2572360375050958,0.85,0.08841516687052242,0.6202609050142682
4,deployed,0.2572360375050958,0.86,0.08631836449414643,0.6202609050142682
4,deployed,0.2572360375050958,0.87,0.08631836449414643,0.6202609050142682
4,deployed,0.2572360375050958,0.88,0.08631836449414643,0.6202609050142682
4,deployed,0.2572360375050958,0.89,0.08002795736501833,0.6202609050142682
4,deployed,0.2572360375050958,0.9,0.07705748733181894,0.6202609050142682
4,deployed,0.2572360375050958,0.906,0.07164074785951424,0.6202609050142682
4,deployed,0.2572360375050958,0.91,0.07164074785951424,0.6202609050142682
4,deployed,0.2572360375050958,0.92,0.06867027782631485,0.6202609050142682
4,deployed,0.2572360375050958,0.93,0.06832081076358554,0.6202609050142682
4,deployed,0.2572360375050958,0.94,0.06832081076358554,0.6202609050142682
4,deployed,0.2572360375050958,0.95,0.06832081076358554,0.6202609050142682
4,deployed,0.2572360375050958,0.96,0.06832081076358554,0.6202609050142682
4,deployed,0.2572360375050958,0.97,0.06832081076358554,0.6202609050142682
4,deployed,0.2572360375050958,0.98,0.06342827188537481,0.6202609050142682
4,deployed,0.2572360375050958,0.99,0.06342827188537481,0.6202609050142682
4,deployed,0.2572360375050958,1.0,0.06342827188537481,0.6202609050142682
4,double,0.5144720750101917,0.0,1.0,0.6202609050142682
4,double,0.5144720750101917,0.01,1.0,0.6202609050142682
4,double,0.5144720750101917,0.02,0.06115673597763416,0.6202609050142682
4,double,0.5144720750101917,0.03,0.036169840992486435,0.6202609050142682
4,double,0.5144720750101917,0.04,0.02568582911060635,0.6202609050142682
4,double,0.5144720750101917,0.05,0.02568582911060635,0.6202609050142682
4,double,0.5144720750101917,0.06,0.022365892014677646,0.6202609050142682
4,double,0.5144720750101917,0.07,0.021666957889218907,0.6202609050142682
4,double,0.5144720750101917,0.08,0.020793290232395623,0.6202609050142682
4,double,0.5144720750101917,0.09,0.016949152542372836,0.6202609050142682
4,double,0.5144720750101917,0.1,0.01013454481915077,0.6202609050142682
4,double,0.5144720750101917,0.11,0.006639874191857409,0.6202609050142682
4,double,0.5144720750101917,0.12,0.006639874191857409,0.6202609050142682
4,double,0.5144720750101917,0.13,0.004018871221387332,0.6202609050142682
4,double,0.5144720750101917,0.14,0.004018871221387332,0.6202609050142682
4,double,0.5144720750101917,0.15,0.0024462694391054196,0.6202609050142682
4,double,0.5144720750101917,0.16,0.0015726017822820237,0.6202609050142682
4,double,0.5144720750101917,0.17,0.0008736676568233959,0.6202609050142682
4,double,0.5144720750101917,0.18,0.0006989341254586279,0.6202609050142682
4,double,0.5144720750101917,0.19,0.0005242005940939709,0.6202609050142682
4,double,0.5144720750101917,0.2,0.0005242005940939709,0.6202609050142682
4,double,0.5144720750101917,0.21,0.0005242005940939709,0.6202609050142682
4,double,0.5144720750101917,0.22,0.00034946706272931394,0.6202609050142682
4,double,0.5144720750101917,0.23,0.00017473353136465697,0.6202609050142682
4,double,0.5144720750101917,0.24,0.0,0.6202609050142682
4,double,0.5144720750101917,0.25,0.0,0.6202609050142682
4,double,0.5144720750101917,0.26,0.0,0.6202609050142682
4,double,0.5144720750101917,0.27,0.0,0.6202609050142682
4,double,0.5144720750101917,0.28,0.0,0.6202609050142682
4,double,0.5144720750101917,0.29,0.0,0.6202609050142682
4,double,0.5144720750101917,0.3,0.0,0.6202609050142682
4,double,0.5144720750101917,0.31,0.0,0.6202609050142682
4,double,0.5144720750101917,0.32,0.0,0.6202609050142682
4,double,0.5144720750101917,0.33,0.0,0.6202609050142682
4,double,0.5144720750101917,0.34,0.0,0.6202609050142682
4,double,0.5144720750101917,0.35,0.0,0.6202609050142682
4,double,0.5144720750101917,0.36,0.0,0.6202609050142682
4,double,0.5144720750101917,0.37,0.0,0.6202609050142682
4,double,0.5144720750101917,0.38,0.0,0.6202609050142682
4,double,0.5144720750101917,0.39,0.0,0.6202609050142682
4,double,0.5144720750101917,0.4,0.0,0.6202609050142682
4,double,0.5144720750101917,0.41,0.0,0.6202609050142682
4,double,0.5144720750101917,0.42,0.0,0.6202609050142682
4,double,0.5144720750101917,0.43,0.0,0.6202609050142682
4,double,0.5144720750101917,0.44,0.0,0.6202609050142682
4,double,0.5144720750101917,0.45,0.0,0.6202609050142682
4,double,0.5144720750101917,0.46,0.0,0.6202609050142682
4,double,0.5144720750101917,0.47,0.0,0.6202609050142682
4,double,0.5144720750101917,0.48,0.0,0.6202609050142682
4,double,0.5144720750101917,0.49,0.0,0.6202609050142682
4,double,0.5144720750101917,0.5,0.0,0.6202609050142682
4,double,0.5144720750101917,0.51,0.0,0.6202609050142682
4,double,0.5144720750101917,0.52,0.0,0.6202609050142682
4,double,0.5144720750101917,0.53,0.0,0.6202609050142682
4,double,0.5144720750101917,0.54,0.0,0.6202609050142682
4,double,0.5144720750101917,0.55,0.0,0.6202609050142682
4,double,0.5144720750101917,0.56,0.0,0.6202609050142682
4,double,0.5144720750101917,0.57,0.0,0.6202609050142682
4,double,0.5144720750101917,0.58,0.0,0.6202609050142682
4,double,0.5144720750101917,0.59,0.0,0.6202609050142682
4,double,0.5144720750101917,0.6,0.0,0.6202609050142682
4,double,0.5144720750101917,0.61,0.0,0.6202609050142682
4,double,0.5144720750101917,0.62,0.0,0.6202609050142682
4,double,0.5144720750101917,0.63,0.0,0.6202609050142682
4,double,0.5144720750101917,0.64,0.0,0.6202609050142682
4,double,0.5144720750101917,0.65,0.0,0.6202609050142682
4,double,0.5144720750101917,0.66,0.0,0.6202609050142682
4,double,0.5144720750101917,0.67,0.0,0.6202609050142682
4,double,0.5144720750101917,0.68,0.0,0.6202609050142682
4,double,0.5144720750101917,0.69,0.0,0.6202609050142682
4,double,0.5144720750101917,0.7,0.0,0.6202609050142682
4,double,0.5144720750101917,0.71,0.0,0.6202609050142682
4,double,0.5144720750101917,0.72,0.0,0.6202609050142682
4,double,0.5144720750101917,0.73,0.0,0.6202609050142682
4,double,0.5144720750101917,0.74,0.0,0.6202609050142682
4,double,0.5144720750101917,0.75,0.0,0.6202609050142682
4,double,0.5144720750101917,0.76,0.0,0.6202609050142682
4,double,0.5144720750101917,0.77,0.0,0.6202609050142682
4,double,0.5144720750101917,0.78,0.0,0.6202609050142682
4,double,0.5144720750101917,0.79,0.0,0.6202609050142682
4,double,0.5144720750101917,0.8,0.0,0.6202609050142682
4,double,0.5144720750101917,0.81,0.0,0.6202609050142682
4,double,0.5144720750101917,0.82,0.0,0.6202609050142682
4,double,0.5144720750101917,0.83,0.0,0.6202609050142682
4,double,0.5144720750101917,0.84,0.0,0.6202609050142682
4,double,0.5144720750101917,0.85,0.0,0.6202609050142682
4,double,0.5144720750101917,0.86,0.0,0.6202609050142682
4,double,0.5144720750101917,0.87,0.0,0.6202609050142682
4,double,0.5144720750101917,0.88,0.0,0.6202609050142682
4,double,0.5144720750101917,0.89,0.0,0.6202609050142682
4,double,0.5144720750101917,0.9,0.0,0.6202609050142682
4,double,0.5144720750101917,0.906,0.0,0.6202609050142682
4,double,0.5144720750101917,0.91,0.0,0.6202609050142682
4,double,0.5144720750101917,0.92,0.0,0.6202609050142682
4,double,0.5144720750101917,0.93,0.0,0.6202609050142682
4,double,0.5144720750101917,0.94,0.0,0.6202609050142682
4,double,0.5144720750101917,0.95,0.0,0.6202609050142682
4,double,0.5144720750101917,0.96,0.0,0.6202609050142682
4,double,0.5144720750101917,0.97,0.0,0.6202609050142682
4,double,0.5144720750101917,0.98,0.0,0.6202609050142682
4,double,0.5144720750101917,0.99,0.0,0.6202609050142682
4,double,0.5144720750101917,1.0,0.0,0.6202609050142682
4,vn-only,0.6451284141867102,0.0,0.34544819150795036,0.6202609050142682
4,vn-only,0.6451284141867102,0.01,0.3248296348069194,0.6202609050142682
4,vn-only,0.6451284141867102,0.02,0.0,0.6202609050142682
4,vn-only,0.6451284141867102,0.03,0.0,0.6202609050142682
4,vn-only,0.6451284141867102,0.04,0.0,0.6202609050142682
4,vn-only,0.6451284141867102,0.05,0.0,0.6202609050142682
4,vn-only,0.6451284141867102,0.06,0.0,0.6202609050142682
4,vn-only,0.6451284141867102,0.07,0.0,0.6202609050142682
4,vn-only,0.6451284141867102,0.08,0.0,0.6202609050142682
4,vn-only,0.6451284141867102,0.09,0.0,0.6202609050142682
4,vn-only,0.6451284141867102,0.1,0.0,0.6202609050142682
4,vn-only,0.6451284141867102,0.11,0.0,0.6202609050142682
4,vn-only,0.6451284141867102,0.12,0.0,0.6202609050142682
4,vn-only,0.6451284141867102,0.13,0.0,0.6202609050142682
4,vn-only,0.6451284141867102,0.14,0.0,0.6202609050142682
4,vn-only,0.6451284141867102,0.15,0.0,0.6202609050142682
4,vn-only,0.6451284141867102,0.16,0.0,0.6202609050142682
4,vn-only,0.6451284141867102,0.17,0.0,0.6202609050142682
4,vn-only,0.6451284141867102,0.18,0.0,0.6202609050142682
4,vn-only,0.6451284141867102,0.19,0.0,0.6202609050142682
4,vn-only,0.6451284141867102,0.2,0.0,0.6202609050142682
4,vn-only,0.6451284141867102,0.21,0.0,0.6202609050142682
4,vn-only,0.6451284141867102,0.22,0.0,0.6202609050142682
4,vn-only,0.6451284141867102,0.23,0.0,0.6202609050142682
4,vn-only,0.6451284141867102,0.24,0.0,0.6202609050142682
4,vn-only,0.6451284141867102,0.25,0.0,0.6202609050142682
4,vn-only,0.6451284141867102,0.26,0.0,0.6202609050142682
4,vn-only,0.6451284141867102,0.27,0.0,0.6202609050142682
4,vn-only,0.6451284141867102,0.28,0.0,0.6202609050142682
4,vn-only,0.6451284141867102,0.29,0.0,0.6202609050142682
4,vn-only,0.6451284141867102,0.3,0.0,0.6202609050142682
4,vn-only,0.6451284141867102,0.31,0.0,0.6202609050142682
4,vn-only,0.6451284141867102,0.32,0.0,0.6202609050142682
4,vn-only,0.6451284141867102,0.33,0.0,0.6202609050142682
4,vn-only,0.6451284141867102,0.34,0.0,0.6202609050142682
4,vn-only,0.6451284141867102,0.35,0.0,0.6202609050142682
4,vn-only,0.6451284141867102,0.36,0.0,0.6202609050142682
4,vn-only,0.6451284141867102,0.37,0.0,0.6202609050142682
4,vn-only,0.6451284141867102,0.38,0.0,0.6202609050142682
4,vn-only,0.6451284141867102,0.39,0.0,0.6202609050142682
4,vn-only,0.6451284141867102,0.4,0.0,0.6202609050142682
4,vn-only,0.6451284141867102,0.41,0.0,0.6202609050142682
4,vn-only,0.6451284141867102,0.42,0.0,0.6202609050142682
4,vn-only,0.6451284141867102,0.43,0.0,0.6202609050142682
4,vn-only,0.6451284141867102,0.44,0.0,0.6202609050142682
4,vn-only,0.6451284141867102,0.45,0.0,0.6202609050142682
4,vn-only,0.6451284141867102,0.46,0.0,0.6202609050142682
4,vn-only,0.6451284141867102,0.47,0.0,0.6202609050142682
4,vn-only,0.6451284141867102,0.48,0.0,0.6202609050142682
4,vn-only,0.6451284141867102,0.49,0.0,0.6202609050142682
4,vn-only,0.6451284141867102,0.5,0.0,0.6202609050142682
4,vn-only,0.6451284141867102,0.51,0.0,0.6202609050142682
4,vn-only,0.6451284141867102,0.52,0.0,0.6202609050142682
4,vn-only,0.6451284141867102,0.53,0.0,0.6202609050142682
4,vn-only,0.6451284141867102,0.54,0.0,0.6202609050142682
4,vn-only,0.6451284141867102,0.55,0.0,0.6202609050142682
4,vn-only,0.6451284141867102,0.56,0.0,0.6202609050142682
4,vn-only,0.6451284141867102,0.57,0.0,0.6202609050142682
4,vn-only,0.6451284141867102,0.58,0.0,0.6202609050142682
4,vn-only,0.6451284141867102,0.59,0.0,0.6202609050142682
4,vn-only,0.6451284141867102,0.6,0.0,0.6202609050142682
4,vn-only,0.6451284141867102,0.61,0.0,0.6202609050142682
4,vn-only,0.6451284141867102,0.62,0.0,0.6202609050142682
4,vn-only,0.6451284141867102,0.63,0.0,0.6202609050142682
4,vn-only,0.6451284141867102,0.64,0.0,0.6202609050142682
4,vn-only,0.6451284141867102,0.65,0.0,0.6202609050142682
4,vn-only,0.6451284141867102,0.66,0.0,0.6202609050142682
4,vn-only,0.6451284141867102,0.67,0.0,0.6202609050142682
4,vn-only,0.6451284141867102,0.68,0.0,0.6202609050142682
4,vn-only,0.6451284141867102,0.69,0.0,0.6202609050142682
4,vn-only,0.6451284141867102,0.7,0.0,0.6202609050142682
4,vn-only,0.6451284141867102,0.71,0.0,0.6202609050142682
4,vn-only,0.6451284141867102,0.72,0.0,0.6202609050142682
4,vn-only,0.6451284141867102,0.73,0.0,0.6202609050142682
4,vn-only,0.6451284141867102,0.74,0.0,0.6202609050142682
4,vn-only,0.6451284141867102,0.75,0.0,0.6202609050142682
4,vn-only,0.6451284141867102,0.76,0.0,0.6202609050142682
4,vn-only,0.6451284141867102,0.77,0.0,0.6202609050142682
4,vn-only,0.6451284141867102,0.78,0.0,0.6202609050142682
4,vn-only,0.6451284141867102,0.79,0.0,0.6202609050142682
4,vn-only,0.6451284141867102,0.8,0.0,0.6202609050142682
4,vn-only,0.6451284141867102,0.81,0.0,0.6202609050142682
4,vn-only,0.6451284141867102,0.82,0.0,0.6202609050142682
4,vn-only,0.6451284141867102,0.83,0.0,0.6202609050142682
4,vn-only,0.6451284141867102,0.84,0.0,0.6202609050142682
4,vn-only,0.6451284141867102,0.85,0.0,0.6202609050142682
4,vn-only,0.6451284141867102,0.86,0.0,0.6202609050142682
4,vn-only,0.6451284141867102,0.87,0.0,0.6202609050142682
4,vn-only,0.6451284141867102,0.88,0.0,0.6202609050142682
4,vn-only,0.6451284141867102,0.89,0.0,0.6202609050142682
4,vn-only,0.6451284141867102,0.9,0.0,0.6202609050142682
4,vn-only,0.6451284141867102,0.906,0.0,0.6202609050142682
4,vn-only,0.6451284141867102,0.91,0.0,0.6202609050142682
4,vn-only,0.6451284141867102,0.92,0.0,0.6202609050142682
4,vn-only,0.6451284141867102,0.93,0.0,0.6202609050142682
4,vn-only,0.6451284141867102,0.94,0.0,0.6202609050142682
4,vn-only,0.6451284141867102,0.95,0.0,0.6202609050142682
4,vn-only,0.6451284141867102,0.96,0.0,0.6202609050142682
4,vn-only,0.6451284141867102,0.97,0.0,0.6202609050142682
4,vn-only,0.6451284141867102,0.98,0.0,0.6202609050142682
4,vn-only,0.6451284141867102,0.99,0.0,0.6202609050142682
4,vn-only,0.6451284141867102,1.0,0.0,0.6202609050142682
