message_id,date,text_sha1,label,split,chars,accented,pii_tokens,residual_pii,n_urls,n_shortened,n_urls_valid,n_shortened_valid,apexes
COM_007,28/05/2026,351eb790d85c284d,0,train,148,0,[MONEY] [TIME],,0,0,0,0,
TE_027,28/05/2026,816ca8465a7ed042,0,train,408,1,[DATE] [MONEY] [TB],,1,0,1,0,viettel.vn
TE_030,28/05/2026,e9b465569eb19130,0,train,260,1,[NUMBER] [TB],,0,0,0,0,
TE_036,28/05/2026,d5fa8aebec092acf,0,train,360,1,[MONEY] [NUMBER],,2,0,2,0,vietnamobile.com.vn
TE_045,28/05/2026,b099f169eaa2fca5,0,test,257,1,[MONEY],,1,0,1,0,viettel.vn
COM_085,18/06/2026,e8884ad8c4bd3c86,0,test,393,0,[MONEY] [NUMBER] [TIME],,1,1,1,1,page.link
COM_086,18/06/2026,fcb04195aafacef7,0,train,151,0,[MONEY],,1,0,1,0,momo.vn
COM_087,18/06/2026,8d28b18772a5037b,0,train,237,1,[DATE] [MONEY] [TB],,1,0,1,0,viettel.vn
COM_088,18/06/2026,807417b85e8fb5b7,0,train,150,0,[TIME],,0,0,0,0,
COM_089,18/06/2026,f804f77a4575b626,0,train,154,0,[NUMBER],,0,0,0,0,
COM_090,18/06/2026,b5fecbbc95f1126f,0,train,370,1,[MONEY],,1,0,1,0,viettel.vn
COM_091,18/06/2026,58a7d6e6610164d8,0,train,120,0,[MONEY] [NAME] [TIME],,0,0,0,0,
COM_092,18/06/2026,95f381ae933f7589,0,test,218,1,[MONEY] [TB] [TIME],,0,0,0,0,
COM_093,18/06/2026,652735c8b1886269,0,train,102,0,,,0,0,0,0,
COM_094,18/06/2026,2d6a0d2d5258d241,0,train,358,1,[MONEY] [NUMBER] [QC],,1,0,1,0,viettel.vn
COM_095,18/06/2026,d5d9e85f921a2ec4,0,train,422,0,[MONEY] [NUMBER] [TIME],,1,0,1,0,viettel.vn
COM_096,18/06/2026,9440215c1c2c8f24,0,train,297,1,[DATE] [TB],,0,0,0,0,
COM_097,18/06/2026,7681db48d37663d0,0,train,163,1,[TB],,1,0,1,0,thitimhieuluatphongchongmatuy.vn
COM_098,18/06/2026,3927c04922d1f625,0,train,120,0,[MONEY] [NAME] [TIME],,0,0,0,0,
COM_099,18/06/2026,e7e102a9ebfb0a45,0,train,120,0,[MONEY] [NAME] [TIME],,0,0,0,0,
COM_100,18/06/2026,23558b1b1bb9455d,0,test,402,1,[MONEY] [NUMBER] [TB],,0,0,0,0,
COM_101,18/06/2026,b8c6d47397723f6d,0,train,299,0,[DATE] [NUMBER] [POINT],,1,1,1,1,page.link
COM_102,18/06/2026,5ddb7da6f41b86a1,0,train,348,1,[MONEY] [NUMBER] [TB],,0,0,0,0,
COM_103,18/06/2026,ba75615177f4dd47,0,test,297,1,[MONEY] [NUMBER] [TB],,1,0,1,0,viettel.vn
COM_104,18/06/2026,fbe12ffbe0a3bdfc,0,train,332,1,[MONEY] [NUMBER] [TB],,1,0,1,0,viettel.vn
COM_105,18/06/2026,3641cdd4226b6ef5,0,train,257,1,[NUMBER] [TB],,1,0,1,0,viettel.vn
COM_106,18/06/2026,f5858bba0d208b51,0,train,404,1,[DATE] [MONEY] [TIME],,1,0,1,0,vtmoney.vn
COM_107,18/06/2026,1ab8e19ee6ed4e3d,0,train,266,1,[MONEY] [TIME],,0,0,0,0,
COM_108,18/06/2026,aba0186457e48984,0,train,208,1,[MONEY],,0,0,0,0,
COM_109,18/06/2026,871520317e2f70b7,0,train,380,1,[MONEY],,1,0,1,0,viettel.vn
COM_110,18/06/2026,b47959f0f26b1637,0,train,113,0,[MONEY] [TIME],,0,0,0,0,
COM_111,18/06/2026,67ce0a14a25c7863,0,train,225,1,[MONEY] [NUMBER] [POINT] [QC],,1,0,1,0,vtmoney.vn
COM_112,18/06/2026,d79635b4163a95f1,0,train,120,0,[MONEY] [NAME] [TIME],,0,0,0,0,
COM_113,18/06/2026,b176cde1bce05cc8,0,train,263,1,[MONEY] [QC],,1,1,1,1,page.link
COM_114,18/06/2026,b8b3a96cd2a86a87,0,train,214,1,[DATE] [MONEY] [TB],,1,1,1,1,page.link
COM_115,18/06/2026,3b6c02896b193292,0,train,120,0,[MONEY] [NAME] [TIME],,0,0,0,0,
COM_116,18/06/2026,65a385824099aaa2,0,train,112,0,[MONEY] [TIME],,0,0,0,0,
COM_117,18/06/2026,3a49b9527950dd51,0,train,407,0,[MONEY] [NUMBER] [TIME],,1,0,1,0,viettel.vn
COM_118,18/06/2026,d92922d197338cdc,0,train,239,1,[TB],,1,0,1,0,tiktok.com
COM_119,18/06/2026,7541a4b3bf29f6a1,0,test,120,0,[MONEY] [NAME] [TIME],,0,0,0,0,
COM_120,18/06/2026,096711450c6b01c5,0,train,322,1,[DATE] [MONEY] [TIME],,1,0,1,0,viettel.vn
COM_121,18/06/2026,9a6825757405f7e8,0,train,120,0,[MONEY] [NAME] [TIME],,0,0,0,0,
COM_122,18/06/2026,33865c9e058f7c29,0,train,289,1,[DATE] [MONEY] [TB],,1,0,1,0,viettel.vn
COM_123,18/06/2026,78a2261e7a38cc61,0,train,267,1,[MONEY],,1,0,1,0,viettel.vn
COM_124,18/06/2026,17e5c0293c5a98ef,0,train,161,1,,,0,0,0,0,
COM_125,18/06/2026,9dc10f73a91736de,0,train,375,1,[TB],,0,0,0,0,
COM_126,18/06/2026,281b9b47ac4fcf40,0,train,120,0,[MONEY] [NAME] [TIME],,0,0,0,0,
COM_127,18/06/2026,e5f1618f12529aa4,0,train,120,0,[MONEY] [NAME] [TIME],,0,0,0,0,
COM_128,18/06/2026,d931c89534f36018,0,train,320,1,[NUMBER] [TB],,0,0,0,0,
COM_129,18/06/2026,f0946fcb34396227,0,train,120,0,[MONEY] [NAME] [TIME],,0,0,0,0,
COM_130,18/06/2026,bbb8f187b34290ff,0,train,206,1,[MONEY],,0,0,0,0,
COM_131,18/06/2026,164316f4b14e6bae,0,train,227,1,[MONEY],,1,0,1,0,viettel.vn
COM_132,18/06/2026,be542e66876677a4,0,train,120,0,[MONEY] [NAME] [TIME],,0,0,0,0,
COM_133,18/06/2026,12ce613bd01dbf0d,0,train,120,0,[MONEY] [NAME] [TIME],,0,0,0,0,
COM_134,18/06/2026,3591758ac3a21dcc,0,test,120,0,[MONEY] [NAME] [TIME],,0,0,0,0,
COM_135,18/06/2026,90f2440df1128ab3,0,train,487,1,[MONEY] [TIME],,1,0,1,0,viettel.vn
COM_136,18/06/2026,1bc18ec2dc156d78,0,train,82,1,[MONEY],,0,0,0,0,
COM_137,18/06/2026,403fb5034d33e411,0,train,120,0,[MONEY] [NAME] [TIME],,0,0,0,0,
COM_138,18/06/2026,b89ec2a20c0e4327,0,train,264,0,[MONEY] [NUMBER] [TIME],,0,0,0,0,
COM_139,18/06/2026,56e92a1623dc5ad7,0,test,120,0,[MONEY] [NAME] [TIME],,0,0,0,0,
COM_140,18/06/2026,10ad651bc3cce5ef,0,train,221,1,[MONEY] [TB] [TIME],,0,0,0,0,
COM_141,18/06/2026,fabfb087e0b36a26,0,train,120,0,[MONEY] [NAME] [TIME],,0,0,0,0,
COM_142,18/06/2026,d65a5c01d36e86ed,0,train,323,0,[DATE] [POINT],,1,1,1,1,page.link
COM_143,18/06/2026,285fe3b6ee682477,0,train,577,1,[TB],,0,0,0,0,
COM_144,18/06/2026,a030f9a4b643756c,0,train,120,0,[MONEY] [NAME] [TIME],,0,0,0,0,
COM_145,18/06/2026,33c450c30eb40866,0,test,120,0,[MONEY] [NAME] [TIME],,0,0,0,0,
COM_146,18/06/2026,7aa8bd6ffc5c9934,0,train,382,1,[TB],,1,0,0,0,
COM_147,18/06/2026,07fd5e7415655725,0,train,299,0,[DATE] [NUMBER] [POINT],,1,1,1,1,page.link
COM_148,18/06/2026,6dfa63c992251b99,0,train,104,0,[MONEY] [TIME],,0,0,0,0,
COM_149,18/06/2026,5aa054dd720565f0,0,train,241,0,[MONEY],,1,1,1,1,page.link
COM_150,18/06/2026,071315ae04f12055,0,train,262,1,[MONEY] [NUMBER] [TB],,0,0,0,0,
COM_151,18/06/2026,4c6a75205b7f173e,0,train,248,0,[MONEY] [NUMBER] [POINT] [QC],,1,0,1,0,vtmoney.vn
COM_152,18/06/2026,6657e993a28dc264,0,train,120,0,[MONEY] [NAME] [TIME],,0,0,0,0,
COM_153,18/06/2026,042d35ee2b6080ae,0,train,194,1,[NUMBER] [TB],,1,0,1,0,dx.gov.vn
COM_154,18/06/2026,46162f77b1fcaace,0,train,120,0,[MONEY] [NAME] [TIME],,0,0,0,0,
COM_155,18/06/2026,6ac0d2a28edbbf0c,0,train,301,1,[MONEY] [QC],,1,1,1,1,page.link
COM_156,18/06/2026,fbe4070d3e651afa,0,train,432,0,[MONEY] [TIME],,0,0,0,0,
COM_157,23/06/2026,d65a5c01d36e86ed,0,train,323,0,[DATE] [POINT],,1,1,1,1,page.link
COM_158,23/06/2026,b204b457ebda66f4,0,train,107,0,[MONEY] [NUMBER] [TIME],,0,0,0,0,
COM_159,23/06/2026,85d9f3c9b399b33f,0,train,120,0,[MONEY] [NAME] [TIME],,0,0,0,0,
COM_160,23/06/2026,20a1005709d820ea,0,test,330,1,[MONEY] [NUMBER],,1,0,1,0,garena.vn
COM_161,23/06/2026,7ea61cc217e23623,0,train,120,0,[MONEY] [NAME] [TIME],,0,0,0,0,
COM_162,23/06/2026,9670f2f482f0a883,0,test,107,0,[MONEY] [NUMBER] [TIME],,0,0,0,0,
COM_163,23/06/2026,34b309f337e503c3,0,train,156,0,[MONEY],,0,0,0,0,
COM_164,23/06/2026,73108badb6a3851a,0,train,265,0,[MONEY] [NUMBER] [TIME],,0,0,0,0,
COM_165,23/06/2026,bf52111780bf6cab,0,train,445,0,[DATE] [NUMBER] [TB],,3,0,0,0,
COM_166,23/06/2026,c9fa1d83a06df1dd,0,train,120,0,[MONEY] [NAME] [TIME],,0,0,0,0,
COM_167,23/06/2026,346bee4a5086f717,0,train,323,1,[DATE] [MONEY] [TB],,2,0,2,0,viettel.vn
COM_168,23/06/2026,efcc508934fa33c5,0,train,289,1,[DATE] [MONEY] [NUMBER] [QC],,0,0,0,0,
COM_169,23/06/2026,39cfc42248f4b583,0,train,175,1,[MONEY],,0,0,0,0,
COM_170,23/06/2026,a5d7c0e86c70fdaa,0,test,113,0,[MONEY] [NUMBER] [TIME],,0,0,0,0,
COM_171,23/06/2026,1826338e3eee052f,0,train,142,0,[DATE] [MONEY] [NUMBER] [TIME],,0,0,0,0,
COM_172,23/06/2026,e8884ad8c4bd3c86,0,test,393,0,[MONEY] [NUMBER] [TIME],,1,1,1,1,page.link
COM_173,23/06/2026,0b1806170c97a71c,0,train,265,0,[MONEY],,1,0,1,0,vtmoney.vn
COM_174,23/06/2026,d73cd1a902019712,0,train,231,1,[MONEY] [TB],,1,0,1,0,viettel.vn
COM_175,23/06/2026,1a4f2392f80ed9bb,0,train,120,0,[MONEY] [NAME] [TIME],,0,0,0,0,
COM_176,23/06/2026,b9c8cc63117de48a,0,train,411,1,[DATE] [MONEY] [NUMBER] [QC],,1,1,1,1,page.link
COM_177,23/06/2026,ce133f231239d195,0,train,120,0,[MONEY] [NAME] [TIME],,0,0,0,0,
COM_178,23/06/2026,4159727c9c047224,0,train,224,1,[DATE] [MONEY] [TB],,0,0,0,0,
COM_179,23/06/2026,9b03189e6021c190,0,train,325,0,[DATE] [POINT],,1,1,1,1,page.link
COM_180,23/06/2026,a7cd757e5cf46f4e,0,train,174,1,[MONEY] [TB] [TIME],,0,0,0,0,
COM_181,23/06/2026,301edcf12d12ccba,0,test,120,0,[MONEY] [NAME] [TIME],,0,0,0,0,
COM_182,23/06/2026,ef0014906accb050,0,train,120,0,[MONEY] [NAME] [TIME],,0,0,0,0,
COM_183,23/06/2026,9b03189e6021c190,0,train,325,0,[DATE] [POINT],,1,1,1,1,page.link
COM_184,23/06/2026,3498d7502922913d,0,train,120,0,[MONEY] [NAME] [TIME],,0,0,0,0,
COM_185,23/06/2026,1828648a4c22a2c0,0,train,324,0,[DATE] [POINT],,1,1,1,1,page.link
COM_186,23/06/2026,0621a41f296c64bd,0,train,120,0,[MONEY] [NAME] [TIME],,0,0,0,0,
COM_187,23/06/2026,0e81372cd81c099a,0,train,325,0,[DATE] [POINT],,1,1,1,1,page.link
COM_188,23/06/2026,43c1ba3efbd65fd2,0,train,132,0,[MONEY] [TIME],,0,0,0,0,
COM_189,23/06/2026,8f1ec08588ca2b21,0,train,320,0,[MONEY] [NUMBER] [QC],,1,0,1,0,viettel.vn
COM_190,23/06/2026,2abe1182046fd5ed,0,train,120,0,[MONEY] [NAME] [TIME],,0,0,0,0,
COM_191,23/06/2026,6f9621fdee0eb2dd,0,train,377,1,[DATE] [MONEY] [TB],,2,0,2,0,viettel.vn
COM_192,23/06/2026,1e9f18a87a0f0b33,0,train,113,0,[MONEY] [NUMBER] [TIME],,0,0,0,0,
COM_193,23/06/2026,4af2c38ca304f1e9,0,test,142,0,[DATE] [MONEY] [NUMBER] [TIME],,0,0,0,0,
COM_194,23/06/2026,2019d5befe199474,0,train,319,1,[MONEY] [TB],,2,0,2,0,viettel.vn
COM_195,23/06/2026,b063a70eac6c23dd,0,train,120,0,[MONEY] [NAME] [TIME],,0,0,0,0,
COM_196,23/06/2026,e510ce4f57196836,0,train,120,0,[MONEY] [NAME] [TIME],,0,0,0,0,
COM_197,23/06/2026,346eb710176ae807,0,train,214,1,[DATE] [MONEY] [TB],,1,0,1,0,viettel.vn
COM_198,23/06/2026,ed767028e1d92839,0,train,120,0,[MONEY] [NAME] [TIME],,0,0,0,0,
COM_199,23/06/2026,0e81372cd81c099a,0,train,325,0,[DATE] [POINT],,1,1,1,1,page.link
COM_200,23/06/2026,7b1ff2a2bfc1ad10,0,train,120,0,[MONEY] [NAME] [TIME],,0,0,0,0,
COM_201,23/06/2026,461517daf03c2616,0,test,324,0,[DATE] [POINT],,1,1,1,1,page.link
COM_202,23/06/2026,4ac9ab3bd7f3027a,0,train,147,0,[DATE] [MONEY],,1,0,1,0,vtmoney.vn
COM_203,23/06/2026,a55bdf6cca4efbfe,0,train,120,0,[MONEY] [NAME] [TIME],,0,0,0,0,
COM_204,23/06/2026,6ea7331d5b15cc80,0,train,120,0,[MONEY] [NAME] [TIME],,0,0,0,0,
COM_205,23/06/2026,a852d6e2ba15f98f,0,train,246,1,[MONEY] [QC],,1,1,1,1,page.link
COM_206,23/06/2026,2d0cdd08c8243596,0,train,120,0,[MONEY] [NAME] [TIME],,0,0,0,0,
COM_207,23/06/2026,627e96157a10af23,0,train,120,0,[MONEY] [NAME] [TIME],,0,0,0,0,
COM_208,23/06/2026,e45ee20fc80f1402,0,train,301,1,[MONEY] [NUMBER] [QC],,1,0,1,0,vtmoney.vn
COM_209,23/06/2026,974f99b07ac65600,0,train,120,0,[MONEY] [NAME] [TIME],,0,0,0,0,
COM_210,23/06/2026,fd35c9916892ff9a,0,train,120,0,[MONEY] [NAME] [TIME],,0,0,0,0,
COM_211,23/06/2026,e879f5621f74eb0f,0,train,260,1,[MONEY] [QC] [TIME],,1,1,1,1,page.link
COM_212,23/06/2026,8760443f6649053c,0,test,325,0,[DATE] [POINT],,1,1,1,1,page.link
COM_213,23/06/2026,0cc0a819b2f78e8a,0,train,120,0,[MONEY] [NAME] [TIME],,0,0,0,0,
COM_214,23/06/2026,2ced72ac77b21d90,0,train,115,1,[TB],,0,0,0,0,
COM_215,23/06/2026,d209ea1c7d2510f7,0,test,214,1,[DATE] [MONEY] [TB],,1,0,1,0,viettel.vn
COM_216,23/06/2026,8760443f6649053c,0,test,325,0,[DATE] [POINT],,1,1,1,1,page.link
COM_217,23/06/2026,2fe42160954e9470,0,train,218,0,[MONEY] [TB],,1,1,1,1,page.link
COM_218,23/06/2026,ef442098a43d4d75,0,train,120,0,[MONEY] [NAME] [TIME],,0,0,0,0,
COM_219,23/06/2026,e132ddf0c9c5b984,0,train,324,0,[DATE] [POINT],,1,1,1,1,page.link
COM_220,23/06/2026,12aa970a26cac520,0,train,120,0,[MONEY] [NAME] [TIME],,0,0,0,0,
COM_221,23/06/2026,de6d3cdf50ba2246,0,train,120,0,[MONEY] [NAME] [TIME],,0,0,0,0,
COM_222,23/06/2026,7d824ef338d727ea,0,train,120,0,[MONEY] [NAME] [TIME],,0,0,0,0,
COM_223,23/06/2026,3a1c31a2ad404e6e,0,test,227,0,[MONEY] [TB] [TIME],,0,0,0,0,
COM_224,23/06/2026,76f0c98579fde8e4,0,test,120,0,[MONEY] [NAME] [TIME],,0,0,0,0,
COM_225,23/06/2026,33865c9e058f7c29,0,train,289,1,[DATE] [MONEY] [TB],,1,0,1,0,viettel.vn
COM_226,23/06/2026,52f1f57a669fd5fd,0,train,208,0,[DATE] [MONEY] [TB],,1,1,1,1,page.link
COM_227,23/06/2026,ebf8dcaf6dc2da0e,0,train,161,0,[MONEY],,0,0,0,0,
COM_228,23/06/2026,9f27a0a6822d6eb0,0,train,232,0,[MONEY] [NUMBER],,1,0,1,0,myclip.vn
COM_229,23/06/2026,4cf5fccaa21a7f5c,0,train,280,0,[DATE] [MONEY] [TB] [TIME],,0,0,0,0,
COM_230,23/06/2026,30906b06f5af7e39,0,train,120,0,[MONEY] [NAME] [TIME],,0,0,0,0,
COM_231,23/06/2026,52f1f57a669fd5fd,0,train,208,0,[DATE] [MONEY] [TB],,1,1,1,1,page.link
COM_232,23/06/2026,126df259e00f81bc,0,train,120,0,[MONEY] [NAME] [TIME],,0,0,0,0,
COM_233,23/06/2026,220aee352973861a,0,test,337,0,[MONEY] [NUMBER] [QC] [TIME],,0,0,0,0,
COM_234,23/06/2026,ea1d3f5705eae4cc,0,test,375,0,[MONEY],,1,0,1,0,vtmoney.vn
COM_235,23/06/2026,0656939429bd8105,0,train,279,0,[MONEY] [NUMBER],,0,0,0,0,
COM_236,23/06/2026,e48fa1bc49109f67,0,test,324,0,[DATE] [POINT],,1,1,1,1,page.link
COM_237,23/06/2026,fe40e62cfcae2fff,0,train,120,0,[MONEY] [NAME] [TIME],,0,0,0,0,
COM_238,23/06/2026,52f1f57a669fd5fd,0,train,208,0,[DATE] [MONEY] [TB],,1,1,1,1,page.link
COM_239,23/06/2026,307f1deafc067f6c,0,train,120,0,[MONEY] [NAME] [TIME],,0,0,0,0,
COM_240,23/06/2026,7ceec55d08b4a166,0,train,324,0,[DATE] [POINT],,1,1,1,1,page.link
COM_241,23/06/2026,75ada40caac51938,0,train,120,0,[MONEY] [NAME] [TIME],,0,0,0,0,
COM_242,23/06/2026,314addf9192a060d,0,train,214,1,[DATE] [MONEY] [TB],,1,0,1,0,viettel.vn
COM_243,23/06/2026,6ff6ba512beb64c4,0,train,120,0,[MONEY] [NAME] [TIME],,0,0,0,0,
COM_244,23/06/2026,9054eb489d2a5f41,0,train,120,0,[MONEY] [NAME] [TIME],,0,0,0,0,
COM_245,23/06/2026,2a46ab53fb85dd4b,0,train,113,0,[MONEY] [NUMBER] [TIME],,0,0,0,0,
COM_246,23/06/2026,dcc18c731a36a5f4,0,train,37,0,[MONEY],,0,0,0,0,
COM_247,23/06/2026,eb0dbb576863ea23,0,test,142,0,[DATE] [MONEY] [NUMBER] [TIME],,0,0,0,0,
COM_248,23/06/2026,ade5013ff5b5f231,0,test,184,0,[DATE] [MONEY],,0,0,0,0,
COM_249,23/06/2026,a4b98252ae6a2f4a,0,train,113,0,[MONEY] [NUMBER] [TIME],,0,0,0,0,
COM_250,23/06/2026,ade5013ff5b5f231,0,test,184,0,[DATE] [MONEY],,0,0,0,0,
COM_251,23/06/2026,541dfb8c5bdcee98,0,train,393,0,[MONEY] [NUMBER] [TIME],,1,1,1,1,page.link
COM_252,23/06/2026,7ceec55d08b4a166,0,train,324,0,[DATE] [POINT],,1,1,1,1,page.link
COM_253,23/06/2026,ea6e812b5dc6088c,0,train,120,0,[MONEY] [NAME] [TIME],,0,0,0,0,
COM_254,23/06/2026,bcfbf34cc40ad8b8,0,train,162,1,[MONEY],,0,0,0,0,
COM_255,23/06/2026,943db4ffedb49e31,0,train,120,0,[MONEY] [NAME] [TIME],,0,0,0,0,
COM_256,23/06/2026,7ceec55d08b4a166,0,train,324,0,[DATE] [POINT],,1,1,1,1,page.link
COM_257,23/06/2026,17a4caff255d7a51,0,train,295,1,[DATE] [NUMBER] [TB],,1,0,1,0,vietrade.gov.vn
COM_259,23/06/2026,29ee93a007838035,0,train,111,0,[MONEY] [TIME],,0,0,0,0,
COM_260,23/06/2026,7ceec55d08b4a166,0,train,324,0,[DATE] [POINT],,1,1,1,1,page.link
COM_261,23/06/2026,8fde86188155d32b,0,train,120,0,[MONEY] [NAME] [TIME],,0,0,0,0,
COM_262,26/06/2026,f537918505e8b92d,0,train,313,1,[MONEY] [NUMBER] [QC],,0,0,0,0,
COM_263,26/06/2026,c39ed5ec9df0606e,0,train,120,0,[MONEY] [NAME] [TIME],,0,0,0,0,
COM_264,26/06/2026,61eba8538e9dde90,0,train,120,0,[MONEY] [NAME] [TIME],,0,0,0,0,
COM_265,26/06/2026,e4cee0cf19345cdc,0,train,298,0,[DATE] [NUMBER] [POINT],,1,1,1,1,page.link
COM_266,26/06/2026,4478bbb38d351a6d,0,train,202,1,[MONEY] [TB] [TIME],,0,0,0,0,
COM_267,26/06/2026,feb5912011e9c694,0,test,227,0,[NUMBER],,1,0,1,0,vtmoney.vn
COM_268,26/06/2026,4cf5fccaa21a7f5c,0,train,280,0,[DATE] [MONEY] [TB] [TIME],,0,0,0,0,
COM_269,26/06/2026,b0e717931ca2aea0,0,train,120,0,[MONEY] [NAME] [TIME],,0,0,0,0,
COM_270,26/06/2026,21b15af5cfa295e4,0,train,323,1,[MONEY] [NUMBER] [QC],,1,0,1,0,vtmoney.vn
COM_271,26/06/2026,2fb58dc6b4c22c64,0,test,120,0,[MONEY] [NAME] [TIME],,0,0,0,0,
COM_272,26/06/2026,0ea3b563138bb97d,0,train,144,0,[NUMBER] [TIME],,0,0,0,0,
COM_273,26/06/2026,9c815c0ba4bc0871,0,train,214,1,[DATE] [MONEY] [TB],,1,0,1,0,viettel.vn
COM_274,26/06/2026,0ea3b563138bb97d,0,train,144,0,[NUMBER] [TIME],,0,0,0,0,
COM_275,26/06/2026,517e7c42586dace4,0,test,227,1,[DATE] [MONEY] [TB],,1,0,1,0,vtmoney.vn
COM_276,26/06/2026,7ceec55d08b4a166,0,train,324,0,[DATE] [POINT],,1,1,1,1,page.link
COM_277,26/06/2026,ae4bfa2568dc52a4,0,train,288,1,[DATE] [MONEY] [TB],,1,0,1,0,viettel.vn
COM_278,26/06/2026,7ceec55d08b4a166,0,train,324,0,[DATE] [POINT],,1,1,1,1,page.link
COM_279,26/06/2026,679e07ff159c2416,0,test,111,0,[MONEY] [TIME],,0,0,0,0,
COM_280,26/06/2026,b7bbef289c18b174,0,train,120,0,[MONEY] [NAME] [TIME],,0,0,0,0,
COM_281,26/06/2026,b5f5dbd23973720b,0,train,178,0,[MONEY] [NUMBER] [TIME],,1,0,1,0,momo.vn
COM_282,26/06/2026,e02e2ce2c306cfe8,0,train,271,1,[MONEY] [NUMBER] [QC],,0,0,0,0,
COM_283,26/06/2026,cbd2127fc9c5fade,0,train,120,0,[MONEY] [NAME] [TIME],,0,0,0,0,
COM_284,26/06/2026,16eec9dcb2a146c9,0,train,306,1,[TB],,2,1,2,0,tiktok.com zalo.me
COM_285,26/06/2026,3504122abbc9fef7,0,train,120,0,[MONEY] [NAME] [TIME],,0,0,0,0,
COM_286,26/06/2026,80e79ebc56890820,0,train,278,1,[DATE] [NUMBER],,0,0,0,0,
COM_287,26/06/2026,7ceec55d08b4a166,0,train,324,0,[DATE] [POINT],,1,1,1,1,page.link
COM_288,26/06/2026,37de3b8ba6a52685,0,train,194,1,[MONEY] [NUMBER] [TB],,0,0,0,0,
COM_289,26/06/2026,be713f5911c928bb,0,train,477,1,[DATE] [MONEY] [NUMBER] [QC],,1,0,1,0,viettel.vn
COM_290,26/06/2026,d6b0676aebe2162b,0,train,120,0,[MONEY] [NAME] [TIME],,0,0,0,0,
COM_291,26/06/2026,f76bed47c4a77986,0,train,56,0,[NUMBER],,0,0,0,0,
COM_292,26/06/2026,5d34d7cb5ce59f23,0,train,178,1,[MONEY] [TB],,1,0,1,0,viettel.vn
COM_293,26/06/2026,6b3ec153bf333a31,0,train,302,1,[DATE] [MONEY] [TB],,1,0,1,0,viettel.vn
COM_294,26/06/2026,84301b178df63e38,0,train,141,1,[TB],,0,0,0,0,
COM_295,26/06/2026,7ceec55d08b4a166,0,train,324,0,[DATE] [POINT],,1,1,1,1,page.link
COM_296,26/06/2026,d5f01dfd364773dd,0,train,120,0,[MONEY] [NAME] [TIME],,0,0,0,0,
COM_297,26/06/2026,e399699d35f02518,0,train,324,0,[DATE] [POINT],,1,1,1,1,page.link
COM_298,26/06/2026,0eb5dc69a938dc88,0,test,111,0,[MONEY] [TIME],,0,0,0,0,
COM_299,26/06/2026,14a686c072175f41,0,train,195,0,[MONEY] [TB],,0,0,0,0,
COM_300,26/06/2026,31988e04ff5599c7,0,train,126,0,[NAME],,0,0,0,0,
COM_301,26/06/2026,b63257d6e2289ea7,0,train,120,0,[MONEY] [NAME] [TIME],,0,0,0,0,
COM_302,26/06/2026,55f58a9fb29d46b9,0,train,324,0,[DATE] [POINT],,1,1,1,1,page.link
COM_303,26/06/2026,d9c3e3c745e0203c,0,train,51,1,[NUMBER],,0,0,0,0,
COM_304,26/06/2026,dade7e70fd17a98d,0,train,324,0,[DATE] [POINT],,1,1,1,1,page.link
COM_305,26/06/2026,4f9f4469e734fbe3,0,train,258,0,[MONEY] [NUMBER],,1,0,1,0,myclip.vn
COM_306,26/06/2026,8c2f781206f2253b,0,train,106,0,[MONEY] [TIME],,0,0,0,0,
COM_307,26/06/2026,9d3015dfa3bc719e,0,train,210,1,[MONEY] [NUMBER] [QC],,1,0,1,0,vtmoney.vn
COM_308,26/06/2026,45e7ba87b5ee29ff,0,train,231,1,[MONEY] [TB],,1,1,1,1,page.link
COM_309,26/06/2026,26f4e4481d6dfd91,0,train,120,0,[MONEY] [NAME] [TIME],,0,0,0,0,
COM_310,26/06/2026,7e62c9c795874335,0,train,40,1,[NUMBER],,0,0,0,0,
COM_311,26/06/2026,23a65878ebf7e115,0,train,240,1,[TB],,1,0,1,0,tiktok.com
COM_312,26/06/2026,d67c37477bf80255,0,test,217,1,[DATE] [MONEY] [TB],,1,0,1,0,viettel.vn
COM_313,26/06/2026,152c275ea43f803f,0,test,298,0,[DATE] [NUMBER] [POINT],,1,1,1,1,page.link
COM_314,26/06/2026,bd3e760f1fe1592f,0,train,284,1,[MONEY] [NUMBER] [TB] [TIME],,0,0,0,0,
COM_315,26/06/2026,1b9a5794fd4dcecc,0,train,227,1,[DATE] [MONEY] [TB],,1,0,1,0,vtmoney.vn
COM_316,26/06/2026,f4bb12f207b0061c,0,test,173,1,[MONEY],,1,0,1,0,viettel.vn
COM_317,26/06/2026,0e3140eff0abcc74,0,test,120,0,[MONEY] [NAME] [TIME],,0,0,0,0,
COM_318,26/06/2026,c621ee508a54224d,0,train,279,0,[MONEY] [TIME],,0,0,0,0,
COM_319,29/06/2026,1e28e7dae75d06c8,0,test,325,0,[DATE] [POINT],,1,1,1,1,page.link
COM_320,29/06/2026,7b0c8b3d06e46860,0,train,309,1,[MONEY] [NUMBER] [TB] [TIME],,0,0,0,0,
COM_321,29/06/2026,d9cb8945286623e8,0,train,286,1,[MONEY] [NUMBER] [TB] [TIME],,0,0,0,0,
COM_322,29/06/2026,d6b99d97a88db6ac,0,train,268,1,[MONEY],,1,0,1,0,viettel.vn
COM_323,29/06/2026,ae4bfa2568dc52a4,0,train,288,1,[DATE] [MONEY] [TB],,1,0,1,0,viettel.vn
COM_324,29/06/2026,52f1f57a669fd5fd,0,train,208,0,[DATE] [MONEY] [TB],,1,1,1,1,page.link
COM_325,29/06/2026,82878ebc9eadf2c6,0,test,120,0,[MONEY] [NAME] [TIME],,0,0,0,0,
COM_326,29/06/2026,a5e8fc82ba47570d,0,train,159,1,[MONEY] [TB],,1,0,1,0,viettel.vn
COM_327,29/06/2026,52f1f57a669fd5fd,0,train,208,0,[DATE] [MONEY] [TB],,1,1,1,1,page.link
COM_328,29/06/2026,678bfba6644a1664,0,train,111,0,[MONEY] [TIME],,0,0,0,0,
COM_329,29/06/2026,a93693c015cabf09,0,train,203,0,[MONEY] [TB],,1,1,1,1,page.link
COM_330,29/06/2026,aede3474f56140e2,0,train,84,0,[NUMBER],,1,0,1,0,rbesportvn.com
COM_331,29/06/2026,175af82641a6718a,0,train,102,1,[NUMBER],,0,0,0,0,
COM_332,29/06/2026,dade7e70fd17a98d,0,train,324,0,[DATE] [POINT],,1,1,1,1,page.link
COM_333,29/06/2026,f48964f7ffe7f961,0,train,120,0,[MONEY] [NAME] [TIME],,0,0,0,0,
COM_334,29/06/2026,c4d095dd3d826ad3,0,train,325,0,[DATE] [POINT],,1,1,1,1,page.link
COM_335,29/06/2026,c4d095dd3d826ad3,0,train,325,0,[DATE] [POINT],,1,1,1,1,page.link
COM_336,29/06/2026,f16d74746fd2dcfc,0,train,228,1,[MONEY] [TB],,1,0,1,0,viettel.vn
COM_337,29/06/2026,2467cb2fb716ccb5,0,test,118,0,[MONEY] [TIME],,0,0,0,0,
COM_338,29/06/2026,7f420e6432bf8a2d,0,test,118,0,[MONEY] [TIME],,0,0,0,0,
COM_339,29/06/2026,a783da765196fdc9,0,train,324,0,[DATE] [POINT],,1,1,1,1,page.link
COM_340,29/06/2026,dcc18c731a36a5f4,0,train,37,0,[MONEY],,0,0,0,0,
COM_341,29/06/2026,c2dda486780784a5,0,train,128,0,[MONEY] [TIME],,0,0,0,0,
COM_342,29/06/2026,52f1f57a669fd5fd,0,train,208,0,[DATE] [MONEY] [TB],,1,1,1,1,page.link
COM_343,29/06/2026,55f1811da72831c8,0,train,339,1,[MONEY] [TB],,1,1,1,1,page.link
COM_344,29/06/2026,4cf09e95e0aa7ba4,0,train,111,0,[MONEY] [TIME],,0,0,0,0,
COM_345,29/06/2026,ec9ece398156963a,0,train,240,1,[TB],,1,1,1,0,zalo.me
COM_346,29/06/2026,1fe22b080b094a04,0,train,344,1,[DATE] [MONEY] [TIME],,1,0,1,0,viettel.vn
COM_347,29/06/2026,16e0171130e688d8,0,train,214,1,[MONEY] [TIME],,1,0,1,0,viettel.vn
COM_348,29/06/2026,d9b428daeab01424,0,train,155,1,[MONEY],,1,0,1,0,viettel.vn
COM_349,29/06/2026,5935c9b51696879d,0,train,135,1,[MONEY],,1,0,1,0,viettel.vn
COM_350,29/06/2026,d7557839e4381e11,0,train,153,1,[MONEY],,1,0,1,0,viettel.vn
COM_351,29/06/2026,b40f30474284ba9e,0,train,306,1,[DATE] [MONEY] [TB],,1,0,1,0,viettel.vn
COM_352,29/06/2026,06c549878208154d,0,train,231,1,[MONEY] [TB],,1,0,1,0,viettel.vn
COM_353,29/06/2026,ceae04d91210b635,0,train,417,1,[MONEY] [NUMBER] [TB],,1,0,1,0,viettel.vn
COM_354,29/06/2026,af24de4368836080,0,train,120,0,[MONEY] [NAME] [TIME],,0,0,0,0,
COM_355,29/06/2026,31a6653f0347f3d5,0,train,151,0,[TIME],,0,0,0,0,
COM_356,29/06/2026,378f82e8a047c5dc,0,train,120,0,[MONEY] [NAME] [TIME],,0,0,0,0,
COM_357,29/06/2026,3004a86e939a1ae2,0,test,51,1,[MONEY] [NAME],,0,0,0,0,
COM_358,29/06/2026,5e8285cbb3e85419,0,train,344,1,[MONEY] [TB],,0,0,0,0,
COM_359,29/06/2026,eea93cdc93bdd6c4,0,train,345,1,[DATE] [MONEY] [TIME],,1,0,1,0,viettel.vn
COM_360,29/06/2026,df6de274dd5fd547,0,train,502,0,[MONEY] [NUMBER],,1,0,1,0,imuzik.vn
COM_361,29/06/2026,530074d1f3a4e3ae,0,test,113,0,[MONEY] [NUMBER] [TIME],,0,0,0,0,
COM_362,29/06/2026,0ed6d679db4d220e,0,train,142,0,[DATE] [MONEY] [NUMBER] [TIME],,0,0,0,0,
COM_363,29/06/2026,b1241f62e9925b54,0,train,393,0,[MONEY] [NUMBER] [TIME],,1,1,1,1,page.link
COM_364,29/06/2026,dcc18c731a36a5f4,0,train,37,0,[MONEY],,0,0,0,0,
COM_365,29/06/2026,ade5013ff5b5f231,0,test,184,0,[DATE] [MONEY],,0,0,0,0,
COM_366,29/06/2026,fd037ba8d38f713a,0,train,292,0,[MONEY] [NUMBER],,0,0,0,0,
COM_367,29/06/2026,8fc9ae5e96461627,0,test,144,0,[MONEY] [TIME],,0,0,0,0,
COM_368,29/06/2026,920402375eaf39e7,0,train,126,0,[NUMBER],,0,0,0,0,
COM_369,29/06/2026,5cdee8bbb61b9df6,0,test,120,0,[MONEY] [NAME] [TIME],,0,0,0,0,
COM_370,29/06/2026,714ff29f19aff099,0,test,282,0,[MONEY] [NUMBER] [TIME],,0,0,0,0,
COM_371,29/06/2026,f879e82280459a09,0,test,325,0,[DATE] [POINT],,1,1,1,1,page.link
COM_372,29/06/2026,8ee454893f275325,0,train,298,0,[DATE] [NUMBER] [POINT],,1,1,1,1,page.link
COM_373,29/06/2026,2ddf8f1bda5a1ea2,0,test,120,0,[MONEY] [NAME] [TIME],,0,0,0,0,
COM_374,29/06/2026,f04ce3b46213a824,0,train,183,0,[NUMBER] [TIME],,0,0,0,0,
COM_375,29/06/2026,f879e82280459a09,0,test,325,0,[DATE] [POINT],,1,1,1,1,page.link
COM_376,29/06/2026,a1cd084f90c5c350,0,test,120,0,[MONEY] [NAME] [TIME],,0,0,0,0,
COM_377,29/06/2026,0b8f060db0206698,0,test,217,1,[DATE] [MONEY] [TB],,1,0,1,0,viettel.vn
COM_378,29/06/2026,c6dcd9ec28a671ef,0,test,122,0,,,0,0,0,0,
COM_379,29/06/2026,d24ef1da3d8a6e1f,0,train,142,0,[NUMBER],,0,0,0,0,
COM_380,29/06/2026,6ed62d915359ba9b,0,train,361,1,[MONEY] [TB],,1,0,1,0,viettel.vn
COM_381,29/06/2026,8744626ae2e26eb7,0,train,56,1,[NUMBER],,0,0,0,0,
COM_382,29/06/2026,5735de598304fcd3,0,test,305,1,[NUMBER] [TB],,1,0,1,0,viettel.vn
COM_383,29/06/2026,f879e82280459a09,0,test,325,0,[DATE] [POINT],,1,1,1,1,page.link
COM_384,29/06/2026,a1f905e34c3326db,0,test,336,1,[MONEY] [NUMBER] [TB],,1,0,1,0,viettel.vn
COM_385,29/06/2026,fb77c1db5684c604,0,train,282,1,[NUMBER] [TB],,0,0,0,0,
COM_387,29/06/2026,464cd67c3d5347c7,0,test,357,0,[MONEY] [TIME],,0,0,0,0,
COM_388,29/06/2026,b428073057195a16,0,train,258,1,[NUMBER] [TB],,0,0,0,0,
COM_389,29/06/2026,26f49e216d581f21,0,train,322,0,[DATE] [POINT],,1,1,1,1,page.link
COM_390,29/06/2026,ae4bfa2568dc52a4,0,train,288,1,[DATE] [MONEY] [TB],,1,0,1,0,viettel.vn
COM_391,29/06/2026,b6abe592c4d3a4a6,0,test,143,1,[MONEY],,0,0,0,0,
COM_392,29/06/2026,5d6f2027dc15f243,0,train,322,0,[DATE] [POINT],,1,1,1,1,page.link
COM_393,29/06/2026,deb594c8e5db770a,0,train,141,0,[DATE] [MONEY] [NUMBER] [TIME],,0,0,0,0,
COM_394,29/06/2026,541dfb8c5bdcee98,0,train,393,0,[MONEY] [NUMBER] [TIME],,1,1,1,1,page.link
COM_395,29/06/2026,c4d8117779b0cab9,0,train,344,1,[DATE] [MONEY] [TIME],,1,0,1,0,viettel.vn
COM_396,29/06/2026,d7a4e416428e0e44,0,test,36,1,[NUMBER],,0,0,0,0,
COM_397,29/06/2026,d537146ebef1afa3,0,train,57,1,,,0,0,0,0,
COM_398,29/06/2026,e39b73a548927b98,0,test,27,0,[NUMBER],,0,0,0,0,
COM_399,29/06/2026,b40f30474284ba9e,0,train,306,1,[DATE] [MONEY] [TB],,1,0,1,0,viettel.vn
COM_400,29/06/2026,5d6f2027dc15f243,0,train,322,0,[DATE] [POINT],,1,1,1,1,page.link
COM_401,29/06/2026,e439969071b5ca67,0,train,353,1,[MONEY] [NUMBER] [QC],,0,0,0,0,
COM_402,5/7/2026,c8ddf72cc65651f6,0,train,298,0,[DATE] [NUMBER] [POINT],,1,1,1,1,page.link
COM_403,5/7/2026,5d6f2027dc15f243,0,train,322,0,[DATE] [POINT],,1,1,1,1,page.link
COM_404,5/7/2026,4d86b6056be69876,0,test,278,1,[MONEY] [TB],,1,0,1,0,viettel.vn
COM_405,5/7/2026,67743e8cd0c9932c,0,train,108,0,[NUMBER] [TIME],,0,0,0,0,
COM_406,5/7/2026,44d813d03e341d3b,0,train,235,0,[MONEY] [NUMBER],,1,0,1,0,viettel.vn
COM_407,5/7/2026,dbca8677fdf11c4d,0,test,137,0,[NUMBER],,1,0,1,0,viettel.vn
COM_408,5/7/2026,1b098b2d0fe8033f,0,train,201,0,[MONEY] [NUMBER],,0,0,0,0,
COM_409,5/7/2026,4bbe9e5341081b38,0,train,274,0,[NUMBER],,1,1,1,1,page.link
COM_410,5/7/2026,3afad3d602e812ac,0,train,260,0,,,0,0,0,0,
COM_411,5/7/2026,93af5f87427f46fe,0,test,115,0,,,0,0,0,0,
COM_412,5/7/2026,a18a9446c4375c2a,0,test,394,0,[MONEY] [NUMBER] [TIME],,1,1,1,1,page.link
COM_413,5/7/2026,4325af94ac5273fb,0,train,199,1,[MONEY],,1,0,1,0,viettel.vn
COM_414,5/7/2026,c47dae53210db40b,0,test,214,1,[MONEY] [TIME],,1,0,1,0,viettel.vn
COM_415,5/7/2026,b8f20751ca728fcf,0,test,155,1,[MONEY],,1,0,1,0,viettel.vn
COM_416,5/7/2026,cd6a68be671daf06,0,train,258,0,[MONEY] [NUMBER],,1,0,1,0,myclip.vn
COM_417,5/7/2026,a47ed5887b0b976f,0,train,142,0,,,0,0,0,0,
COM_418,5/7/2026,734e0b06a9ea268b,0,train,286,0,[MONEY],,0,0,0,0,
COM_419,5/7/2026,f74700d57200b5e6,0,train,206,0,[DATE] [POINT],,1,0,1,1,onelink.me
COM_420,5/7/2026,c3b66340f8fc10d2,0,train,192,0,[MONEY],,1,0,1,0,vtmoney.vn
COM_421,5/7/2026,7899b99893844016,0,train,191,0,[NUMBER],,1,0,1,0,viettelpay.vn
COM_422,5/7/2026,26bb6fa28b52005d,0,test,126,0,[DATE] [NUMBER] [TIME],,0,0,0,0,
COM_423,5/7/2026,71837d8432404d98,0,train,100,0,[DATE] [NUMBER] [TIME],,0,0,0,0,
COM_424,5/7/2026,e4e3826526b74d95,0,train,108,0,[DATE] [MONEY] [NUMBER] [TIME],,0,0,0,0,
COM_425,5/7/2026,bc354801de240411,0,train,168,0,[MONEY] [NUMBER] [TIME],,0,0,0,0,
COM_426,5/7/2026,5dda191ed0560668,0,train,109,0,,,0,0,0,0,
COM_427,5/7/2026,541dfb8c5bdcee98,0,train,393,0,[MONEY] [NUMBER] [TIME],,1,1,1,1,page.link
COM_428,5/7/2026,945bc90df790bce0,0,train,291,0,[MONEY] [NUMBER] [TIME],,1,0,1,0,viettelmoney.vn
COM_429,5/7/2026,d6682b24e35ff747,0,train,208,0,[DATE] [POINT],,1,0,1,1,onelink.me
COM_430,5/7/2026,72b63299bb0cc895,0,train,139,0,[MONEY] [NUMBER],,0,0,0,0,
COM_431,5/7/2026,285c2a6b2617f350,0,train,108,0,[DATE] [MONEY] [NUMBER] [TIME],,0,0,0,0,
COM_432,5/7/2026,163fc9d7e36967b4,0,train,146,0,[MONEY] [NUMBER] [TIME],,0,0,0,0,
COM_433,5/7/2026,541dfb8c5bdcee98,0,train,393,0,[MONEY] [NUMBER] [TIME],,1,1,1,1,page.link
COM_434,5/7/2026,d6682b24e35ff747,0,train,208,0,[DATE] [POINT],,1,0,1,1,onelink.me
COM_435,5/7/2026,ba6453673e2e1b71,0,train,162,0,[MONEY] [NUMBER] [TIME],,0,0,0,0,
COM_436,5/7/2026,aa24de742feade31,0,train,331,1,[MONEY] [QC],,1,0,1,0,viettel.vn
COM_437,5/7/2026,ad6bca23e176eec1,0,train,163,1,[MONEY] [TB] [TIME],,0,0,0,0,
COM_438,5/7/2026,a14301b088b0d25b,0,test,249,1,[MONEY] [QC],,1,1,1,1,page.link
COM_439,5/7/2026,67743e8cd0c9932c,0,train,108,0,[NUMBER] [TIME],,0,0,0,0,
COM_440,5/7/2026,b8db83fc1cd838d4,0,train,100,0,[NUMBER] [TIME],,0,0,0,0,
COM_441,5/7/2026,6b9a24ca7c43a8d4,0,train,217,1,[DATE] [MONEY] [TB],,1,0,1,0,viettel.vn
COM_442,5/7/2026,65a81406f388b628,0,train,304,1,[DATE] [NUMBER] [TB],,1,0,1,0,vietrade.gov.vn
COM_443,5/7/2026,4c5a27a592d42f74,0,train,255,0,[TB],,1,0,1,0,vtmoney.vn
COM_444,5/7/2026,b8db83fc1cd838d4,0,train,100,0,[NUMBER] [TIME],,0,0,0,0,
COM_445,5/7/2026,8f87cbfdf132e436,0,train,178,0,[MONEY] [NUMBER] [TIME],,1,0,1,0,momo.vn
COM_446,5/7/2026,23822c23318895ab,0,test,298,1,[DATE] [MONEY] [TB],,1,0,1,0,vtmoney.vn
COM_447,5/7/2026,7e7883facf6a1041,0,train,233,1,[MONEY] [NUMBER] [QC],,1,0,1,0,vtmoney.vn
COM_448,5/7/2026,61556107d55f7537,0,train,264,1,[MONEY] [NUMBER] [TB],,0,0,0,0,
COM_449,5/7/2026,b8db83fc1cd838d4,0,train,100,0,[NUMBER] [TIME],,0,0,0,0,
COM_451,5/7/2026,7254f301dd437c70,0,test,129,0,[NUMBER],,0,0,0,0,
COM_453,5/7/2026,160ee61fc9f0c78d,0,train,147,0,,,0,0,0,0,
COM_454,5/7/2026,3984d7880a7d557e,0,train,262,0,,,0,0,0,0,
COM_455,5/7/2026,2dc397d9a964e743,0,train,327,1,[MONEY] [TB],,0,0,0,0,
COM_456,5/7/2026,ca09d3b21fbe891c,0,train,241,1,[MONEY] [NUMBER] [TB],,1,0,1,0,tv360.vn
COM_457,5/7/2026,ed8d6d62cecb0e6c,0,train,225,1,[MONEY] [NUMBER] [QC],,1,0,1,0,vtmoney.vn
COM_458,5/7/2026,0fc9f72fd9b537e4,0,train,366,0,[MONEY] [NUMBER],,1,0,1,0,viettel.vn
COM_459,5/7/2026,5e25c508649323b6,0,train,312,1,[DATE] [MONEY] [TB],,1,0,1,0,viettel.vn
COM_461,5/7/2026,b778937d4fede4b9,0,train,281,1,[MONEY] [QC],,1,1,1,1,page.link
COM_462,5/7/2026,9f96813fbddae1b6,0,train,43,0,[NUMBER],,0,0,0,0,
COM_463,5/7/2026,7beb6c231bcd0f52,0,test,333,0,[DATE],,1,0,1,0,vtmoney.vn
COM_464,5/7/2026,3439798dfb2e28eb,0,train,231,0,[MONEY],,1,0,1,0,viettel.vn
COM_465,5/7/2026,34af1a54772d4058,0,train,298,0,[DATE] [NUMBER] [POINT],,1,1,1,1,page.link
COM_466,5/7/2026,ad8ff6163ef47c14,0,train,293,1,[MONEY] [NUMBER] [QC],,1,0,1,0,viettel.vn
COM_467,5/7/2026,d7449c6bfe6acac6,0,train,88,1,[DATE] [MONEY],,0,0,0,0,
COM_468,5/7/2026,8e6ab7bd48278613,0,train,153,1,[MONEY],,1,0,1,0,viettel.vn
COM_471,5/7/2026,c4d8117779b0cab9,0,train,344,1,[DATE] [MONEY] [TIME],,1,0,1,0,viettel.vn
COM_472,5/7/2026,142b7b27a99918c7,0,train,188,0,[MONEY] [TB],,1,0,1,0,vtmoney.vn
COM_473,5/7/2026,b632d45fecc7e2ba,0,test,295,1,[MONEY] [QC],,1,0,1,0,viettel.vn
COM_474,5/7/2026,b622e413d738cca6,0,train,338,0,[DATE],,1,0,1,0,vtmoney.vn
COM_475,5/7/2026,5e25c508649323b6,0,train,312,1,[DATE] [MONEY] [TB],,1,0,1,0,viettel.vn
COM_476,5/7/2026,b89f1c7b3654a63c,0,train,214,1,[MONEY] [NUMBER] [TB],,1,0,1,0,tv360.vn
COM_477,5/7/2026,67def93ac63137cd,0,train,214,0,[DATE] [MONEY] [TB],,1,0,1,0,vtmoney.vn
COM_478,5/7/2026,4be1641d85c2e23e,0,test,324,0,[DATE] [POINT],,1,1,1,1,page.link
COM_479,5/7/2026,eed01604abd3f4af,0,train,203,0,[MONEY] [NUMBER],,1,0,1,0,myclip.vn
COM_480,5/7/2026,f0a4ee14b89c969e,0,train,366,0,[MONEY] [NUMBER],,1,0,1,0,viettel.vn
COM_481,5/7/2026,039d19dca92278a9,0,test,265,0,[MONEY] [NUMBER] [TIME],,0,0,0,0,
COM_482,5/7/2026,52726b4adb4455c6,0,train,203,0,[MONEY] [TB],,1,0,1,0,vtmoney.vn
COM_483,5/7/2026,ab15b8fba454cfaf,0,train,347,1,[MONEY] [NUMBER] [QC],,1,0,1,0,tv360.vn
COM_484,5/7/2026,4be1641d85c2e23e,0,test,324,0,[DATE] [POINT],,1,1,1,1,page.link
COM_485,5/7/2026,ae4bfa2568dc52a4,0,train,288,1,[DATE] [MONEY] [TB],,1,0,1,0,viettel.vn
COM_486,5/7/2026,cf142b0df9377612,0,train,166,0,[MONEY] [TB],,1,0,1,0,vtmoney.vn
COM_487,5/7/2026,6e44bd5b88202c51,0,train,320,1,[NUMBER] [TB],,0,0,0,0,
COM_488,5/7/2026,eb31fceb8e45aeb0,0,train,187,0,[DATE] [MONEY] [TB],,1,0,1,0,vtmoney.vn
COM_489,5/7/2026,92c50614cc4df468,0,test,375,1,[MONEY] [NUMBER] [QC],,1,0,1,0,tv360.vn
COM_490,5/7/2026,a783da765196fdc9,0,train,324,0,[DATE] [POINT],,1,1,1,1,page.link
COM_493,5/7/2026,2932b3918a9db08f,0,train,159,0,[MONEY],,1,0,1,0,vtmoney.vn
COM_494,5/7/2026,991163657f14eb49,0,test,319,1,[DATE] [MONEY] [TB],,1,0,1,1,onelink.me
COM_495,5/7/2026,a783da765196fdc9,0,train,324,0,[DATE] [POINT],,1,1,1,1,page.link
COM_496,5/7/2026,97c1dce0baeeebec,0,train,202,1,[MONEY] [NUMBER] [TB],,0,0,0,0,
COM_497,5/7/2026,5d6f2027dc15f243,0,train,322,0,[DATE] [POINT],,1,1,1,1,page.link
COM_498,5/7/2026,7e62c9c795874335,0,train,40,1,[NUMBER],,0,0,0,0,
COM_499,5/7/2026,cc26ca55cfa64103,0,train,206,1,[MONEY] [NUMBER] [QC],,1,0,1,0,vtmoney.vn
COM_500,5/7/2026,b433af7c84362ba8,0,train,199,1,[NUMBER] [TB],,0,0,0,0,
COM_501,5/7/2026,8282dd7017f9ed8e,0,train,170,0,[TB],,1,0,1,0,vtmoney.vn
COM_503,5/7/2026,3a9ed33f80a132d5,0,train,225,1,[MONEY] [QC],,1,1,1,1,page.link
COM_504,5/7/2026,095707984b58257e,0,train,180,1,[MONEY] [NUMBER] [QC],,1,0,1,0,vtmoney.vn
COM_505,5/7/2026,7a87e343e003cbf6,0,train,371,1,[MONEY] [NAME] [NUMBER] [POINT] [QC],,1,0,1,0,tv360.vn
COM_507,5/7/2026,d1e734d31a445223,0,train,228,1,[MONEY] [TB],,2,1,2,1,page.link viettel.vn
COM_509,5/7/2026,5e25c508649323b6,0,train,312,1,[DATE] [MONEY] [TB],,1,0,1,0,viettel.vn
COM_510,5/7/2026,e01da44edd2e2179,0,train,263,1,[MONEY] [NUMBER] [QC],,1,0,1,0,vtmoney.vn
COM_511,5/7/2026,0260dd5474b14f31,0,train,223,1,[MONEY] [NUMBER] [QC],,1,0,1,0,vtmoney.vn
COM_512,5/7/2026,1ce61a2948adbabc,0,train,316,1,[TB],,1,0,1,0,mydio.vn
COM_513,5/7/2026,23822c23318895ab,0,test,298,1,[DATE] [MONEY] [TB],,1,0,1,0,vtmoney.vn
COM_514,5/7/2026,8c4dea816f8fb0f1,0,train,279,0,[MONEY] [TB] [TIME],,1,0,1,0,mocha.com.vn
COM_515,5/7/2026,67def93ac63137cd,0,train,214,0,[DATE] [MONEY] [TB],,1,0,1,0,vtmoney.vn
COM_516,5/7/2026,3c3fc64594655ecd,0,train,217,1,[MONEY] [NUMBER] [QC],,1,0,1,0,vtmoney.vn
COM_517,5/7/2026,8f87cbfdf132e436,0,train,178,0,[MONEY] [NUMBER] [TIME],,1,0,1,0,momo.vn
COM_519,5/7/2026,ebf0e24c0b7ad21e,0,test,153,0,,,1,0,1,0,vtmoney.vn
COM_521,5/7/2026,aa322ac294b9bd45,0,train,308,0,[MONEY] [NUMBER] [QC],,1,0,1,0,viettel.vn
COM_522,5/7/2026,17ed6848452d17c7,0,train,170,0,[DATE] [TB],,1,0,1,0,vtmoney.vn
COM_523,5/7/2026,1ede677323819f5d,0,train,224,1,[MONEY] [NUMBER] [TB],,2,0,1,0,tv360.vn
COM_524,5/7/2026,0ee26ed8683d8191,0,train,192,0,[DATE] [MONEY] [TB],,1,0,1,0,vtmoney.vn
COM_525,5/7/2026,5e25c508649323b6,0,train,312,1,[DATE] [MONEY] [TB],,1,0,1,0,viettel.vn
COM_526,5/7/2026,c1c059e44f66250f,0,train,232,1,[MONEY] [NUMBER] [TB],,1,0,1,0,tv360.vn
COM_527,5/7/2026,947bd0810140aaf0,0,train,207,0,[MONEY] [TB],,1,0,1,0,vtmoney.vn
COM_528,5/7/2026,cf142b0df9377612,0,train,166,0,[MONEY] [TB],,1,0,1,0,vtmoney.vn
COM_529,5/7/2026,17ed6848452d17c7,0,train,170,0,[DATE] [TB],,1,0,1,0,vtmoney.vn
COM_530,5/7/2026,5b50e9bde71ae482,0,train,109,0,,,0,0,0,0,
COM_531,5/7/2026,91424f6cde29f79e,0,test,291,0,[MONEY] [NUMBER] [TIME],,1,0,1,0,viettelmoney.vn
COM_532,5/7/2026,541dfb8c5bdcee98,0,train,393,0,[MONEY] [NUMBER] [TIME],,1,1,1,1,page.link
COM_533,5/7/2026,c4d8117779b0cab9,0,train,344,1,[DATE] [MONEY] [TIME],,1,0,1,0,viettel.vn
COM_534,5/7/2026,725df627ba858ec1,0,train,218,0,[MONEY] [NUMBER],,1,0,1,0,viettel.vn
COM_535,5/7/2026,bf95000d3b776193,0,train,320,1,[MONEY] [TB],,1,0,1,1,onelink.me
COM_536,5/7/2026,0757c70eee88b515,0,train,170,0,[DATE] [TB],,1,0,1,0,vtmoney.vn
COM_537,5/7/2026,ee86d5c22a348350,0,train,281,1,[MONEY] [NUMBER] [QC],,1,0,1,0,viettel.vn
COM_538,5/7/2026,5c8efb6527aec5a2,0,train,186,0,[MONEY] [TB],,1,0,1,0,vtmoney.vn
COM_541,5/7/2026,242413f742e9c49c,0,train,188,0,[MONEY] [TB],,1,0,1,0,vtmoney.vn
COM_542,5/7/2026,99cfcce46fe9d7ae,0,train,326,1,[MONEY] [NUMBER] [POINT] [QC] [TIME],,1,1,1,1,page.link
COM_543,5/7/2026,1eae8b4d82477e96,0,train,213,0,[MONEY] [TB],,1,0,1,0,vtmoney.vn
COM_544,5/7/2026,102112a22fe94e22,0,train,229,0,[MONEY] [TB],,1,0,1,0,vtmoney.vn
COM_545,5/7/2026,6996bd4e4cb23a94,0,train,240,1,[DATE] [MONEY] [POINT] [TB],,1,0,1,0,viettel.vn
COM_546,5/7/2026,318fd44b00206f45,0,train,191,1,[MONEY] [POINT] [TIME],,0,0,0,0,
COM_547,5/7/2026,1b1962d1070508d6,0,test,268,0,[DATE] [POINT],,1,1,1,1,page.link
COM_548,5/7/2026,537d675fbe598400,0,train,325,0,[DATE] [POINT],,1,1,1,1,page.link
COM_549,5/7/2026,929b78242cf17333,0,test,201,1,[MONEY] [NUMBER] [TB],,0,0,0,0,
COM_550,5/7/2026,1d239f9f40ecc1ff,0,train,324,0,[DATE] [POINT],,1,1,1,1,page.link
COM_551,5/7/2026,3fecbb3dbf63c234,0,train,174,0,[DATE] [TB],,1,0,1,0,vtmoney.vn
COM_552,5/7/2026,67def93ac63137cd,0,train,214,0,[DATE] [MONEY] [TB],,1,0,1,0,vtmoney.vn
COM_553,5/7/2026,ae4bfa2568dc52a4,0,train,288,1,[DATE] [MONEY] [TB],,1,0,1,0,viettel.vn
COM_554,5/7/2026,6f56d5bc9cfd3465,0,train,281,1,[MONEY] [NUMBER] [TB] [TIME],,1,0,1,0,viettel.vn
COM_555,5/7/2026,a1d313ec2a97ad5a,0,test,179,0,[DATE] [TB],,1,0,1,0,vtmoney.vn
COM_556,5/7/2026,bf243c2400713ae5,0,train,324,0,[DATE] [POINT],,1,1,1,1,page.link
COM_558,5/7/2026,eef59b8c64d64e4e,0,train,278,1,[MONEY] [NUMBER] [TB] [TIME],,1,0,1,0,viettel.vn
COM_560,5/7/2026,eb31fceb8e45aeb0,0,train,187,0,[DATE] [MONEY] [TB],,1,0,1,0,vtmoney.vn
COM_561,5/7/2026,ed406daf45c89c85,0,train,329,1,[DATE] [MONEY] [NUMBER] [QC],,1,1,1,1,tinyurl.com
COM_562,5/7/2026,8ee1feb0fb6dc42b,0,train,307,0,[MONEY] [NUMBER] [QC],,1,0,1,0,viettel.vn
COM_563,5/7/2026,bdf32e06e2335617,0,test,287,1,[MONEY] [NUMBER] [TB] [TIME],,0,0,0,0,
COM_564,5/7/2026,5c1a8fc6285d2b79,0,train,202,0,[MONEY] [TB],,1,0,1,0,vtmoney.vn
COM_565,5/7/2026,202be000c72785d1,0,train,324,0,[DATE] [POINT],,1,1,1,1,page.link
COM_566,5/7/2026,991163657f14eb49,0,test,319,1,[DATE] [MONEY] [TB],,1,0,1,1,onelink.me
COM_567,5/7/2026,a3f909a6381a6f7b,0,train,381,1,[DATE] [MONEY] [NUMBER] [TIME],,1,0,1,0,viettel.vn
COM_568,5/7/2026,8fe6587b11b0f7c6,0,train,212,1,[MONEY] [TIME],,1,0,1,0,viettel.vn
COM_569,5/7/2026,3a92869d4c4917f2,0,train,153,1,[MONEY],,1,0,1,0,viettel.vn
COM_571,5/7/2026,11a04a2e56f3ec23,0,train,191,0,[MONEY] [TB],,1,0,1,0,vtmoney.vn
COM_572,5/7/2026,f0694f443788caf4,0,test,183,0,[DATE] [TB],,1,0,1,0,vtmoney.vn
COM_573,5/7/2026,ff48777aafe8de5b,0,train,148,0,[NUMBER] [TIME],,1,0,0,0,
COM_574,5/7/2026,ae76dcaefe4cf6ed,0,train,86,0,[MONEY] [NUMBER],,0,0,0,0,
COM_575,5/7/2026,eb3e3f4682653ca9,0,train,270,0,[MONEY],,1,0,1,0,vtmoney.vn
COM_576,5/7/2026,63399c669f4274df,0,train,324,0,[DATE] [POINT],,1,1,1,1,page.link
COM_577,5/7/2026,ca5204a4b7e16eb6,0,train,291,0,[MONEY] [NUMBER] [TIME],,1,0,1,0,viettelmoney.vn
COM_578,5/7/2026,9f1c92b10b8458f7,0,train,151,1,[MONEY],,1,0,1,0,viettel.vn
COM_579,5/7/2026,a3f909a6381a6f7b,0,train,381,1,[DATE] [MONEY] [NUMBER] [TIME],,1,0,1,0,viettel.vn
COM_580,5/7/2026,a9252bc7ca8793b6,0,train,132,1,[MONEY],,0,0,0,0,
COM_581,5/7/2026,440451bcd77317be,0,train,111,1,[MONEY],,0,0,0,0,
COM_582,5/7/2026,e65bdbce542af271,0,train,228,0,[DATE] [MONEY] [TB],,1,0,1,0,vtmoney.vn
COM_583,5/7/2026,cc73dd97d2192ca6,0,train,135,1,[TB],,0,0,0,0,
COM_584,5/7/2026,7146d7d04f469791,0,train,152,0,[TB],,1,0,1,0,viettelmoney.vn
COM_585,5/7/2026,63399c669f4274df,0,train,324,0,[DATE] [POINT],,1,1,1,1,page.link
COM_586,5/7/2026,5b7fbba5b4e4c680,0,train,148,0,[TB],,1,0,1,0,vtmoney.vn
COM_587,5/7/2026,63399c669f4274df,0,train,324,0,[DATE] [POINT],,1,1,1,1,page.link
COM_588,5/7/2026,1529874d5495b217,0,test,237,0,[DATE] [TB],,1,0,1,0,vtmoney.vn
COM_589,5/7/2026,a39f4bf9d9fd0886,0,test,389,1,[MONEY] [NUMBER] [QC] [TIME],,1,0,1,0,vietplant.com.vn
COM_590,5/7/2026,f4e5221c34bd6948,0,train,227,1,[MONEY] [NUMBER] [QC],,1,0,1,0,vtmoney.vn
COM_591,5/7/2026,e7d4813a2feff359,0,train,393,1,[MONEY] [NAME] [NUMBER] [QC],,1,0,1,0,vtmoney.vn
COM_592,5/7/2026,c8594a63c4013c3b,0,train,261,1,[MONEY] [NUMBER] [QC],,1,0,1,0,vtmoney.vn
COM_594,5/7/2026,5e25c508649323b6,0,train,312,1,[DATE] [MONEY] [TB],,1,0,1,0,viettel.vn
COM_595,5/7/2026,63399c669f4274df,0,train,324,0,[DATE] [POINT],,1,1,1,1,page.link
COM_598,5/7/2026,cd3863b14cead6e8,0,train,348,1,[MONEY] [NUMBER] [QC],,1,0,1,0,tv360.vn
COM_599,5/7/2026,a3f909a6381a6f7b,0,train,381,1,[DATE] [MONEY] [NUMBER] [TIME],,1,0,1,0,viettel.vn
COM_600,5/7/2026,4404d2979dc47672,0,train,255,1,[MONEY] [NUMBER] [TB] [TIME],,0,0,0,0,
COM_601,5/7/2026,a8fa0fca947ea0b5,0,test,147,0,[MONEY] [NUMBER] [TIME],,0,0,0,0,
COM_603,5/7/2026,32fccfbcde357ae7,0,test,317,1,[MONEY] [NUMBER] [TB],,1,0,1,0,viettel.vn
COM_604,5/7/2026,e38f9be1ff4d8fd4,0,train,189,0,[MONEY] [TB] [TIME],,1,0,1,0,vtmoney.vn
COM_605,5/7/2026,9101562b156a37e9,0,test,327,1,[DATE] [MONEY] [TB],,1,0,1,0,viettel.vn
COM_606,5/7/2026,40320f1ba092b5ac,0,train,283,0,[MONEY] [TB],,1,0,1,0,vtmoney.vn
COM_607,5/7/2026,67def93ac63137cd,0,train,214,0,[DATE] [MONEY] [TB],,1,0,1,0,vtmoney.vn
COM_608,5/7/2026,06dc73244e9e109f,0,train,199,1,[MONEY] [POINT] [TB],,1,1,1,1,page.link
COM_609,5/7/2026,9eb6bff0803414e1,0,test,216,1,[TB],,0,0,0,0,
COM_610,5/7/2026,991163657f14eb49,0,test,319,1,[DATE] [MONEY] [TB],,1,0,1,1,onelink.me
COM_611,5/7/2026,95f29b07791b3f36,0,train,153,1,[NAME],,0,0,0,0,
COM_612,5/7/2026,c4d8117779b0cab9,0,train,344,1,[DATE] [MONEY] [TIME],,1,0,1,0,viettel.vn
COM_613,5/7/2026,5096e89fe57a7304,0,train,358,0,[MONEY] [TIME],,0,0,0,0,
COM_614,5/7/2026,640be0084c648986,0,train,151,1,[MONEY],,0,0,0,0,
COM_615,5/7/2026,ccdafbe0b426902c,0,test,324,0,[DATE] [POINT],,1,1,1,1,page.link
COM_616,5/7/2026,04811b43f2b9bfc9,0,test,166,1,[MONEY],,1,0,1,0,viettel.vn
COM_617,5/7/2026,11c5079081ee22a2,0,train,109,0,[NUMBER] [TIME],,0,0,0,0,
COM_618,5/7/2026,ebe11b00c9ebfac4,0,train,285,0,[MONEY] [NUMBER],,0,0,0,0,
COM_619,5/7/2026,5d6f2027dc15f243,0,train,322,0,[DATE] [POINT],,1,1,1,1,page.link
COM_620,5/7/2026,92b3945b811da6ec,0,test,216,0,[TB],,0,0,0,0,
COM_621,5/7/2026,f19b3fc1925f8765,0,test,298,0,[DATE] [NUMBER] [POINT],,1,1,1,1,page.link
COM_622,5/7/2026,ec2283fde0fd7f86,0,train,326,1,[MONEY] [NUMBER] [POINT] [QC] [TIME],,1,1,1,1,page.link
COM_623,5/7/2026,91a7cbbbd00518e0,0,train,203,0,[MONEY] [NUMBER],,1,0,1,0,mydio.vn
COM_624,5/7/2026,c4b359f64203fc9c,0,test,322,0,[DATE] [POINT],,1,1,1,1,page.link
COM_625,5/7/2026,a1bc1d2c055f2a55,0,train,285,0,[DATE] [MONEY] [TB],,1,0,1,0,viettel.vn
COM_626,5/7/2026,dfb1199b339cf390,0,test,395,1,[MONEY] [NUMBER] [TB] [TIME],,0,0,0,0,
COM_627,5/7/2026,5d6f2027dc15f243,0,train,322,0,[DATE] [POINT],,1,1,1,1,page.link
COM_628,5/7/2026,2fd9ad1f2bc4ae18,0,train,286,1,[MONEY] [QC] [TIME],,1,0,1,0,viettel.vn
COM_629,5/7/2026,5407585c57bb1f57,0,train,196,1,[MONEY] [TIME],,1,0,1,0,viettel.vn
COM_630,5/7/2026,49a4ebea6acc3538,0,test,153,1,[MONEY],,1,0,1,0,viettel.vn
COM_631,5/7/2026,991163657f14eb49,0,test,319,1,[DATE] [MONEY] [TB],,1,0,1,1,onelink.me
COM_632,5/7/2026,c6562f31187f1355,0,train,247,0,[MONEY] [NUMBER] [QC],,1,0,1,1,onelink.me
COM_633,5/7/2026,6125052f3efb85ec,0,train,142,0,[DATE] [MONEY] [NUMBER] [TIME],,0,0,0,0,
COM_634,5/7/2026,ae01869f47129276,0,train,44,0,[NUMBER],,0,0,0,0,
COM_635,5/7/2026,67def93ac63137cd,0,train,214,0,[DATE] [MONEY] [TB],,1,0,1,0,vtmoney.vn
COM_636,5/7/2026,c25ac4decc7c2777,0,train,142,0,[DATE] [MONEY] [NUMBER] [TIME],,0,0,0,0,
COM_637,5/7/2026,541dfb8c5bdcee98,0,train,393,0,[MONEY] [NUMBER] [TIME],,1,1,1,1,page.link
COM_638,5/7/2026,a3f909a6381a6f7b,0,train,381,1,[DATE] [MONEY] [NUMBER] [TIME],,1,0,1,0,viettel.vn
COM_639,5/7/2026,76e4d1d15c42739f,0,test,141,1,[MONEY],,0,0,0,0,
COM_640,5/7/2026,df44b1a5f449d326,0,train,336,1,[DATE] [MONEY] [TB],,1,0,1,0,vtmoney.vn
COM_642,5/7/2026,cecacb3bfd8a72ec,0,train,285,0,[MONEY] [TB],,1,0,1,0,vtmoney.vn
COM_644,5/7/2026,8eb00a7b24d27539,0,train,314,1,[DATE] [MONEY] [NUMBER] [TB],,1,0,1,0,thiennguyen.app
COM_645,5/7/2026,947bd0810140aaf0,0,train,207,0,[MONEY] [TB],,1,0,1,0,vtmoney.vn
COM_646,5/7/2026,bfe5125ef586255e,0,train,326,0,[MONEY] [TB],,1,0,1,0,vtmoney.vn
COM_647,5/7/2026,991163657f14eb49,0,test,319,1,[DATE] [MONEY] [TB],,1,0,1,1,onelink.me
COM_648,5/7/2026,f00f290bb9907667,0,train,303,0,[MONEY] [TB] [TIME],,1,0,1,0,vtmoney.vn
COM_649,5/7/2026,e592ec7af3e0e5c4,0,train,291,0,[MONEY] [NUMBER] [TIME],,1,0,1,0,viettelmoney.vn
COM_650,5/7/2026,48c9e8ed06597ae7,0,train,246,1,[MONEY] [TB] [TIME],,0,0,0,0,
COM_651,5/7/2026,4d12bf4f884cc89d,0,train,199,1,[MONEY] [NUMBER] [QC],,1,0,1,0,vtmoney.vn
COM_652,5/7/2026,c201cefab57125c9,0,train,391,1,[MONEY] [TB],,2,0,2,0,viettel.vn
COM_653,5/7/2026,30b4608588f6a601,0,test,320,1,[MONEY] [NUMBER] [QC],,1,0,1,0,viettel.vn
COM_655,5/7/2026,505de78753cf6eeb,0,train,250,0,[MONEY] [NUMBER] [QC] [TIME],,1,0,1,0,vtmoney.vn
COM_656,5/7/2026,707c63800b047ee1,0,train,229,1,[MONEY] [NUMBER] [TB] [TIME],,0,0,0,0,
COM_657,5/7/2026,e1bd6d064d175db6,0,train,228,1,[MONEY] [NUMBER] [QC],,1,0,1,0,vtmoney.vn
COM_659,5/7/2026,0c4ffb8e423dcc82,0,train,387,1,[MONEY] [TB] [TIME],,1,0,1,0,viettel.vn
COM_660,5/7/2026,a31e2c4486e02080,0,train,306,1,[MONEY] [NUMBER] [QC],,1,0,1,0,vtmoney.vn
COM_661,5/7/2026,5e25c508649323b6,0,train,312,1,[DATE] [MONEY] [TB],,1,0,1,0,viettel.vn
COM_662,5/7/2026,5d6f2027dc15f243,0,train,322,0,[DATE] [POINT],,1,1,1,1,page.link
COM_663,5/7/2026,f43b43d902d8e304,0,train,261,0,[MONEY] [NUMBER],,1,0,1,0,viettel.vn
COM_665,5/7/2026,46ae9c4cbe97d2b8,0,test,409,1,[MONEY] [QC] [TIME],,1,0,1,0,vietplant.com.vn
COM_666,5/7/2026,df44b1a5f449d326,0,train,336,1,[DATE] [MONEY] [TB],,1,0,1,0,vtmoney.vn
COM_667,5/7/2026,5ee889e0d3857bda,0,train,255,0,[MONEY] [TB],,1,0,1,0,vtmoney.vn
COM_668,5/7/2026,b2fdc36b550219a6,0,train,308,1,[NUMBER] [TB],,0,0,0,0,
COM_669,5/7/2026,102d5bdb842cd6e8,0,train,188,1,[TB],,0,0,0,0,
COM_670,5/7/2026,7178eaf56064ca31,0,train,241,0,[DATE] [MONEY] [NUMBER] [TIME],,1,0,1,0,viettel.vn
COM_671,5/7/2026,df23fe7da33ff93b,0,train,347,0,[NUMBER] [TIME],,1,1,1,1,page.link
COM_672,5/7/2026,46a243651b5d8a97,0,train,209,0,[DATE] [MONEY] [NUMBER],,1,0,1,0,viettel.vn
COM_673,5/7/2026,26b2998f95d58fe4,0,train,278,0,,,0,0,0,0,
COM_674,5/7/2026,68a27d6bac43a9c3,0,train,254,0,[DATE] [MONEY] [NUMBER] [POINT],,1,1,1,1,page.link
COM_675,5/7/2026,641a64171d59dda0,0,train,285,1,[MONEY] [TB],,0,0,0,0,
COM_676,5/7/2026,5e25c508649323b6,0,train,312,1,[DATE] [MONEY] [TB],,1,0,1,0,viettel.vn
COM_677,5/7/2026,5d6f2027dc15f243,0,train,322,0,[DATE] [POINT],,1,1,1,1,page.link
COM_678,5/7/2026,f1082272066892a7,0,train,291,0,[MONEY] [NUMBER] [TIME],,1,0,1,0,viettelmoney.vn
COM_679,5/7/2026,022d2e2db3cf7489,0,train,136,0,[MONEY] [TB],,1,0,1,0,vtmoney.vn
COM_680,5/7/2026,18fb600e2e89fa85,0,train,180,0,[MONEY] [TB],,1,0,1,0,vtmoney.vn
COM_681,5/7/2026,aa419865d782ac0c,0,train,353,1,[MONEY] [TB],,1,1,1,1,page.link
COM_682,5/7/2026,df3c393c87635c6b,0,train,221,0,[MONEY] [TB],,1,0,1,0,vtmoney.vn
COM_683,5/7/2026,5c35a472a921fece,0,train,359,0,[MONEY] [TIME],,0,0,0,0,
COM_684,5/7/2026,dc7c4ebd8c70e0fe,0,train,383,1,[MONEY] [TB] [TIME],,1,0,1,0,viettel.vn
COM_685,5/7/2026,179a4a7da31e0020,0,train,228,1,[MONEY] [TB],,1,0,1,0,viettel.vn
COM_686,5/7/2026,1132d8430bdfa45e,0,train,275,1,[MONEY] [NUMBER] [QC],,1,1,1,1,page.link
COM_687,5/7/2026,29bc28dd6dfd1cc9,0,train,265,1,[MONEY] [QC],,1,1,1,1,page.link
COM_688,5/7/2026,f75419e25c4c5cc3,0,train,284,1,[MONEY] [NUMBER] [QC],,1,0,1,0,vtmoney.vn
COM_689,5/7/2026,aa4634dcca67f712,0,train,202,1,[DATE] [MONEY] [QC],,1,0,1,0,viettel.vn
COM_690,5/7/2026,509c06ef4ea97c76,0,train,349,1,[DATE] [MONEY] [TB],,2,0,2,0,momo.vn viettel.vn
COM_692,5/7/2026,0fcceff26e60e0f1,0,train,377,1,[NUMBER] [TB],,0,0,0,0,
COM_693,5/7/2026,486b9915b1864dca,0,train,171,0,[MONEY] [TB],,1,0,1,0,vtmoney.vn
COM_694,5/7/2026,fb90f127c1832f14,0,train,260,1,[MONEY] [NUMBER] [QC],,1,0,1,0,viettel.vn
COM_695,5/7/2026,b3654870d94bb11d,0,test,239,1,[MONEY] [NUMBER] [QC],,1,0,1,0,vtmoney.vn
COM_696,5/7/2026,65c18645f95c8e29,0,train,331,1,[DATE] [MONEY] [TB],,1,0,1,0,viettel.vn
COM_697,5/7/2026,fcaea8f0bf27cdb1,0,train,414,1,[MONEY] [NUMBER] [TB],,1,0,1,0,momo.vn
COM_698,5/7/2026,9d0ba76950190e56,0,test,255,0,[DATE] [MONEY] [TB],,1,0,1,0,vtmoney.vn
COM_699,5/7/2026,15ee28b3809e0686,0,train,240,0,[MONEY] [TB],,1,0,1,0,vtmoney.vn
COM_700,5/7/2026,9101562b156a37e9,0,test,327,1,[DATE] [MONEY] [TB],,1,0,1,0,viettel.vn
COM_701,5/7/2026,cd8eedefc843ab2a,0,train,199,0,[MONEY] [TB],,1,0,1,0,vtmoney.vn
COM_702,5/7/2026,5109ade0cb16dedc,0,train,142,0,[DATE] [MONEY] [NUMBER] [TIME],,0,0,0,0,
COM_703,5/7/2026,541dfb8c5bdcee98,0,train,393,0,[MONEY] [NUMBER] [TIME],,1,1,1,1,page.link
COM_704,5/7/2026,c4d8117779b0cab9,0,train,344,1,[DATE] [MONEY] [TIME],,1,0,1,0,viettel.vn
COM_705,5/7/2026,8f1561e86cf23a1c,0,train,261,1,[MONEY],,0,0,0,0,
COM_707,5/7/2026,11f317a23d0dcfc2,0,train,307,1,[MONEY] [TB],,1,0,1,0,viettel.vn
COM_709,5/7/2026,0ee26ed8683d8191,0,train,192,0,[DATE] [MONEY] [TB],,1,0,1,0,vtmoney.vn
COM_710,5/7/2026,90704c22527c84c7,0,train,160,1,[MONEY] [TB] [TIME],,0,0,0,0,
COM_711,5/7/2026,991163657f14eb49,0,test,319,1,[DATE] [MONEY] [TB],,1,0,1,1,onelink.me
COM_712,5/7/2026,e6bfc34f04acb5f3,0,train,355,0,[MONEY] [TIME],,0,0,0,0,
COM_713,5/7/2026,f52b95a80f9a2ce7,0,train,217,1,[DATE] [MONEY] [TB],,1,0,1,0,viettel.vn
COM_714,5/7/2026,883dfe18778729c9,0,test,149,0,,,1,0,1,1,lnkd.in
COM_715,5/7/2026,2c5100d518f40407,0,train,276,0,[DATE] [MONEY] [TB] [TIME],,1,0,1,0,vtmoney.vn
COM_717,5/7/2026,75d753581d520548,0,train,250,0,[DATE] [MONEY] [TB],,1,0,1,0,vtmoney.vn
COM_718,5/7/2026,f49fc0418ee4df81,0,test,261,1,[MONEY] [NUMBER] [QC],,1,0,1,0,tv360.vn
COM_719,5/7/2026,1a26f526c796d055,0,train,167,0,[DATE] [NUMBER] [TB] [TIME],,0,0,0,0,
COM_720,5/7/2026,c7c07f157b6748f8,0,test,257,1,[MONEY] [QC],,1,1,1,1,page.link
COM_721,5/7/2026,0c2d40f89a504780,0,train,280,1,[MONEY] [QC],,1,1,1,1,page.link
COM_722,5/7/2026,b4554858d7994e74,0,test,151,0,[DATE] [MONEY],,0,0,0,0,
COM_723,5/7/2026,ad6beadfac484de0,0,test,132,1,[MONEY] [TB],,0,0,0,0,
COM_724,5/7/2026,733a9ba4cd41d16a,0,train,392,1,[DATE] [NUMBER] [TB] [TIME],,0,0,0,0,
COM_725,5/7/2026,08a76f5c414bb05d,0,test,213,0,[MONEY] [TB],,1,0,1,0,vtmoney.vn
COM_728,5/7/2026,d9fdfc95450d9cae,0,test,191,0,[MONEY] [TB],,1,0,1,0,vtmoney.vn
COM_729,5/7/2026,5e20ef4ab0934a33,0,train,107,1,[TB],,0,0,0,0,
COM_730,5/7/2026,5aafa82955d98f1b,0,train,291,0,[MONEY] [NUMBER] [TIME],,1,0,1,0,viettelmoney.vn
COM_732,5/7/2026,ae9ee3128aff5eee,0,train,404,1,[MONEY] [NUMBER] [TB] [TIME],,1,1,1,1,page.link
COM_733,5/7/2026,175dee6a820e600b,0,train,232,0,[MONEY] [TB],,1,0,1,0,vtmoney.vn
COM_734,5/7/2026,5e25c508649323b6,0,train,312,1,[DATE] [MONEY] [TB],,1,0,1,0,viettel.vn
COM_736,5/7/2026,4d82341788cf47ac,0,test,237,0,[MONEY] [NUMBER] [QC],,1,0,1,1,onelink.me
COM_737,5/7/2026,29ed7f1eab9c7a4c,0,test,170,1,[TB],,0,0,0,0,
COM_739,5/7/2026,f162a70015fac427,0,train,323,1,[DATE] [TB],,0,0,0,0,
COM_741,5/7/2026,df44b1a5f449d326,0,train,336,1,[DATE] [MONEY] [TB],,1,0,1,0,vtmoney.vn
COM_745,5/7/2026,48e102d1dc694656,0,train,217,0,[DATE] [MONEY] [TB],,1,0,1,0,vtmoney.vn
COM_748,5/7/2026,f4a157a7cf17cf77,0,test,283,0,[MONEY] [NUMBER],,0,0,0,0,
COM_750,5/7/2026,5fa25da8441dbb2e,0,train,142,0,[DATE] [MONEY] [NUMBER] [TIME],,0,0,0,0,
COM_751,5/7/2026,c4d8117779b0cab9,0,train,344,1,[DATE] [MONEY] [TIME],,1,0,1,0,viettel.vn
COM_752,5/7/2026,991163657f14eb49,0,test,319,1,[DATE] [MONEY] [TB],,1,0,1,1,onelink.me
COM_755,5/7/2026,c8a65c1c374dbec5,0,train,613,1,[DATE] [MONEY] [NUMBER] [TB] [TIME],,0,0,0,0,
COM_756,5/7/2026,a3f909a6381a6f7b,0,train,381,1,[DATE] [MONEY] [NUMBER] [TIME],,1,0,1,0,viettel.vn
COM_757,5/7/2026,c26b5b2a385fd22b,0,test,212,1,[DATE] [NUMBER] [TB],,0,0,0,0,
COM_758,5/7/2026,31e2e4daff6cbeea,0,train,257,1,[MONEY],,0,0,0,0,
COM_759,5/7/2026,5c4cbe9d5fd28559,0,train,253,1,[MONEY] [QC],,1,1,1,1,page.link
COM_760,5/7/2026,63abe8295ae38983,0,test,315,1,[MONEY] [NUMBER] [POINT] [QC] [TIME],,1,1,1,1,page.link
COM_762,5/7/2026,7bee49ce7e854899,0,train,107,0,[NUMBER] [TB] [TIME],,0,0,0,0,
COM_763,5/7/2026,900df7e25db9fe38,0,train,400,1,[MONEY] [NUMBER] [TB] [TIME],,0,0,0,0,
COM_764,5/7/2026,b481bb4b2d33ed96,0,train,59,1,,,0,0,0,0,
COM_765,5/7/2026,e0a9609d626c414d,0,train,38,1,,,0,0,0,0,
COM_766,5/7/2026,d07177df2637b476,0,train,158,0,[DATE] [MONEY] [TB],,0,0,0,0,
COM_767,5/7/2026,cc3ff9138317b78c,0,test,357,0,[MONEY] [TIME],,0,0,0,0,
COM_768,5/7/2026,519b8e8e4593b04f,0,train,289,0,[DATE] [POINT],,1,1,1,1,page.link
COM_769,5/7/2026,ca2ceda1a3f3b14f,0,test,291,0,[MONEY] [NUMBER] [TIME],,1,0,1,0,viettelmoney.vn
COM_770,5/7/2026,dfba9c3af235caea,0,train,365,0,[MONEY] [NUMBER],,1,0,1,0,viettel.vn
COM_771,5/7/2026,5e25c508649323b6,0,train,312,1,[DATE] [MONEY] [TB],,1,0,1,0,viettel.vn
COM_772,5/7/2026,16f5fd67f5d180d1,0,train,282,1,[MONEY] [TB],,1,0,1,1,onelink.me
COM_773,5/7/2026,a9704928819f1eea,0,test,273,1,[MONEY] [NUMBER] [QC] [TIME],,1,0,1,0,tv360.vn
COM_774,5/7/2026,cbbe771d330dcf17,0,train,235,1,[MONEY] [QC],,1,1,1,1,page.link
COM_775,5/7/2026,d80a74d016f365d8,0,train,137,0,[TIME],,0,0,0,0,
COM_776,5/7/2026,86c5a6e7db6aed7b,0,train,122,0,,,0,0,0,0,
COM_777,5/7/2026,b8674f6db05027aa,0,train,306,1,[MONEY] [TB],,1,0,1,0,viettel.vn
COM_778,5/7/2026,fa804682e84212ac,0,train,141,0,[DATE] [MONEY] [NUMBER] [TIME],,0,0,0,0,
COM_779,5/7/2026,a00bf7e6810b6aa3,0,train,261,0,[MONEY] [NUMBER],,1,0,1,0,viettel.vn
COM_780,5/7/2026,492bd2bf37f22600,0,train,308,0,[MONEY] [TIME],,1,1,1,1,page.link
COM_781,5/7/2026,9101562b156a37e9,0,test,327,1,[DATE] [MONEY] [TB],,1,0,1,0,viettel.vn
COM_782,5/7/2026,449c96304d7fa7ff,0,train,284,0,[MONEY] [TIME],,0,0,0,0,
COM_783,5/7/2026,5d6a5d41d6f67080,0,train,261,0,[MONEY],,1,1,1,1,page.link
COM_784,5/7/2026,329e8b7b9e7c4359,0,train,250,0,[MONEY] [TB],,1,0,1,0,vtmoney.vn
COM_785,5/7/2026,bdb8e57734d6d95c,0,train,130,0,[NUMBER],,0,0,0,0,
COM_786,5/7/2026,74766c41c2705878,0,train,349,0,[DATE] [MONEY] [TB],,1,0,1,1,grb.to
COM_787,5/7/2026,6245af3b6579b07d,0,train,103,1,[MONEY],,0,0,0,0,
COM_788,5/7/2026,58ac5616872277a3,0,train,692,1,[DATE] [NUMBER] [TB] [TIME],,0,0,0,0,
COM_789,5/7/2026,91af16d01c6af77b,0,train,195,1,[TB],,0,0,0,0,
COM_790,5/7/2026,952bcff79018e9d3,0,test,177,0,[MONEY],,1,1,1,1,page.link
COM_791,5/7/2026,050f345482d558df,0,train,371,1,[DATE] [MONEY] [TB],,1,0,1,0,viettel.vn
COM_793,5/7/2026,f003942252bd5057,0,train,135,0,,,0,0,0,0,
COM_794,5/7/2026,cdee6d649fe320a9,0,train,141,0,[DATE] [MONEY] [NUMBER] [TIME],,0,0,0,0,
COM_795,5/7/2026,541dfb8c5bdcee98,0,train,393,0,[MONEY] [NUMBER] [TIME],,1,1,1,1,page.link
COM_796,5/7/2026,4d5f1d8cf4d8e1fe,0,train,602,1,[DATE] [NUMBER] [TB] [TIME],,0,0,0,0,
COM_797,5/7/2026,519b8e8e4593b04f,0,train,289,0,[DATE] [POINT],,1,1,1,1,page.link
COM_798,5/7/2026,733493668dee2dae,0,test,50,1,[NUMBER],,0,0,0,0,
COM_799,5/7/2026,750bf892451b5e43,0,train,412,1,[DATE] [MONEY] [NUMBER] [TB] [TIME],,1,0,1,0,viettel.vn
COM_801,5/7/2026,a49fd7124e7a8b92,0,test,300,1,[DATE] [MONEY] [TB],,1,0,1,0,vietteltelecom.vn
COM_802,5/7/2026,1a26f526c796d055,0,train,167,0,[DATE] [NUMBER] [TB] [TIME],,0,0,0,0,
COM_803,5/7/2026,2ccc53c59854b0ac,0,train,167,0,[MONEY] [NUMBER],,0,0,0,0,
COM_804,5/7/2026,26ede2d3226213f5,0,train,352,0,[NUMBER] [TIME],,1,1,1,1,page.link
COM_805,5/7/2026,0153e1d8f48904cf,0,train,279,0,[MONEY] [NUMBER],,1,0,1,0,tv360.vn
COM_806,5/7/2026,59d714b4929a5ac1,0,train,371,0,,,0,0,0,0,
COM_807,5/7/2026,9b9623f52a2bdb16,0,train,197,1,[MONEY],,0,0,0,0,
COM_808,5/7/2026,8195ea7f001bdb1b,0,train,405,0,[MONEY] [NUMBER],,1,0,1,0,imuzik.vn
COM_809,5/7/2026,24f2a67c260d6759,0,train,233,0,[MONEY] [NUMBER],,1,0,1,0,viettel.vn
COM_810,5/7/2026,48e102d1dc694656,0,train,217,0,[DATE] [MONEY] [TB],,1,0,1,0,vtmoney.vn
COM_811,5/7/2026,9a84ac4d2fa2e4bb,0,test,347,1,[DATE] [MONEY] [NUMBER] [TB],,1,0,1,0,vtmoney.vn
COM_812,5/7/2026,01fb8bc92cc730ca,0,train,209,0,[DATE] [MONEY],,1,0,1,0,vietteltelecom.vn
COM_813,5/7/2026,206d15477a8fc600,0,train,338,1,[MONEY] [NUMBER] [TB],,1,0,1,0,viettel.vn
COM_814,5/7/2026,1c696a635fa525a9,0,train,256,1,[DATE] [TB],,0,0,0,0,
COM_815,5/7/2026,1d48c6b5f7fbcbaf,0,train,261,0,[MONEY] [TB],,1,1,1,1,page.link
COM_817,5/7/2026,c359291dc774c2d1,0,test,245,1,[MONEY] [NUMBER] [TB],,0,0,0,0,
COM_818,5/7/2026,9e61845ecfa5d733,0,train,280,1,[DATE] [MONEY] [NUMBER] [QC] [TIME],,1,0,1,0,tv360.vn
COM_819,5/7/2026,4d6d82782e8e38a2,0,train,224,1,[MONEY] [TB],,0,0,0,0,
COM_821,5/7/2026,8342a4af6d6ee5a6,0,test,405,1,[MONEY] [NUMBER] [TB],,2,0,2,0,viettel.vn
COM_822,5/7/2026,152c275ea43f803f,0,test,298,0,[DATE] [NUMBER] [POINT],,1,1,1,1,page.link
COM_823,5/7/2026,8961c1622d106e1e,0,train,145,0,[DATE] [MONEY] [NUMBER] [TIME],,0,0,0,0,
COM_824,5/7/2026,2319cc7c88f86b8a,0,train,23,1,,,0,0,0,0,
COM_826,5/7/2026,5ee9df861066ffb9,0,train,142,0,[DATE] [MONEY] [NUMBER] [TIME],,0,0,0,0,
COM_827,5/7/2026,649411d55f9c9fc0,0,train,234,1,[MONEY] [TB],,1,0,1,0,viettel.vn
COM_828,5/7/2026,a11b2ff34a185624,0,test,187,1,[MONEY] [TB],,0,0,0,0,
COM_829,5/7/2026,a9bea1925457f3b0,0,train,109,0,[TIME],,0,0,0,0,
COM_830,5/7/2026,3e4580cf0d026a41,0,train,156,0,[NUMBER] [TIME],,0,0,0,0,
COM_831,5/7/2026,d25bb1092748a316,0,train,127,0,[NUMBER] [TIME],,0,0,0,0,
COM_832,5/7/2026,5e25c508649323b6,0,train,312,1,[DATE] [MONEY] [TB],,1,0,1,0,viettel.vn
COM_833,5/7/2026,ef5ab25b80dd849d,0,train,182,0,,,2,0,2,2,cps.onl
COM_834,5/7/2026,b945ed0cf5c40c3f,0,train,104,1,[TB],,0,0,0,0,
COM_835,5/7/2026,4d907d43aa59e805,0,test,366,0,[MONEY] [NUMBER],,1,0,1,0,viettel.vn
COM_836,5/7/2026,d30e641322192d4d,0,train,263,1,[DATE] [MONEY] [QC],,1,1,1,1,page.link
COM_837,5/7/2026,79f514a3bc814f87,0,train,294,0,[MONEY] [NUMBER],,1,0,1,0,garena.vn
COM_838,5/7/2026,0fc9f72fd9b537e4,0,train,366,0,[MONEY] [NUMBER],,1,0,1,0,viettel.vn
COM_839,5/7/2026,f4c87b6487b44faa,0,train,278,1,[DATE] [MONEY] [QC],,1,0,1,0,viettel.vn
COM_840,5/7/2026,33a46053854fec8c,0,train,411,1,[MONEY] [QC],,1,0,1,0,viettel.vn
COM_841,5/7/2026,983a91a50f50ab43,0,test,274,1,[MONEY] [NUMBER] [QC],,1,0,1,0,viettel.vn
COM_842,5/7/2026,e2681268be782e15,0,train,166,1,[MONEY] [TB],,0,0,0,0,
COM_843,5/7/2026,df44b1a5f449d326,0,train,336,1,[DATE] [MONEY] [TB],,1,0,1,0,vtmoney.vn
COM_844,5/7/2026,b4c40c172d458ff0,0,train,277,1,[MONEY] [QC],,1,0,1,0,viettel.vn
COM_845,5/7/2026,f4cc3a8457a95bf5,0,train,112,0,[MONEY],,0,0,0,0,
COM_846,5/7/2026,461d91450d3ce9bb,0,train,317,1,[DATE] [MONEY] [TB],,1,0,1,0,viettel.vn
COM_847,5/7/2026,1a26f526c796d055,0,train,167,0,[DATE] [NUMBER] [TB] [TIME],,0,0,0,0,
COM_849,5/7/2026,f6542cbc27554db7,0,train,118,0,[MONEY],,0,0,0,0,
COM_850,5/7/2026,eeba76228296d556,0,train,299,1,[MONEY] [NUMBER] [TB],,1,0,1,0,viettel.vn
COM_851,5/7/2026,3111cffc5fb9c6e2,0,train,135,0,[DATE] [MONEY] [NUMBER] [TIME],,0,0,0,0,
COM_852,5/7/2026,1a26f526c796d055,0,train,167,0,[DATE] [NUMBER] [TB] [TIME],,0,0,0,0,
COM_853,5/7/2026,72a57d41d0fcc9d5,0,train,47,1,[NUMBER],,0,0,0,0,
COM_854,5/7/2026,308da1e2a8aa7f51,0,test,469,0,[MONEY] [NUMBER],,1,0,1,0,imuzik.vn
COM_855,5/7/2026,dbd99db4eabb45a4,0,train,296,0,,,0,0,0,0,
COM_856,5/7/2026,8e18afa850af589b,0,train,212,1,[NUMBER] [TB],,0,0,0,0,
COM_857,5/7/2026,6378dc8733e0ee06,0,train,182,1,[DATE] [NUMBER] [TB] [TIME],,0,0,0,0,
COM_858,5/7/2026,7b42f371d557a6cb,0,test,240,1,[MONEY] [NUMBER] [QC],,1,0,1,0,viettel.vn
COM_861,5/7/2026,796715407b5cc705,0,train,223,0,[MONEY] [NUMBER] [QC],,1,0,1,1,go.link
COM_862,5/7/2026,f5d91407368958bf,0,train,315,1,[DATE] [MONEY] [TB],,1,0,1,1,onelink.me
COM_863,5/7/2026,36c3e59da45e45fc,0,test,147,0,[NUMBER] [TIME],,0,0,0,0,
COM_864,5/7/2026,e28e0277239213cf,0,train,43,1,,,0,0,0,0,
COM_865,5/7/2026,9b1f1733300dec9d,0,train,38,1,,,0,0,0,0,
COM_866,5/7/2026,95b5b0bc544a0f11,0,train,86,1,,,0,0,0,0,
COM_868,5/7/2026,f35172be3e05208d,0,test,266,1,[MONEY] [QC],,1,0,1,0,viettel.vn
COM_869,5/7/2026,da48a057b212278b,0,train,174,1,[MONEY] [NUMBER] [TB],,0,0,0,0,
COM_870,5/7/2026,e7840c2b027f5959,0,train,233,1,[MONEY] [NUMBER] [QC],,1,0,1,0,tv360.vn
COM_871,5/7/2026,97e84cee3a89d10e,0,test,186,1,[MONEY],,1,0,1,0,viettel.vn
COM_872,5/7/2026,1a62b95e04bce4cb,0,train,277,1,[MONEY] [TB],,2,1,2,1,page.link viettel.vn
COM_873,5/7/2026,5f94ecfbbdcfecaa,0,train,329,1,[DATE] [MONEY] [TB],,1,0,1,0,vtmoney.vn
COM_874,5/7/2026,48861bcf355c197c,0,train,360,1,[MONEY] [NUMBER] [QC],,1,0,1,0,isignplus.vn
COM_876,5/7/2026,d15cfd888ba8601c,0,train,255,1,[MONEY] [NUMBER] [QC],,1,0,1,0,tv360.vn
COM_877,5/7/2026,2924d3548892c6ef,0,train,469,1,[TB],,0,0,0,0,
COM_878,5/7/2026,9992698ec3ea9dc3,0,train,75,1,[MONEY] [NUMBER],,0,0,0,0,
COM_879,5/7/2026,5efbb7394248cedf,0,train,255,1,[MONEY] [TB],,1,0,1,0,viettel.vn
COM_880,5/7/2026,df362dd5fa08c1e4,0,train,381,0,[MONEY] [NAME] [NUMBER],,1,0,1,0,vtp.vn
COM_881,5/7/2026,c2b3dc3243b5b2c6,0,train,290,0,[MONEY] [NAME] [NUMBER],,1,0,1,0,vtp.vn
COM_882,5/7/2026,2a9749ad8292c1c5,0,train,308,1,[DATE] [MONEY] [TB],,1,0,1,0,viettel.vn
COM_884,5/7/2026,c2fa22ccbf33f098,0,train,135,0,[DATE] [MONEY] [NUMBER] [TIME],,0,0,0,0,
COM_885,5/7/2026,ef5ac9d675b13f69,0,train,334,0,[MONEY],,0,0,0,0,
COM_886,5/7/2026,e3a945fa33c32d07,0,test,231,1,[DATE] [MONEY] [QC],,1,1,1,1,page.link
COM_887,5/7/2026,dd3a52dfdf26b273,0,train,223,0,[MONEY] [NUMBER] [QC],,1,0,1,1,go.link
COM_888,5/7/2026,18bb89725729ee5b,0,train,495,1,[MONEY] [NUMBER] [QC],,1,0,1,0,tv360.vn
COM_889,5/7/2026,4ac24a7c12c13f3e,0,train,269,1,[MONEY] [NUMBER] [QC],,1,0,1,0,tv360.vn
COM_891,5/7/2026,c8ddf72cc65651f6,0,train,298,0,[DATE] [NUMBER] [POINT],,1,1,1,1,page.link
COM_892,5/7/2026,9e9db27e1d19032b,0,test,273,0,[MONEY] [NUMBER],,1,0,1,0,viettel.vn
COM_893,5/7/2026,6711eaef2c01219a,0,train,215,1,[MONEY] [TB] [TIME],,0,0,0,0,
COM_894,5/7/2026,793014a5efd81cb6,0,test,216,1,[MONEY] [TB] [TIME],,0,0,0,0,
COM_895,5/7/2026,41861bf4f427858c,0,train,267,1,[MONEY] [TB] [TIME],,0,0,0,0,
COM_896,5/7/2026,2a9749ad8292c1c5,0,train,308,1,[DATE] [MONEY] [TB],,1,0,1,0,viettel.vn
COM_897,5/7/2026,4e212623793b625b,0,train,135,0,[MONEY] [NUMBER],,1,1,1,1,page.link
COM_898,5/7/2026,08d1d51fae4d2bde,0,test,320,1,[DATE] [MONEY] [TB],,1,0,1,0,viettel.vn
COM_899,5/7/2026,ab73e0b44340f1ae,0,test,314,0,,,0,0,0,0,
COM_902,5/7/2026,2a9749ad8292c1c5,0,train,308,1,[DATE] [MONEY] [TB],,1,0,1,0,viettel.vn
COM_903,5/7/2026,9f05799ed8eb6804,0,train,444,1,[MONEY] [NUMBER] [QC],,1,0,1,0,viettelstore.vn
COM_904,5/7/2026,fde8822b668d151a,0,train,191,1,[DATE] [MONEY],,1,0,1,0,viettel.vn
COM_905,5/7/2026,6b640d87c276a7b9,0,test,171,1,[MONEY],,1,0,1,0,viettel.vn
COM_906,5/7/2026,2f166de85d79f421,0,train,261,0,[MONEY] [NUMBER],,1,0,1,0,viettel.vn
COM_907,5/7/2026,f2267d30ef698116,0,test,252,0,[DATE] [MONEY] [POINT],,1,0,1,0,vietteltelecom.vn
COM_908,5/7/2026,077525d67283682d,0,test,200,0,[MONEY] [NUMBER],,0,0,0,0,
COM_909,5/7/2026,46ee663e4b2d5a89,0,train,79,0,[NUMBER],,0,0,0,0,
COM_910,5/7/2026,2e1838975f8810cd,0,train,334,1,[MONEY] [NUMBER] [TB],,1,0,1,0,viettel.vn
COM_911,5/7/2026,b6f8ff733515a591,0,train,198,1,[MONEY] [TB],,1,0,1,0,viettel.vn
COM_912,5/7/2026,869a5f2acc3e6d08,0,test,254,1,[DATE] [MONEY] [QC],,1,0,1,1,go.link
COM_913,5/7/2026,1c79a08c1719e982,0,train,298,1,[MONEY] [NUMBER] [QC],,1,0,1,0,viettel.vn
COM_915,5/7/2026,8e6624289d94546f,0,train,334,1,[MONEY] [NUMBER] [QC],,1,0,1,0,viettel.vn
COM_916,5/7/2026,c8e83bc30ef080d9,0,train,279,0,[MONEY] [TIME],,0,0,0,0,
COM_918,5/7/2026,00909fbcd7fd729e,0,train,364,0,[DATE] [MONEY] [TB],,1,0,1,0,viettel.vn
COM_919,5/7/2026,24f5efcc87c51831,0,train,304,1,[MONEY] [NUMBER] [QC],,2,1,2,0,tv360.vn zalo.me
COM_920,5/7/2026,2a9749ad8292c1c5,0,train,308,1,[DATE] [MONEY] [TB],,1,0,1,0,viettel.vn
COM_921,5/7/2026,2d493a957ceba76e,0,train,280,1,[MONEY] [QC],,1,0,1,0,vietteltelecom.vn
COM_922,5/7/2026,4e96453741354b2c,0,train,375,1,[MONEY] [TB],,1,0,1,0,viettel.vn
COM_923,5/7/2026,08d1d51fae4d2bde,0,test,320,1,[DATE] [MONEY] [TB],,1,0,1,0,viettel.vn
COM_924,5/7/2026,709466eec8348b66,0,test,205,1,[MONEY] [TB] [TIME],,0,0,0,0,
COM_925,5/7/2026,88bdc8a9eaeb82ed,0,train,308,1,[MONEY] [NUMBER] [TB],,0,0,0,0,
COM_926,5/7/2026,cc2799ab2c7f3719,0,train,329,1,[DATE] [TB],,0,0,0,0,
COM_927,5/7/2026,fed29a4b5f146ff0,0,train,150,0,[MONEY],,0,0,0,0,
COM_928,5/7/2026,69445c7740ea1f61,0,train,142,0,[DATE] [MONEY] [NUMBER] [TIME],,0,0,0,0,
COM_929,5/7/2026,45368be5c7d8c90a,0,train,128,0,,,0,0,0,0,
COM_930,5/7/2026,3d4d9fa117acf970,0,train,380,0,[MONEY] [NUMBER] [TIME],,1,0,1,0,vietteltelecom.vn
COM_931,5/7/2026,ffd8e12e82e4ceea,0,train,131,0,[NUMBER],,1,0,1,0,vietteltelecom.vn
COM_932,5/7/2026,53559e4d0e50cf4c,0,train,326,0,[MONEY],,1,0,1,0,vtmoney.vn
COM_933,5/7/2026,5df4e7acf052fecc,0,train,362,1,[DATE] [MONEY] [NUMBER] [TB],,1,0,1,0,viettel.vn
COM_934,5/7/2026,1302906ca3a8add8,0,train,293,1,[DATE] [MONEY] [TB],,1,0,1,0,viettel.vn
COM_935,5/7/2026,4a23dd8e31d5c23b,0,test,118,0,[MONEY],,0,0,0,0,
COM_936,5/7/2026,fd17f8ac8bf3b64b,0,train,306,1,[MONEY] [TB],,1,0,1,0,viettel.vn
COM_937,5/7/2026,2d002ae3f695827b,0,train,112,0,[MONEY],,0,0,0,0,
COM_938,5/7/2026,dfb9d1a6d5eddba8,0,train,297,1,[MONEY] [TB],,0,0,0,0,
COM_939,6/7/2026,d07177df2637b476,0,train,158,0,[DATE] [MONEY] [TB],,0,0,0,0,
COM_940,6/7/2026,a5530c28611bbbb9,0,train,432,1,[DATE] [MONEY] [TB] [TIME],,1,0,1,0,viettel.vn
COM_941,6/7/2026,450de430e0350f75,0,train,141,0,[DATE] [MONEY] [NUMBER] [TIME],,0,0,0,0,
COM_942,6/7/2026,319cfd58732e9f0f,0,train,23,1,,,0,0,0,0,
COM_943,6/7/2026,0bc82121e46eec4f,0,train,141,0,[DATE] [MONEY] [NUMBER] [TIME],,0,0,0,0,
COM_944,6/7/2026,4eafafabe1a77f21,0,train,186,1,[MONEY],,1,0,1,0,viettel.vn
COM_945,6/7/2026,3d4d9fa117acf970,0,train,380,0,[MONEY] [NUMBER] [TIME],,1,0,1,0,vietteltelecom.vn
COM_946,6/7/2026,ce55701ad07a70c9,0,train,284,0,[MONEY] [NUMBER] [TIME],,0,0,0,0,
COM_947,6/7/2026,4d43ea44113e993a,0,test,182,0,[DATE] [NUMBER] [TB] [TIME],,0,0,0,0,
COM_948,6/7/2026,098355b9b9b6a555,0,train,368,1,[DATE] [MONEY] [TIME],,1,0,1,1,go.link
COM_949,6/7/2026,63d434cacecdb1f0,0,train,167,1,[MONEY],,1,0,1,0,viettel.vn
COM_950,6/7/2026,4c8539650ee73368,0,train,105,0,[DATE] [NUMBER] [TB] [TIME],,0,0,0,0,
COM_951,6/7/2026,e51ef40844eb91e1,0,train,261,0,[MONEY] [NUMBER],,1,0,1,0,viettel.vn
COM_952,6/7/2026,a4fab7b325838aeb,0,train,141,0,[DATE] [MONEY] [NUMBER] [TIME],,0,0,0,0,
COM_953,6/7/2026,a9a87ea5198e6145,0,train,252,1,[DATE] [MONEY] [TIME],,1,0,1,0,viettel.vn
COM_954,6/7/2026,01e8e316e15b4271,0,train,360,1,[MONEY] [TB] [TIME],,0,0,0,0,
COM_955,6/7/2026,56d4e19a9d05e7ec,0,test,287,0,[MONEY] [NUMBER] [TIME],,0,0,0,0,
COM_956,6/7/2026,c13cbfdd7a79e41f,0,test,166,1,[MONEY],,1,0,1,0,viettel.vn
COM_957,6/7/2026,61de761afc6ffc78,0,train,409,0,[DATE] [MONEY] [TB] [TIME],,1,0,1,1,onelink.me
COM_958,6/7/2026,b0e63466f6938239,0,test,216,1,[TB],,0,0,0,0,
COM_959,6/7/2026,2cbc3e506cb7bd3c,0,test,540,1,,,0,0,0,0,
COM_960,6/7/2026,f6fd8bbe2aa6ce85,0,test,183,0,[TIME],,0,0,0,0,
COM_961,6/7/2026,36a5983b7abac443,0,train,304,1,[MONEY] [NUMBER] [QC],,1,0,1,0,viettel.vn
COM_963,6/7/2026,b29a14aa0f9a20ae,0,train,141,0,[DATE] [MONEY] [NUMBER] [TIME],,0,0,0,0,
COM_964,6/7/2026,3d4d9fa117acf970,0,train,380,0,[MONEY] [NUMBER] [TIME],,1,0,1,0,vietteltelecom.vn
COM_965,6/7/2026,a5d8e968a7c17ee4,0,train,337,1,[MONEY] [NUMBER] [POINT] [QC],,1,0,1,0,viettel.vn
COM_966,6/7/2026,ec1388736174a593,0,train,233,1,[MONEY] [NUMBER] [POINT] [QC],,1,0,1,0,viettel.vn
COM_967,6/7/2026,dbcc12c734813d23,0,test,290,1,[MONEY] [NUMBER] [QC],,1,0,1,0,vietteltelecom.vn
COM_968,6/7/2026,33bc8dbf09465542,0,train,294,0,[DATE] [POINT],,1,0,1,0,vietteltelecom.vn
COM_969,6/7/2026,07dcc1a93d337d26,0,test,362,0,[MONEY] [NUMBER] [TIME],,0,0,0,0,
COM_970,6/7/2026,33bc8dbf09465542,0,train,294,0,[DATE] [POINT],,1,0,1,0,vietteltelecom.vn
COM_971,6/7/2026,f9b13c5e01eaa5a9,0,test,207,0,[NAME],,1,0,1,0,vneid.gov.vn
COM_972,6/7/2026,2a9749ad8292c1c5,0,train,308,1,[DATE] [MONEY] [TB],,1,0,1,0,viettel.vn
COM_974,6/7/2026,e506f8274b1c7344,0,train,46,1,,,0,0,0,0,
COM_975,6/7/2026,78a45fe44d9bae22,0,train,256,1,[MONEY] [NUMBER] [TB],,0,0,0,0,
COM_976,6/7/2026,dad5476ea98ff57c,0,train,37,1,,,0,0,0,0,
COM_977,6/7/2026,607397d800f69840,0,train,142,0,[DATE] [MONEY] [NUMBER] [TIME],,0,0,0,0,
COM_978,6/7/2026,3d4d9fa117acf970,0,train,380,0,[MONEY] [NUMBER] [TIME],,1,0,1,0,vietteltelecom.vn
COM_979,6/7/2026,363c3dd2c0c73364,0,train,229,0,[MONEY] [NUMBER] [QC] [TIME],,1,0,1,1,go.link
COM_980,6/7/2026,935615cd9ce0e51d,0,train,201,1,[MONEY] [TB] [TIME],,0,0,0,0,
COM_981,6/7/2026,9fefd38af47e6e92,0,train,331,1,[DATE] [NUMBER] [TB] [TIME],,0,0,0,0,
COM_982,6/7/2026,2271929fc9898292,0,train,289,1,[MONEY] [QC],,1,0,1,0,mydio.vn
COM_983,6/7/2026,be7bc01a0ace3d7a,0,train,31,1,,,0,0,0,0,
COM_984,6/7/2026,08d1d51fae4d2bde,0,test,320,1,[DATE] [MONEY] [TB],,1,0,1,0,viettel.vn
COM_985,6/7/2026,a173db434ed83386,0,train,182,0,[TIME],,0,0,0,0,
COM_986,6/7/2026,18eb261d0438c990,0,train,142,0,[DATE] [MONEY] [NUMBER] [TIME],,0,0,0,0,
COM_987,6/7/2026,a6fce1d9d2fb9f4a,0,train,261,0,[MONEY] [NUMBER],,1,0,1,0,viettel.vn
COM_988,6/7/2026,3d4d9fa117acf970,0,train,380,0,[MONEY] [NUMBER] [TIME],,1,0,1,0,vietteltelecom.vn
COM_989,6/7/2026,a6a3f42442104d0d,0,test,261,0,[MONEY] [NUMBER],,1,0,1,0,viettel.vn
COM_990,6/7/2026,d8dfbddc2a513501,0,train,68,1,,,0,0,0,0,
COM_991,6/7/2026,9aa02fa271b8374a,0,train,24,1,,,0,0,0,0,
COM_992,6/7/2026,906f5a5fe463299f,0,train,141,0,[DATE] [MONEY] [NUMBER] [TIME],,0,0,0,0,
COM_993,6/7/2026,3d4d9fa117acf970,0,train,380,0,[MONEY] [NUMBER] [TIME],,1,0,1,0,vietteltelecom.vn
COM_994,6/7/2026,2a9749ad8292c1c5,0,train,308,1,[DATE] [MONEY] [TB],,1,0,1,0,viettel.vn
COM_995,6/7/2026,3d4d9fa117acf970,0,train,380,0,[MONEY] [NUMBER] [TIME],,1,0,1,0,vietteltelecom.vn
COM_996,6/7/2026,45744e76767525ef,0,train,141,0,[DATE] [MONEY] [NUMBER] [TIME],,0,0,0,0,
COM_997,6/7/2026,098355b9b9b6a555,0,train,368,1,[DATE] [MONEY] [TIME],,1,0,1,1,go.link
COM_998,6/7/2026,1d19d457b4e2439a,0,train,292,0,[DATE] [POINT],,1,0,1,0,vietteltelecom.vn
COM_999,6/7/2026,06d7d0710d50a1ac,0,train,512,1,[TB],,0,0,0,0,
COM_1000,10/7/2026,4c1fed650eb8ad23,0,train,292,0,[DATE] [POINT],,1,0,1,0,vietteltelecom.vn
COM_1002,10/7/2026,1d19d457b4e2439a,0,train,292,0,[DATE] [POINT],,1,0,1,0,vietteltelecom.vn
COM_1003,10/7/2026,8ef797c24dcbb15f,0,train,44,1,[NUMBER] [PUBG] [TIME],,0,0,0,0,
COM_1004,10/7/2026,03151df7054372c8,0,train,278,1,[MONEY] [NUMBER] [POINT] [QC],,1,0,1,0,viettel.vn
COM_1005,10/7/2026,83d720561f8c6674,0,train,253,1,[MONEY] [QC],,1,0,1,0,viettel.vn
COM_1007,10/7/2026,be76fcfdba81a374,0,train,303,0,[DATE] [NUMBER] [POINT],,1,0,1,0,vietteltelecom.vn
COM_1008,10/7/2026,ada7b298af9fcc8a,0,train,141,0,[DATE] [MONEY] [NUMBER] [TIME],,0,0,0,0,
COM_1009,10/7/2026,3d4d9fa117acf970,0,train,380,0,[MONEY] [NUMBER] [TIME],,1,0,1,0,vietteltelecom.vn
COM_1010,10/7/2026,085e45e995bf0bd4,0,test,200,0,[MONEY],,1,0,1,0,viettel.vn
COM_1011,10/7/2026,4af4a0ecfcf8e420,0,train,337,0,[MONEY] [NUMBER],,0,0,0,0,
COM_1012,10/7/2026,e5ba387ec4f8ead2,0,train,330,0,[MONEY],,1,0,1,1,go.link
COM_1014,10/7/2026,d67a00a33b9fce22,0,train,435,0,[MONEY] [NUMBER] [TIME],,0,0,0,0,
COM_1015,10/7/2026,645335654d225233,0,train,392,1,[MONEY] [NUMBER] [QC],,1,0,1,0,tv360.vn
COM_1016,10/7/2026,c2125b3240a6d2da,0,test,258,1,[MONEY] [POINT] [QC],,1,0,1,0,viettel.vn
COM_1017,10/7/2026,2a9749ad8292c1c5,0,train,308,1,[DATE] [MONEY] [TB],,1,0,1,0,viettel.vn
COM_1018,10/7/2026,1a26f526c796d055,0,train,167,0,[DATE] [NUMBER] [TB] [TIME],,0,0,0,0,
COM_1019,10/7/2026,e0721d1df2619a6b,0,train,273,1,[MONEY] [TB],,1,1,1,1,page.link
COM_1020,10/7/2026,217865bd7a7966cf,0,train,162,1,[TB],,0,0,0,0,
COM_1021,10/7/2026,0ae50a86af4da60b,0,train,390,1,[MONEY] [NUMBER] [QC],,1,0,1,0,tv360.vn
COM_1022,10/7/2026,92c19c0788719cef,0,train,233,0,[MONEY] [NUMBER] [QC] [TIME],,1,0,1,1,go.link
COM_1023,10/7/2026,43d6e91484ec6879,0,test,406,0,[MONEY] [NUMBER] [TIME],,0,0,0,0,
COM_1025,10/7/2026,8457b80b4ae73bb4,0,train,399,0,[MONEY] [NUMBER] [TIME],,0,0,0,0,
COM_1026,10/7/2026,d8b66795d7303a70,0,train,310,1,[MONEY] [NUMBER] [QC],,1,0,1,0,tv360.vn
COM_1027,10/7/2026,e055f1fc49305a2b,0,train,229,0,[MONEY] [NUMBER] [QC] [TIME],,1,0,1,1,go.link
COM_1028,10/7/2026,b54f3aa695aa502b,0,train,67,1,[TB],,0,0,0,0,
COM_1029,10/7/2026,7bf1e6b563758fa0,0,train,112,0,[MONEY],,0,0,0,0,
COM_1030,10/7/2026,2a9749ad8292c1c5,0,train,308,1,[DATE] [MONEY] [TB],,1,0,1,0,viettel.vn
COM_1031,10/7/2026,06a55b9914808e8d,0,train,97,1,[TB],,0,0,0,0,
COM_1033,10/7/2026,5d1c543a7c4beeb6,0,test,118,0,[MONEY],,0,0,0,0,
COM_1035,10/7/2026,0988ecbf95da0bf6,0,train,201,1,[MONEY] [NAME] [NUMBER] [QC],,1,0,1,0,viettel.vn
COM_1036,10/7/2026,70341d752312f257,0,train,487,1,[DATE] [MONEY] [TIME],,1,0,1,0,viettel.vn
COM_1037,10/7/2026,32462b54efe11acc,0,train,185,1,[MONEY],,1,0,1,0,viettel.vn
COM_1038,10/7/2026,3fe55a3c26d913b9,0,test,432,1,[DATE] [MONEY],,0,0,0,0,
COM_1039,10/7/2026,3be5cbcfe898e04e,0,test,482,0,[MONEY] [NUMBER] [TIME],,0,0,0,0,
COM_1040,10/7/2026,ecff6563be14d0fc,0,test,235,0,[MONEY] [NUMBER],,1,0,1,0,viettel.vn
COM_1041,10/7/2026,0763cc5dc72499a1,0,train,141,0,[DATE] [MONEY] [NUMBER] [TIME],,0,0,0,0,
COM_1042,10/7/2026,3d4d9fa117acf970,0,train,380,0,[MONEY] [NUMBER] [TIME],,1,0,1,0,vietteltelecom.vn
COM_1043,10/7/2026,580feb3041e23b51,0,test,141,0,[DATE] [MONEY] [NUMBER] [TIME],,0,0,0,0,
COM_1044,10/7/2026,3d4d9fa117acf970,0,train,380,0,[MONEY] [NUMBER] [TIME],,1,0,1,0,vietteltelecom.vn
COM_1045,10/7/2026,4af4a0ecfcf8e420,0,train,337,0,[MONEY] [NUMBER],,0,0,0,0,
COM_1046,10/7/2026,2c2d2026b6e1d56e,0,test,260,1,[MONEY] [NUMBER] [TB] [TIME],,0,0,0,0,
COM_1047,10/7/2026,fd54a4a490a32640,0,train,144,0,[MONEY] [NUMBER],,0,0,0,0,
COM_1048,10/7/2026,733c52402ae11fb0,0,test,481,0,[MONEY] [NUMBER] [TIME],,0,0,0,0,
COM_1049,10/7/2026,b5dc6d3811b68ca0,0,test,210,0,[MONEY] [NUMBER] [QC],,1,0,1,1,go.link
COM_1050,10/7/2026,666421584a6e5ef5,0,train,625,1,,,0,0,0,0,
COM_1051,10/7/2026,2a9749ad8292c1c5,0,train,308,1,[DATE] [MONEY] [TB],,1,0,1,0,viettel.vn
COM_1052,10/7/2026,9a56614964ce2ce5,0,test,252,1,[MONEY] [TB],,0,0,0,0,
COM_1053,10/7/2026,f1221eb489dfa282,0,train,493,0,[MONEY] [NUMBER],,1,0,1,0,imuzik.vn
COM_1054,10/7/2026,6003d7f650848790,0,train,270,0,[MONEY] [NUMBER] [TIME],,0,0,0,0,
COM_1055,10/7/2026,36b0f5bb4be4efc8,0,train,200,1,[MONEY] [TB] [TIME],,0,0,0,0,
COM_1056,10/7/2026,8cd456961d817bbb,0,train,481,0,[MONEY] [NUMBER] [TIME],,0,0,0,0,
COM_1058,10/7/2026,4c1fed650eb8ad23,0,train,292,0,[DATE] [POINT],,1,0,1,0,vietteltelecom.vn
COM_1059,10/7/2026,d0a7e1f265a22b02,0,train,228,0,[MONEY] [NUMBER] [QC] [TIME],,1,0,1,1,go.link
COM_1060,10/7/2026,2ab243af1b3c427c,0,train,65,0,[NUMBER],,0,0,0,0,
COM_1061,10/7/2026,b9c7bb52902ee386,0,train,351,1,[MONEY] [NUMBER] [QC],,0,0,0,0,
COM_1062,10/7/2026,08d1d51fae4d2bde,0,test,320,1,[DATE] [MONEY] [TB],,1,0,1,0,viettel.vn
COM_1064,10/7/2026,5f94ecfbbdcfecaa,0,train,329,1,[DATE] [MONEY] [TB],,1,0,1,0,vtmoney.vn
COM_1065,10/7/2026,10c0d21c4d49ca62,0,test,531,1,,,0,0,0,0,
COM_1066,10/7/2026,6ce756f113ad7a92,0,train,298,0,[NUMBER],,0,0,0,0,
COM_1067,10/7/2026,11218c9ed88184e3,0,train,314,1,[MONEY] [NUMBER] [QC] [TIME],,1,0,1,0,tv360.vn
COM_1068,10/7/2026,43d6e91484ec6879,0,test,406,0,[MONEY] [NUMBER] [TIME],,0,0,0,0,
COM_1069,10/7/2026,8803dcce69e8ee04,0,train,307,1,[DATE] [MONEY] [TB],,1,0,1,0,viettel.vn
COM_1071,10/7/2026,8f44ef2acbb38a23,0,train,378,1,[MONEY] [NUMBER] [QC] [TIME],,0,0,0,0,
COM_1072,10/7/2026,4d43ea44113e993a,0,test,182,0,[DATE] [NUMBER] [TB] [TIME],,0,0,0,0,
COM_1073,10/7/2026,5717c1842b8444de,0,test,230,1,[TB],,0,0,0,0,
COM_1074,10/7/2026,fa3bc6e81e569858,0,train,107,0,[NUMBER] [TB] [TIME],,0,0,0,0,
COM_1075,10/7/2026,e99010f4976e8720,0,train,339,1,[MONEY] [NUMBER] [POINT] [QC],,1,0,1,1,go.link
COM_1076,10/7/2026,23dbe0837a634ed1,0,train,274,1,[MONEY] [TB],,0,0,0,0,
COM_1077,10/7/2026,12d4dd1497b394e4,0,test,259,1,[MONEY] [NUMBER] [QC],,1,0,1,1,go.link
COM_1078,10/7/2026,70341d752312f257,0,train,487,1,[DATE] [MONEY] [TIME],,1,0,1,0,viettel.vn
COM_1079,10/7/2026,9fd7583ebf36cb73,0,train,141,0,[DATE] [MONEY] [NUMBER] [TIME],,0,0,0,0,
COM_1080,10/7/2026,5178c506517b91a5,0,test,284,1,[DATE] [MONEY] [TIME],,1,0,1,0,viettel.vn
COM_1081,10/7/2026,5c1222d60eefd02a,0,test,141,0,[DATE] [MONEY] [NUMBER] [TIME],,0,0,0,0,
COM_1082,10/7/2026,fee6eb3199198ad0,0,train,175,1,[DATE] [MONEY],,1,0,1,0,viettel.vn
COM_1083,10/7/2026,6ab7b6eda71d5c2b,0,train,270,0,[MONEY] [NUMBER] [TIME],,0,0,0,0,
COM_1085,10/7/2026,cd705b5adf184447,0,train,480,0,[MONEY] [NUMBER] [TIME],,0,0,0,0,
COM_1086,10/7/2026,363c3dd2c0c73364,0,train,229,0,[MONEY] [NUMBER] [QC] [TIME],,1,0,1,1,go.link
COM_1087,10/7/2026,e4236b5a01d4a1a2,0,test,408,1,[MONEY] [NUMBER] [QC] [TIME],,1,0,1,0,vietteltelecom.vn
COM_1088,10/7/2026,2e837078a52fb3d3,0,train,431,0,[MONEY] [NUMBER],,1,0,1,0,vietteltelecom.vn
COM_1089,10/7/2026,ff5d2086a7ef0307,0,train,40,0,,,0,0,0,0,
COM_1090,10/7/2026,569b5de67c318b19,0,train,274,1,[MONEY] [NAME] [NUMBER] [QC],,1,0,1,0,tv360.vn
COM_1091,10/7/2026,1d19d457b4e2439a,0,train,292,0,[DATE] [POINT],,1,0,1,0,vietteltelecom.vn
COM_1092,10/7/2026,2db73229ac729544,0,train,320,1,[DATE] [MONEY] [TB],,1,0,1,0,viettel.vn
COM_1093,10/7/2026,17d2047e7d17df1f,0,train,881,1,[DATE] [MONEY] [NUMBER] [TB] [TIME],,0,0,0,0,
COM_1095,10/7/2026,43d6e91484ec6879,0,test,406,0,[MONEY] [NUMBER] [TIME],,0,0,0,0,
COM_1096,10/7/2026,1cb42a8638576c55,0,train,229,0,[MONEY] [NUMBER] [QC] [TIME],,1,0,1,1,go.link
COM_1097,10/7/2026,d7ef3b6d5131e6a3,0,train,318,1,[MONEY] [NUMBER] [QC],,1,0,1,0,tv360.vn
COM_1098,10/7/2026,8457b80b4ae73bb4,0,train,399,0,[MONEY] [NUMBER] [TIME],,0,0,0,0,
COM_1099,10/7/2026,f749ae1e8da26a3b,0,train,210,0,[MONEY] [NUMBER] [QC],,1,0,1,1,go.link
COM_1100,10/7/2026,e1efb19462937f78,0,train,273,1,[MONEY] [POINT] [TB],,1,0,1,0,tv360.vn
COM_1101,10/7/2026,f0da37e2aefaaa7f,0,train,417,1,[DATE] [MONEY] [NUMBER] [TB] [TIME],,1,0,1,0,viettel.vn
COM_1102,10/7/2026,8803dcce69e8ee04,0,train,307,1,[DATE] [MONEY] [TB],,1,0,1,0,viettel.vn
COM_1103,10/7/2026,82d1dfd89c7d0431,0,train,315,1,[MONEY] [NUMBER] [QC],,0,0,0,0,
COM_1104,10/7/2026,01eb7d4aa11dfc2b,0,test,321,1,[MONEY] [POINT] [QC],,1,0,1,1,go.link
COM_1105,10/7/2026,f26d66955db833aa,0,train,294,0,[DATE] [MONEY] [NUMBER] [TB] [TIME],,0,0,0,0,
COM_1106,10/7/2026,ea5571b87834359d,0,train,299,1,[MONEY] [NUMBER] [QC],,1,0,1,1,go.link
COM_1107,10/7/2026,1e79e4b798bef5d8,0,train,301,1,[MONEY] [TB],,1,0,1,0,viettel.vn
COM_1108,10/7/2026,ebf796f39d693688,0,train,275,0,[MONEY] [NUMBER] [TB],,1,0,1,1,go.link
COM_1109,10/7/2026,70341d752312f257,0,train,487,1,[DATE] [MONEY] [TIME],,1,0,1,0,viettel.vn
COM_1110,10/7/2026,7140531607824ed1,0,train,342,1,[MONEY] [NUMBER] [QC],,1,0,1,1,go.link
COM_1111,12/7/2026,a19ed352bd1406c8,0,train,154,1,[MONEY],,1,0,1,0,viettel.vn
COM_1112,12/7/2026,d4ecf61c35bd3634,0,train,141,0,[DATE] [MONEY] [NUMBER] [TIME],,0,0,0,0,
COM_1113,12/7/2026,3d4d9fa117acf970,0,train,380,0,[MONEY] [NUMBER] [TIME],,1,0,1,0,vietteltelecom.vn
COM_1114,12/7/2026,2f4698cf8a70042c,0,train,141,0,[DATE] [MONEY] [NUMBER] [TIME],,0,0,0,0,
COM_1115,12/7/2026,864fb7bd368036a6,0,train,235,0,[MONEY] [NUMBER],,1,0,1,0,viettel.vn
COM_1116,12/7/2026,e8400c8a0f3ba7ff,0,train,70,0,[NUMBER],,0,0,0,0,
COM_1117,12/7/2026,16e7141760d65733,0,train,188,0,[MONEY],,1,0,1,0,viettel.vn
COM_1118,12/7/2026,e94fb1db6e10c175,0,train,292,0,[DATE] [POINT],,1,0,1,0,vietteltelecom.vn
COM_1119,12/7/2026,fc73170073bdb477,0,train,350,1,[MONEY] [NUMBER] [QC] [TIME],,1,0,1,0,tv360.vn
COM_1120,12/7/2026,e94fb1db6e10c175,0,train,292,0,[DATE] [POINT],,1,0,1,0,vietteltelecom.vn
COM_1121,12/7/2026,27d4ffbf47845eaa,0,train,405,1,[MONEY] [NUMBER] [POINT] [QC],,1,0,1,1,go.link
COM_1122,12/7/2026,bd323624b47d892f,0,test,226,1,[MONEY] [NUMBER] [TB],,0,0,0,0,
COM_1123,12/7/2026,7403b1e372da21e1,0,train,357,0,[MONEY] [NAME] [NUMBER],,1,0,1,0,viettel.vn
COM_1124,12/7/2026,f54699704fc15f86,0,train,221,0,[MONEY] [NUMBER] [QC],,1,0,1,1,go.link
COM_1125,12/7/2026,5f0513a52ebedcaa,0,train,261,1,[MONEY] [NUMBER] [QC],,1,0,1,0,viettel.vn
COM_1126,12/7/2026,1a26f526c796d055,0,train,167,0,[DATE] [NUMBER] [TB] [TIME],,0,0,0,0,
COM_1127,12/7/2026,fa374cca83db2fc0,0,train,342,0,[MONEY] [NUMBER],,1,0,1,0,viettel.vn
COM_1128,12/7/2026,1c85d8fc723cd454,0,train,307,1,[MONEY] [NUMBER] [QC],,1,0,1,0,tv360.vn
COM_1129,12/7/2026,5f566081ed89157c,0,train,135,0,[MONEY] [NUMBER] [TIME],,0,0,0,0,
COM_1130,12/7/2026,634bee443b5fb8a6,0,train,137,0,[MONEY] [NUMBER] [TIME],,0,0,0,0,
COM_1131,12/7/2026,f0c72f2c2d42da13,0,train,130,0,[MONEY] [NUMBER] [TIME],,0,0,0,0,
COM_1132,12/7/2026,07403812226030ca,0,train,145,0,[TIME],,0,0,0,0,
COM_1133,12/7/2026,ec6c2941b7f85107,0,train,198,1,[MONEY] [TB],,1,0,1,1,go.link
COM_1135,12/7/2026,cc308693de59b373,0,train,359,0,[MONEY] [NUMBER],,1,0,1,0,viettel.vn
COM_1136,12/7/2026,9d2211f5d3b7ced2,0,train,488,1,[DATE] [MONEY] [TIME],,1,0,1,0,viettel.vn
COM_1137,12/7/2026,b595ddfc51053aa9,0,train,331,1,[MONEY] [QC],,0,0,0,0,
COM_1138,12/7/2026,7ad3fc3c43456412,0,train,429,1,[MONEY] [TB] [TIME],,1,0,1,0,viettel.vn
COM_1139,12/7/2026,67449c3476ed00c1,0,train,239,0,[MONEY] [NUMBER] [QC] [TIME],,1,0,1,1,go.link
COM_1140,12/7/2026,7d34fd524a37b126,0,train,141,0,[DATE] [MONEY] [NUMBER] [TIME],,0,0,0,0,
COM_1141,12/7/2026,5178c506517b91a5,0,test,284,1,[DATE] [MONEY] [TIME],,1,0,1,0,viettel.vn
COM_1142,12/7/2026,90ae09f9ea5d74b9,0,train,380,0,[MONEY] [NUMBER] [TIME],,1,0,1,0,vietteltelecom.vn
COM_1143,12/7/2026,89c03f87e48f42aa,0,train,141,0,[DATE] [MONEY] [NUMBER] [TIME],,0,0,0,0,
COM_1144,12/7/2026,fee6eb3199198ad0,0,train,175,1,[DATE] [MONEY],,1,0,1,0,viettel.vn
COM_1145,12/7/2026,b71b5b5960c43830,0,train,299,1,[MONEY] [NUMBER] [POINT] [QC],,1,0,1,1,go.link
COM_1146,12/7/2026,c5073e72b8d9d925,0,test,332,1,[DATE] [MONEY] [TB],,1,0,1,0,viettel.vn
COM_1147,12/7/2026,2a9749ad8292c1c5,0,train,308,1,[DATE] [MONEY] [TB],,1,0,1,0,viettel.vn
COM_1148,12/7/2026,ba020dd8a8ec6956,0,train,40,0,,,0,0,0,0,
COM_1149,12/7/2026,934f591770ce5a14,0,test,329,1,[DATE] [MONEY] [NAME] [NUMBER] [QC],,1,1,1,1,tinyurl.com
COM_1150,12/7/2026,593fd23ae0b06d9d,0,train,427,1,[DATE] [MONEY] [NUMBER] [QC],,0,0,0,0,
COM_1151,12/7/2026,b6b49625bce83ef3,0,test,271,1,[DATE] [MONEY] [TB],,1,0,1,0,tv360.vn
COM_1152,12/7/2026,98385dca9101d46d,0,test,368,0,[DATE] [MONEY] [NUMBER],,1,0,1,0,viettel.vn
COM_1153,12/7/2026,45366aaa1a03fa82,0,train,227,1,[NUMBER] [TB],,0,0,0,0,
COM_1155,12/7/2026,40749a787812e852,0,train,304,1,[DATE] [MONEY] [NUMBER] [QC],,0,0,0,0,
COM_1156,12/7/2026,0352e5052bdbb079,0,train,447,1,[DATE] [QC],,1,0,1,0,viettel.vn
COM_1157,12/7/2026,2a9749ad8292c1c5,0,train,308,1,[DATE] [MONEY] [TB],,1,0,1,0,viettel.vn
COM_1158,12/7/2026,07d0f2a2d2a035fd,0,train,226,0,[MONEY],,1,0,1,0,vietteltelecom.vn
COM_1159,12/7/2026,39e041269540b95c,0,test,235,0,[MONEY] [NUMBER],,1,0,1,0,viettel.vn
COM_1160,12/7/2026,b228ab306e73efbd,0,train,81,0,[NUMBER],,1,0,1,0,viettel.vn
COM_1161,12/7/2026,2c7432848e7a5bf5,0,train,122,0,[NUMBER],,0,0,0,0,
COM_1162,12/7/2026,c1bf47cdee26e880,0,train,247,0,[NUMBER],,0,0,0,0,
COM_1163,12/7/2026,c6dccda876c759b3,0,test,351,0,[DATE] [NUMBER] [TIME],,3,0,0,0,
COM_1164,12/7/2026,441a2d4ca02efb3c,0,train,128,0,[MONEY] [NUMBER],,1,0,1,0,vietteltelecom.vn
COM_1165,12/7/2026,fb21854acc2ebc89,0,train,422,1,[MONEY] [QC],,0,0,0,0,
COM_1166,12/7/2026,b74127739ccaffc0,0,test,343,1,[MONEY] [NUMBER] [QC],,0,0,0,0,
COM_1167,12/7/2026,7bb1bdf736fc28a3,0,train,325,1,[DATE] [MONEY] [NAME] [QC],,0,0,0,0,
COM_1168,12/7/2026,ab2d75f70da8b3d0,0,train,266,0,[DATE] [NAME] [NUMBER] [TIME],,2,0,0,0,
COM_1169,12/7/2026,f764f686569834e3,0,train,279,1,[MONEY] [NUMBER] [QC],,1,0,1,0,tv360.vn
COM_1170,12/7/2026,70341d752312f257,0,train,487,1,[DATE] [MONEY] [TIME],,1,0,1,0,viettel.vn
COM_1171,12/7/2026,96aeac67625ec1b0,0,train,199,0,,,0,0,0,0,
COM_1172,12/7/2026,3fe55a3c26d913b9,0,test,432,1,[DATE] [MONEY],,0,0,0,0,
COM_1173,12/7/2026,221d6c40a10b987f,0,train,142,0,[DATE] [MONEY] [NUMBER] [TIME],,0,0,0,0,
COM_1174,12/7/2026,e94fb1db6e10c175,0,train,292,0,[DATE] [POINT],,1,0,1,0,vietteltelecom.vn
COM_1175,12/7/2026,5178c506517b91a5,0,test,284,1,[DATE] [MONEY] [TIME],,1,0,1,0,viettel.vn
COM_1177,12/7/2026,a0367649f696eaf3,0,test,233,1,[MONEY] [QC],,1,0,1,0,viettel.vn
COM_1179,12/7/2026,2a9749ad8292c1c5,0,train,308,1,[DATE] [MONEY] [TB],,1,0,1,0,viettel.vn
COM_1180,12/7/2026,f7c03b22d7833637,0,train,210,0,[MONEY] [NUMBER] [QC],,1,0,1,1,go.link
COM_1181,12/7/2026,5abfebbe2d7cb7fd,0,train,245,1,[MONEY] [NUMBER] [QC],,1,0,1,0,tv360.vn
COM_1182,12/7/2026,f4095e709fed9e33,0,train,239,0,[MONEY] [NUMBER] [QC] [TIME],,1,0,1,1,go.link
COM_1183,12/7/2026,e82608ccc46f00b3,0,train,321,1,[DATE] [MONEY] [TB],,1,0,1,0,viettel.vn
COM_1184,12/7/2026,f85912c93818ffc3,0,train,233,1,[MONEY] [NUMBER] [QC] [TIME],,1,0,1,0,tv360.vn
COM_1185,12/7/2026,4d9ff3d6b5ff84f1,0,train,310,0,[MONEY] [NUMBER],,1,0,1,0,hhmb.net
COM_1186,12/7/2026,759469e06e123796,0,train,304,1,[DATE] [MONEY] [TB],,0,0,0,0,
COM_1187,12/7/2026,2a9749ad8292c1c5,0,train,308,1,[DATE] [MONEY] [TB],,1,0,1,0,viettel.vn
COM_1188,12/7/2026,72583bb181adc8f7,0,train,273,1,[DATE] [MONEY] [TB],,1,0,1,0,viettel.vn
COM_1189,12/7/2026,2a08d5d5fbea8ed3,0,test,151,0,[MONEY] [NUMBER],,2,0,1,0,ads888to44.com
COM_1190,12/7/2026,0550dda15ef16850,0,train,160,0,[DATE] [MONEY] [NUMBER],,0,0,0,0,
COM_1191,12/7/2026,896c4d88b1e6362a,0,test,301,0,[DATE] [NUMBER] [POINT],,1,0,1,0,vietteltelecom.vn
COM_1192,12/7/2026,9b206f270d8f8dfc,0,train,412,1,[MONEY] [NUMBER] [QC],,1,0,1,0,tv360.vn
COM_1193,12/7/2026,896c4d88b1e6362a,0,test,301,0,[DATE] [NUMBER] [POINT],,1,0,1,0,vietteltelecom.vn
COM_1194,12/7/2026,70341d752312f257,0,train,487,1,[DATE] [MONEY] [TIME],,1,0,1,0,viettel.vn
COM_1196,12/7/2026,3fe55a3c26d913b9,0,test,432,1,[DATE] [MONEY],,0,0,0,0,
COM_1197,12/7/2026,e83909bdad966395,0,train,141,0,[DATE] [MONEY] [NUMBER] [TIME],,0,0,0,0,
COM_1198,12/7/2026,430519b19b0618d4,0,train,288,1,[MONEY] [TB] [TIME],,0,0,0,0,
COM_1199,12/7/2026,2a9749ad8292c1c5,0,train,308,1,[DATE] [MONEY] [TB],,1,0,1,0,viettel.vn
COM_1201,12/7/2026,670fbc89f16bf61a,0,train,259,1,[MONEY] [NUMBER] [QC],,1,0,1,0,viettel.vn
COM_1202,12/7/2026,e82608ccc46f00b3,0,train,321,1,[DATE] [MONEY] [TB],,1,0,1,0,viettel.vn
COM_1203,12/7/2026,6785858ce5013040,0,train,211,1,[DATE] [MONEY] [TB],,0,0,0,0,
COM_1204,12/7/2026,ff48777aafe8de5b,0,train,148,0,[NUMBER] [TIME],,1,0,0,0,
COM_1205,12/7/2026,75a295100d018c0e,0,test,86,0,[MONEY] [NUMBER],,0,0,0,0,
COM_1206,12/7/2026,97faf5be443175e6,0,train,69,1,[NUMBER],,0,0,0,0,
COM_1207,12/7/2026,ccaf4aa35663f217,0,train,224,1,[MONEY] [NUMBER] [TB],,1,0,1,0,tv360.vn
COM_1208,12/7/2026,e798d051415a389b,0,train,175,1,[TB],,0,0,0,0,
COM_1210,12/7/2026,2a9749ad8292c1c5,0,train,308,1,[DATE] [MONEY] [TB],,1,0,1,0,viettel.vn
COM_1211,12/7/2026,281fced7ba5f88be,0,train,463,1,[DATE] [MONEY] [TB],,1,0,1,0,viettel.vn
COM_1213,12/7/2026,d4050842583faccd,0,train,204,0,[DATE] [MONEY],,0,0,0,0,
COM_1214,12/7/2026,804e4cdcfdfc2c2c,0,train,144,0,[DATE] [NUMBER],,0,0,0,0,
COM_1215,12/7/2026,97c9daef965df396,0,train,301,0,[DATE] [NUMBER] [POINT],,1,0,1,0,vietteltelecom.vn
COM_1216,12/7/2026,70341d752312f257,0,train,487,1,[DATE] [MONEY] [TIME],,1,0,1,0,viettel.vn
COM_1217,12/7/2026,ff5204bda9186a94,0,train,377,1,[DATE] [MONEY] [NUMBER] [QC],,1,0,1,0,viettel.vn
COM_1218,12/7/2026,97c9daef965df396,0,train,301,0,[DATE] [NUMBER] [POINT],,1,0,1,0,vietteltelecom.vn
COM_1219,12/7/2026,3fe55a3c26d913b9,0,test,432,1,[DATE] [MONEY],,0,0,0,0,
COM_1220,12/7/2026,a8172fa0ea9908aa,0,train,243,1,[MONEY] [QC],,1,0,1,0,viettel.vn
COM_1221,12/7/2026,315d6bfb1f1539ac,0,train,294,0,[DATE] [POINT],,1,0,1,0,vietteltelecom.vn
COM_1222,12/7/2026,b8f065d5bb4b0b73,0,train,134,0,[MONEY],,1,0,1,0,8qbet16.com
COM_1223,12/7/2026,315d6bfb1f1539ac,0,train,294,0,[DATE] [POINT],,1,0,1,0,vietteltelecom.vn
COM_1224,12/7/2026,5aeb001024b2c200,0,test,362,1,[MONEY] [NUMBER] [QC],,1,0,1,0,tv360.vn
COM_1225,12/7/2026,e94fb1db6e10c175,0,train,292,0,[DATE] [POINT],,1,0,1,0,vietteltelecom.vn
COM_1226,12/7/2026,eaf35eedc28f55c5,0,train,321,1,[DATE] [MONEY] [TB],,1,0,1,0,viettel.vn
COM_1227,12/7/2026,31a8a52066c9dd56,0,train,365,1,[DATE] [MONEY] [TB],,1,0,1,0,viettel.vn
COM_1228,12/7/2026,f9728363ae2a5100,0,train,145,0,[MONEY] [NUMBER],,0,0,0,0,
COM_1229,12/7/2026,789b1d50dcb72fe8,0,train,243,0,[MONEY] [NUMBER] [QC] [TIME],,1,0,1,1,go.link
COM_1230,12/7/2026,8dcecdce29bcbe35,0,test,238,0,[MONEY] [NUMBER] [QC] [TIME],,1,0,1,1,go.link
COM_1231,12/7/2026,cbcdb50bd37f01aa,0,test,172,1,[MONEY],,0,0,0,0,
COM_1232,12/7/2026,9e12565ef9917cdb,0,train,141,0,[DATE] [MONEY] [NUMBER] [TIME],,0,0,0,0,
COM_1233,12/7/2026,5178c506517b91a5,0,test,284,1,[DATE] [MONEY] [TIME],,1,0,1,0,viettel.vn
COM_1234,12/7/2026,78b177b58de85203,0,test,141,0,[DATE] [MONEY] [NUMBER] [TIME],,0,0,0,0,
COM_1235,12/7/2026,fee6eb3199198ad0,0,train,175,1,[DATE] [MONEY],,1,0,1,0,viettel.vn
COM_1236,12/7/2026,a67e2fe5b284d9d3,0,train,403,1,[MONEY] [NUMBER] [QC],,0,0,0,0,
COM_1237,12/7/2026,a623c3b1527928da,0,train,131,0,[DATE] [MONEY] [NUMBER],,0,0,0,0,
COM_1238,12/7/2026,44cc60e0d0791a9e,0,train,243,0,[MONEY] [NUMBER] [QC] [TIME],,1,0,1,1,go.link
COM_1239,12/7/2026,8852fe5a01d68104,0,test,53,0,[NUMBER],,0,0,0,0,
COM_1240,12/7/2026,b06736de7c30428a,0,train,396,1,[MONEY] [NUMBER] [QC],,0,0,0,0,
COM_1241,12/7/2026,41869ddf1e0e794b,0,train,335,1,[DATE] [MONEY] [NUMBER] [QC] [TIME],,1,0,1,0,viettel.vn
COM_1242,12/7/2026,079b8706bd5d5840,0,train,462,1,[DATE] [MONEY] [TB],,1,0,1,0,viettel.vn
COM_1243,12/7/2026,5b2d765e13174f3d,0,train,299,1,[TB],,1,0,1,0,vtscloud.vn
COM_1244,12/7/2026,fd54a4a490a32640,0,train,144,0,[MONEY] [NUMBER],,0,0,0,0,
COM_1246,12/7/2026,008e474d3ea1120d,0,train,240,1,[NUMBER] [TB],,0,0,0,0,
COM_1247,12/7/2026,cdc3b0c7614da6d2,0,train,315,1,[MONEY] [NUMBER] [QC],,0,0,0,0,
COM_1248,12/7/2026,2a9749ad8292c1c5,0,train,308,1,[DATE] [MONEY] [TB],,1,0,1,0,viettel.vn
COM_1249,12/7/2026,da94d59015413c6c,0,train,246,1,[MONEY] [TB],,0,0,0,0,
COM_1250,12/7/2026,72d87c0365a28d31,0,train,250,1,[MONEY] [TB],,0,0,0,0,
COM_1251,12/7/2026,8cdfbda06734c22e,0,train,288,1,[MONEY] [TB] [TIME],,0,0,0,0,
COM_1252,18/07/2026,b5497b05b5eb4cbd,0,test,160,0,[NUMBER] [TIME],,1,0,1,0,fpt.vn
COM_1253,18/07/2026,621cd6d7f7bb54ac,0,train,153,0,[NUMBER],,0,0,0,0,
COM_1254,18/07/2026,639b6587e8adff1c,0,train,321,1,[MONEY] [NAME] [NUMBER] [QC],,1,0,1,0,tv360.vn
COM_1255,18/07/2026,412536a4656bdbae,0,train,432,1,[DATE] [MONEY] [NUMBER] [POINT] [TB],,1,0,1,0,vietteltelecom.vn
COM_1256,18/07/2026,e7c3918244499251,0,train,301,0,[DATE] [NUMBER] [POINT],,1,0,1,0,vietteltelecom.vn
COM_1258,18/07/2026,916e5624fa987015,0,train,289,1,[MONEY] [TB] [TIME],,0,0,0,0,
COM_1259,18/07/2026,e7c3918244499251,0,train,301,0,[DATE] [NUMBER] [POINT],,1,0,1,0,vietteltelecom.vn
COM_1260,18/07/2026,ac5bd3bb20180555,0,train,275,1,[MONEY] [NUMBER] [TB],,1,0,1,0,vietteltelecom.vn
COM_1261,18/07/2026,1aa98298e00aafd9,0,train,233,0,[MONEY] [NUMBER],,1,0,1,0,mydio.vn
COM_1262,18/07/2026,da48d558b2642b6b,0,train,293,0,[DATE] [POINT],,1,0,1,0,vietteltelecom.vn
COM_1263,18/07/2026,70341d752312f257,0,train,487,1,[DATE] [MONEY] [TIME],,1,0,1,0,viettel.vn
COM_1264,18/07/2026,7a7f3e7db95166b4,0,train,357,1,[MONEY] [NUMBER] [QC] [TIME],,1,0,1,0,tv360.vn
COM_1265,18/07/2026,dd63ff1834552dfa,0,train,266,1,[TB],,0,0,0,0,
COM_1266,18/07/2026,66a1dc88f4769e0f,0,train,213,1,[DATE] [NUMBER] [TB] [TIME],,0,0,0,0,
COM_1267,18/07/2026,3fe55a3c26d913b9,0,test,432,1,[DATE] [MONEY],,0,0,0,0,
COM_1268,18/07/2026,d12bd12267b626f4,0,train,471,1,[DATE] [MONEY] [TB],,1,0,1,0,viettel.vn
COM_1269,18/07/2026,1d19d457b4e2439a,0,train,292,0,[DATE] [POINT],,1,0,1,0,vietteltelecom.vn
COM_1270,18/07/2026,c413b24fc2606964,0,test,316,1,[DATE] [MONEY] [TB],,1,0,1,0,viettel.vn
COM_1271,18/07/2026,a623c3b1527928da,0,train,131,0,[DATE] [MONEY] [NUMBER],,0,0,0,0,
COM_1272,18/07/2026,88597857de498259,0,test,345,1,[NUMBER] [POINT] [TB],,1,0,1,0,tv360.vn
COM_1273,18/07/2026,d0b3e2eb060fbf95,0,train,374,1,[DATE] [MONEY] [QC],,1,0,1,0,tv360.vn
COM_1274,18/07/2026,1d19d457b4e2439a,0,train,292,0,[DATE] [POINT],,1,0,1,0,vietteltelecom.vn
COM_1275,18/07/2026,e364af40b393da65,0,train,307,1,[DATE] [NUMBER] [TB],,0,0,0,0,
COM_1277,18/07/2026,9d75cdeee9b74187,0,train,270,0,[MONEY] [NUMBER] [TIME],,0,0,0,0,
COM_1279,18/07/2026,6bf706a5408d876d,0,train,277,1,[MONEY] [NUMBER] [TB],,0,0,0,0,
COM_1280,18/07/2026,1d19d457b4e2439a,0,train,292,0,[DATE] [POINT],,1,0,1,0,vietteltelecom.vn
COM_1281,18/07/2026,81822b8029aeb741,0,test,142,0,[DATE] [MONEY] [NUMBER] [TIME],,0,0,0,0,
COM_1282,18/07/2026,3d4d9fa117acf970,0,train,380,0,[MONEY] [NUMBER] [TIME],,1,0,1,0,vietteltelecom.vn
COM_1283,18/07/2026,221a46c2b03a1935,0,train,235,0,[MONEY] [NUMBER],,1,0,1,0,viettel.vn
COM_1284,18/07/2026,5178c506517b91a5,0,test,284,1,[DATE] [MONEY] [TIME],,1,0,1,0,viettel.vn
COM_1285,18/07/2026,3344c194745f9b67,0,train,250,1,[MONEY],,1,0,1,1,go.link
COM_1286,18/07/2026,e49097d86a3570e5,0,test,257,0,[MONEY] [NUMBER],,1,0,1,0,tv360.vn
COM_1287,18/07/2026,43956513509a3b30,0,test,262,1,[MONEY],,0,0,0,0,
COM_1288,18/07/2026,6b34c62ff8eead66,0,train,156,1,[MONEY],,1,0,1,0,viettel.vn
COM_1289,18/07/2026,098355b9b9b6a555,0,train,368,1,[DATE] [MONEY] [TIME],,1,0,1,1,go.link
COM_1290,18/07/2026,4fb717880f23a131,0,test,322,1,[DATE] [MONEY] [TB],,1,0,1,0,viettel.vn
COM_1291,18/07/2026,dec3e90c6c71ef42,0,test,235,0,[MONEY] [NUMBER],,1,0,1,0,viettel.vn
COM_1292,18/07/2026,dbca8677fdf11c4d,0,test,137,0,[NUMBER],,1,0,1,0,viettel.vn
COM_1293,18/07/2026,699f1c10f2185ae1,0,train,142,0,[DATE] [MONEY] [NUMBER] [TIME],,0,0,0,0,
COM_1294,18/07/2026,3d4d9fa117acf970,0,train,380,0,[MONEY] [NUMBER] [TIME],,1,0,1,0,vietteltelecom.vn
COM_1295,18/07/2026,fbb4a25bd81be91d,0,train,172,1,[MONEY],,0,0,0,0,
COM_1296,18/07/2026,f936c8c9ae888237,0,train,154,1,[MONEY],,1,0,1,0,viettel.vn
COM_1297,18/07/2026,8ef797c24dcbb15f,0,train,44,1,[NUMBER] [PUBG] [TIME],,0,0,0,0,
COM_1298,18/07/2026,a9a87ea5198e6145,0,train,252,1,[DATE] [MONEY] [TIME],,1,0,1,0,viettel.vn
COM_1299,18/07/2026,18b093f031a0ece6,0,train,174,1,[MONEY],,1,0,1,0,viettel.vn
COM_1300,18/07/2026,2adcc24f564b5f7a,0,train,173,1,[MONEY],,1,0,1,0,viettel.vn
COM_1301,18/07/2026,3a0f866f0630f770,0,train,235,0,[MONEY] [NUMBER],,1,0,1,0,viettel.vn
COM_1302,18/07/2026,13bd3f11ba2df26e,0,train,196,1,[DATE] [MONEY] [TIME],,0,0,0,0,
COM_1303,18/07/2026,7f84966a1124824b,0,train,259,1,[DATE] [MONEY] [TB],,1,0,1,0,tv360.vn
COM_1304,18/07/2026,9410d9f6c0f4e5e2,0,train,278,1,[MONEY] [NUMBER] [TB],,0,0,0,0,
COM_1305,18/07/2026,41bb3494a07a3afd,0,train,402,1,[DATE] [MONEY],,0,0,0,0,
COM_1306,18/07/2026,9014aca8f1d79d9a,0,test,454,1,[MONEY] [NUMBER] [TB] [TIME],,1,0,1,0,vietteltelecom.vn
COM_1307,18/07/2026,de92f93134ab2545,0,train,346,1,[MONEY] [NUMBER] [QC] [TIME],,1,0,1,0,vietteltelecom.vn
COM_1308,18/07/2026,405aeaa2693c6e19,0,train,160,0,[DATE] [MONEY] [NUMBER],,0,0,0,0,
COM_1309,18/07/2026,39fbfe75eac12032,0,train,107,0,[NUMBER] [TB] [TIME],,0,0,0,0,
COM_1310,18/07/2026,59b5548762a4c3a3,0,train,301,0,[DATE] [NUMBER] [POINT],,1,0,1,0,vietteltelecom.vn
COM_1311,18/07/2026,8457b80b4ae73bb4,0,train,399,0,[MONEY] [NUMBER] [TIME],,0,0,0,0,
COM_1312,18/07/2026,59b5548762a4c3a3,0,train,301,0,[DATE] [NUMBER] [POINT],,1,0,1,0,vietteltelecom.vn
COM_1313,18/07/2026,89c1de17c00ccb69,0,train,365,0,[MONEY] [NUMBER],,1,0,1,0,viettel.vn
COM_1314,18/07/2026,ce9e68b6c70c7646,0,train,473,1,[MONEY] [NUMBER] [QC],,1,0,1,0,viettel.vn
COM_1315,18/07/2026,7adb1ff615250c4c,0,train,376,1,[DATE] [MONEY] [TB],,1,0,1,0,viettel.vn
COM_1316,18/07/2026,b86c0de6261222a7,0,test,266,1,[MONEY] [TB] [TIME],,0,0,0,0,
COM_1317,18/07/2026,e94fb1db6e10c175,0,train,292,0,[DATE] [POINT],,1,0,1,0,vietteltelecom.vn
COM_1318,18/07/2026,3d4d9fa117acf970,0,train,380,0,[MONEY] [NUMBER] [TIME],,1,0,1,0,vietteltelecom.vn
COM_1319,18/07/2026,f60be905ab0e48a3,0,train,141,0,[DATE] [MONEY] [NUMBER] [TIME],,0,0,0,0,
COM_1320,18/07/2026,4bb0d4c871ec32c1,0,train,235,0,[MONEY] [NUMBER],,1,0,1,0,viettel.vn
COM_1321,18/07/2026,56f7b329dddc0723,0,train,201,1,[MONEY],,1,0,1,0,viettel.vn
COM_1322,18/07/2026,d6fc8348c738b9a3,0,test,279,1,[MONEY] [NUMBER] [TB],,0,0,0,0,
COM_1323,18/07/2026,16859372cb7f4ea7,0,train,318,1,[DATE] [MONEY] [TB],,1,0,1,0,viettel.vn
COM_1325,18/07/2026,f137a19a7978da91,0,train,253,1,[MONEY] [NUMBER] [QC],,0,0,0,0,
COM_1327,18/07/2026,6e65887fb1bbce07,0,train,204,1,[DATE] [NUMBER] [TB],,0,0,0,0,
COM_1328,18/07/2026,a623c3b1527928da,0,train,131,0,[DATE] [MONEY] [NUMBER],,0,0,0,0,
COM_1329,18/07/2026,902964f363f982d5,0,train,336,1,[DATE] [MONEY] [TB],,1,0,1,0,viettel.vn
COM_1330,18/07/2026,214f0c5ed7438f78,0,train,238,0,[MONEY] [NUMBER] [QC],,1,0,1,1,go.link
COM_1331,18/07/2026,eb8a6d69e24ebf90,0,train,225,0,[MONEY] [NUMBER] [QC],,1,0,1,1,go.link
COM_1332,18/07/2026,46ee663e4b2d5a89,0,train,79,0,[NUMBER],,0,0,0,0,
COM_1333,18/07/2026,43d6e91484ec6879,0,test,406,0,[MONEY] [NUMBER] [TIME],,0,0,0,0,
COM_1335,18/07/2026,8457b80b4ae73bb4,0,train,399,0,[MONEY] [NUMBER] [TIME],,0,0,0,0,
COM_1336,18/07/2026,8edb8d71ed53319b,0,test,413,0,[MONEY] [NUMBER] [TB],,1,0,1,0,viettelmoney.vn
COM_1337,18/07/2026,16859372cb7f4ea7,0,train,318,1,[DATE] [MONEY] [TB],,1,0,1,0,viettel.vn
COM_1338,18/07/2026,96402da607ed173c,0,train,493,1,[DATE] [MONEY] [TB],,1,0,1,0,viettel.vn
COM_1339,18/07/2026,3ece807ce08f5e11,0,test,321,1,[DATE] [MONEY] [NUMBER] [QC],,0,0,0,0,
COM_1340,18/07/2026,9508f08899bc2865,0,train,160,0,[DATE] [MONEY] [NUMBER],,0,0,0,0,
COM_1342,18/07/2026,96402da607ed173c,0,train,493,1,[DATE] [MONEY] [TB],,1,0,1,0,viettel.vn
COM_1343,18/07/2026,a4ae23e498d3e043,0,test,239,1,[MONEY] [NUMBER] [TB],,0,0,0,0,
COM_1344,18/07/2026,f9b21d873ecd3a5e,0,train,301,0,[DATE] [NUMBER] [POINT],,1,0,1,0,vietteltelecom.vn
COM_1345,18/07/2026,94df7c34e4b03cf0,0,train,446,1,[DATE] [MONEY] [TIME],,0,0,0,0,
COM_1346,18/07/2026,93cb26f697e417f3,0,train,40,0,,,0,0,0,0,
COM_1347,18/07/2026,24f4fb2d0536518c,0,test,257,1,[DATE] [MONEY] [TIME],,1,0,1,0,viettel.vn
COM_1348,18/07/2026,2d01181f771bdad2,0,train,455,0,[MONEY] [NUMBER],,0,0,0,0,
COM_1349,18/07/2026,2750c89c1a9a192c,0,train,444,1,[MONEY] [NUMBER] [QC],,1,0,1,0,viettel.vn
COM_1350,18/07/2026,91288eef86dcb3fb,0,train,456,1,[MONEY] [QC],,0,0,0,0,
COM_1351,18/07/2026,44cc60e0d0791a9e,0,train,243,0,[MONEY] [NUMBER] [QC] [TIME],,1,0,1,1,go.link
COM_1352,18/07/2026,46ee663e4b2d5a89,0,train,79,0,[NUMBER],,0,0,0,0,
COM_1353,18/07/2026,d752dc5951ff708b,0,train,195,1,[DATE] [MONEY] [TIME],,0,0,0,0,
COM_1354,18/07/2026,16859372cb7f4ea7,0,train,318,1,[DATE] [MONEY] [TB],,1,0,1,0,viettel.vn
COM_1356,18/07/2026,0950799ae14ef4ef,0,train,451,1,[DATE] [MONEY],,0,0,0,0,
COM_1357,18/07/2026,3956aaec836e4ae9,0,train,141,0,[DATE] [MONEY] [NUMBER] [TIME],,0,0,0,0,
COM_1358,18/07/2026,de00ee789ef2cd12,0,test,381,0,[MONEY] [NUMBER] [TIME],,1,0,1,0,vietteltelecom.vn
COM_1359,18/07/2026,ca42aacdf86fab01,0,train,183,1,[MONEY],,1,0,1,0,viettel.vn
COM_1360,18/07/2026,3be5cbcfe898e04e,0,test,482,0,[MONEY] [NUMBER] [TIME],,0,0,0,0,
COM_1361,18/07/2026,26daa56438bcf228,0,train,229,0,[MONEY] [NUMBER] [QC],,1,0,1,1,go.link
COM_1362,18/07/2026,f7c222d84c7a6909,0,train,361,1,[MONEY] [TB],,1,0,1,0,viettel.vn
COM_1363,18/07/2026,8d08306a2f46f673,0,train,235,0,[MONEY] [NUMBER],,1,0,1,0,viettel.vn
COM_1364,18/07/2026,7ef57be28e88f509,0,train,82,0,,,0,0,0,0,
COM_1365,18/07/2026,e5c16a4b3d0afaa5,0,train,84,0,,,0,0,0,0,
COM_1366,18/07/2026,7a5ad5cddb9806a2,0,test,235,0,[MONEY] [NUMBER],,1,0,1,0,viettel.vn
COM_1367,18/07/2026,a37f25fd220bcbb6,0,train,115,0,,,0,0,0,0,
COM_1368,18/07/2026,ac77dccc1bdd95ee,0,train,257,1,[MONEY],,0,0,0,0,
COM_1369,18/07/2026,a623c3b1527928da,0,train,131,0,[DATE] [MONEY] [NUMBER],,0,0,0,0,
COM_1370,18/07/2026,97559748d8a12e0f,0,train,274,1,[MONEY] [TB],,1,0,1,0,viettel.vn
COM_1372,18/07/2026,fe1657a3cde2528c,0,test,148,0,[NUMBER],,0,0,0,0,
COM_1374,18/07/2026,46ee663e4b2d5a89,0,train,79,0,[NUMBER],,0,0,0,0,
COM_1375,18/07/2026,2f30cab2bb26a3c6,0,train,399,0,[MONEY] [NUMBER] [TIME],,0,0,0,0,
COM_1376,18/07/2026,c6ac5204f8de83e5,0,train,324,0,[MONEY] [NUMBER],,0,0,0,0,
COM_1378,18/07/2026,381af09679a2c77d,0,train,285,1,[DATE] [MONEY] [TB],,1,0,1,0,viettel.vn
COM_1379,18/07/2026,9e2cd50418047fca,0,test,327,1,[MONEY] [TB] [TIME],,0,0,0,0,
COM_1382,18/07/2026,d24e7e247c6d45df,0,train,300,1,[MONEY] [NUMBER] [QC],,0,0,0,0,
COM_1383,18/07/2026,ab29db307ada2bec,0,train,428,1,[MONEY] [NUMBER] [QC],,1,0,1,0,viettel.vn
COM_1384,18/07/2026,c3e3f600b18f9d5d,0,test,301,0,[DATE] [NUMBER] [POINT],,1,0,1,0,vietteltelecom.vn
COM_1385,18/07/2026,756a104167761f02,0,test,159,0,[MONEY] [NUMBER],,0,0,0,0,
COM_1386,18/07/2026,a0662df1c92100a8,0,train,301,0,[DATE] [NUMBER] [POINT],,1,0,1,0,vietteltelecom.vn
COM_1387,18/07/2026,949c59d7b122be56,0,train,360,0,[MONEY] [NUMBER],,1,0,1,0,viettel.vn
COM_1388,18/07/2026,115e4679cde6d0d3,0,train,200,1,[MONEY] [NUMBER] [QC] [TIME],,1,0,1,0,viettel.vn
COM_1393,18/07/2026,99f8d31500e93334,0,train,497,1,[DATE] [MONEY] [TIME],,1,0,1,0,viettel.vn
COM_1394,18/07/2026,abe4edc5a7c10fe6,0,train,281,1,[DATE] [MONEY] [TB],,1,0,1,0,viettel.vn
COM_1395,18/07/2026,9e492856e91f28b8,0,test,261,1,[DATE] [MONEY] [TIME],,1,0,1,0,viettel.vn
COM_1396,18/07/2026,f4e3849cb27c3024,0,train,407,0,[MONEY] [NUMBER] [TIME],,0,0,0,0,
COM_1397,18/07/2026,9b9508856c0837e1,0,train,435,0,[MONEY] [NUMBER] [TIME],,0,0,0,0,
COM_1399,18/07/2026,8457b80b4ae73bb4,0,train,399,0,[MONEY] [NUMBER] [TIME],,0,0,0,0,
COM_1400,18/07/2026,67536a5bbcfa18cd,0,train,404,1,[NUMBER] [TB] [TIME],,0,0,0,0,
COM_1401,18/07/2026,38947c79eae67d5e,0,train,307,1,[MONEY] [TB],,1,0,1,0,viettel.vn
COM_1402,18/07/2026,90fa337a75f971d1,0,train,265,1,[MONEY] [QC],,1,0,1,0,vietteltelecom.vn
COM_1404,18/07/2026,a623c3b1527928da,0,train,131,0,[DATE] [MONEY] [NUMBER],,0,0,0,0,
COM_1405,18/07/2026,c1eb5159cb348bfa,0,test,274,1,[MONEY] [TB],,1,0,1,0,viettel.vn
COM_1406,18/07/2026,7513751dfc723a8b,0,train,368,1,[MONEY] [NUMBER] [TB],,1,0,1,0,viettel.vn
COM_1408,18/07/2026,3bb0dfb00ea5e5cb,0,train,86,0,[TIME],,0,0,0,0,
COM_1409,18/07/2026,3fbb6a4f3f6b9bdd,0,test,368,1,[MONEY] [NAME] [NUMBER] [QC],,1,0,1,0,tv360.vn
COM_1410,18/07/2026,c06379e897302fce,0,train,360,1,[NAME] [NUMBER] [TB] [TIME],,0,0,0,0,
COM_1413,18/07/2026,98385dca9101d46d,0,test,368,0,[DATE] [MONEY] [NUMBER],,1,0,1,0,viettel.vn
COM_1415,18/07/2026,4b8f77e351204c17,0,train,426,1,[MONEY],,1,0,1,0,viettel.vn
COM_1416,18/07/2026,abe4edc5a7c10fe6,0,train,281,1,[DATE] [MONEY] [TB],,1,0,1,0,viettel.vn
COM_1417,18/07/2026,4dc26afee55c6516,0,train,583,1,[DATE] [NUMBER],,0,0,0,0,
COM_1418,18/07/2026,65f9ab5e3c9b9366,0,train,326,1,[MONEY] [TB] [TIME],,1,0,1,0,viettel.vn
COM_1419,18/07/2026,3fadaa718adb017f,0,train,235,0,[MONEY] [NUMBER],,1,0,1,0,viettel.vn
COM_1420,18/07/2026,5f98204f846263e0,0,train,162,0,[NUMBER],,0,0,0,0,
COM_1421,18/07/2026,41dd2537028ccf1d,0,train,60,0,[NUMBER],,0,0,0,0,
COM_1422,18/07/2026,5f98204f846263e0,0,train,162,0,[NUMBER],,0,0,0,0,
COM_1423,18/07/2026,07d0f2a2d2a035fd,0,train,226,0,[MONEY],,1,0,1,0,vietteltelecom.vn
COM_1424,18/07/2026,e7c410def43f2a39,0,test,382,1,[NUMBER] [TB] [TIME],,0,0,0,0,
COM_1425,18/07/2026,13bd3f11ba2df26e,0,train,196,1,[DATE] [MONEY] [TIME],,0,0,0,0,
COM_1426,18/07/2026,66fa17545df00c86,0,test,482,1,[MONEY] [NUMBER] [TB],,1,0,1,0,viettel.vn
COM_1427,18/07/2026,0d59c93f20e6cdd1,0,train,336,1,[MONEY] [TB],,1,0,1,0,viettel.vn
COM_1428,18/07/2026,992998a02afcec63,0,train,467,1,[DATE] [MONEY],,0,0,0,0,
COM_1429,18/07/2026,c74afce0e852a9cc,0,train,295,0,[DATE] [POINT],,1,0,1,0,vietteltelecom.vn
COM_1430,18/07/2026,cee7b358ee5928ba,0,train,482,0,[MONEY] [NUMBER] [TIME],,0,0,0,0,
COM_1431,18/07/2026,fc50038741fc288f,0,test,380,0,[MONEY] [NUMBER] [TIME],,1,0,1,0,vietteltelecom.vn
COM_1432,18/07/2026,76a37a336b16872c,0,train,188,1,[MONEY],,1,0,1,0,viettel.vn
COM_1433,18/07/2026,d0642af26137b28b,0,test,589,1,[DATE] [NUMBER] [TB],,0,0,0,0,
COM_1434,18/07/2026,f479074fbe2de41c,0,test,200,1,[NUMBER] [TB],,0,0,0,0,
COM_1435,18/07/2026,e10a20d7160e93de,0,train,339,1,[MONEY] [TB],,1,0,1,0,viettel.vn
COM_1436,18/07/2026,c684d41b6fdcddb0,0,train,420,1,[NAME] [NUMBER] [TB] [TIME],,0,0,0,0,
COM_1437,18/07/2026,f1a157b2d1e74f58,0,train,298,0,[NAME],,0,0,0,0,
COM_1438,18/07/2026,6193e166b2366037,0,train,219,1,[MONEY] [TB] [TIME],,0,0,0,0,
COM_1440,18/07/2026,16e256a6034823cd,0,train,235,0,[MONEY] [NUMBER],,1,0,1,0,viettel.vn
COM_1442,18/07/2026,9fa9b9790d31babf,0,train,466,1,[MONEY] [NAME] [NUMBER] [TB],,2,0,2,0,viettel.vn vietteltelecom.vn
COM_1443,18/07/2026,9fa9b9790d31babf,0,train,466,1,[MONEY] [NAME] [NUMBER] [TB],,2,0,2,0,viettel.vn vietteltelecom.vn
COM_1444,18/07/2026,f6dacecd30493cb6,0,test,360,0,[MONEY] [NUMBER],,1,0,1,0,viettel.vn
COM_1445,18/07/2026,f0981512d20f9db5,0,test,176,1,[MONEY],,0,0,0,0,
COM_1446,18/07/2026,26a952a417f1c144,0,train,235,0,[MONEY] [NUMBER],,1,0,1,0,viettel.vn
COM_1447,18/07/2026,abe76025ab73c377,0,train,235,0,[MONEY] [NUMBER],,1,0,1,0,viettel.vn
COM_1448,18/07/2026,4d75ef1962ea1b64,0,train,147,0,[NUMBER],,1,0,1,0,viettel.vn
COM_1449,18/07/2026,a1390f52d709687e,0,train,82,0,,,0,0,0,0,
COM_1450,18/07/2026,d9ece31613fde383,0,train,164,0,[NUMBER],,0,0,0,0,
COM_1451,18/07/2026,fc2f6ce4dd5ba84b,0,test,236,0,[MONEY] [NUMBER],,1,0,1,0,vietteltelecom.vn
COM_1452,18/07/2026,d945a43b4b3b5ca0,0,test,455,0,[MONEY] [NUMBER] [TB],,1,0,1,0,viettelmoney.vn
COM_1453,18/07/2026,b6c67d7e1b251b3f,0,test,297,1,[MONEY],,0,0,0,0,
COM_1454,18/07/2026,0e9b241197da03c0,0,train,252,0,[MONEY] [NUMBER] [TIME],,0,0,0,0,
COM_1455,18/07/2026,abe4edc5a7c10fe6,0,train,281,1,[DATE] [MONEY] [TB],,1,0,1,0,viettel.vn
COM_1744,24/07/2026,2cb31f28d6f4feb6,0,train,258,1,[MONEY] [NUMBER],,1,0,1,0,vib.com.vn
COM_2029,25/07/2026,da43223ee6d607d0,0,test,286,1,[DATE] [MONEY] [NUMBER],,1,0,1,0,vnpt.com.vn
COM_2032,25/07/2026,d5dafc4401bfa8df,0,train,308,1,[DATE] [MONEY] [TB],,1,0,1,0,viettel.vn
COM_2033,25/07/2026,e7053948461f6299,0,train,332,1,[DATE] [MONEY] [TB],,1,0,1,0,viettel.vn
COM_2034,25/07/2026,04895f5d61897b54,0,train,319,1,[DATE] [MONEY],,1,0,1,0,viettel.vn
COM_2035,25/07/2026,17d2047e7d17df1f,0,train,881,1,[DATE] [MONEY] [NUMBER] [TB] [TIME],,0,0,0,0,
COM_2036,25/07/2026,e3e3a199bbd45fc8,0,train,193,0,[MONEY] [NUMBER] [TIME],,0,0,0,0,
COM_2037,25/07/2026,60f454b9ff880f21,0,train,212,0,[NUMBER],,0,0,0,0,
COM_2038,25/07/2026,1cb42a8638576c55,0,train,229,0,[MONEY] [NUMBER] [QC] [TIME],,1,0,1,1,go.link
COM_2039,25/07/2026,ce2fc2dd9b3fb106,0,train,318,1,[MONEY] [NUMBER] [QC],,1,0,1,0,tv360.vn
COM_2040,25/07/2026,8457b80b4ae73bb4,0,train,399,0,[MONEY] [NUMBER] [TIME],,0,0,0,0,
COM_2041,25/07/2026,7077e1343c78251b,0,train,583,1,[DATE] [NUMBER],,0,0,0,0,
COM_2042,25/07/2026,abe4edc5a7c10fe6,0,train,281,1,[DATE] [MONEY] [TB],,1,0,1,0,viettel.vn
COM_2043,25/07/2026,6ce756f113ad7a92,0,train,298,0,[NUMBER],,0,0,0,0,
COM_2079,27/07/2026,87a7f699f5c83d1a,0,train,210,0,[MONEY],,0,0,0,0,
COM_2080,27/07/2026,0c4ef744622bc06d,0,train,214,0,[MONEY],,0,0,0,0,
COM_2081,27/07/2026,ac3181f882098002,0,train,126,0,[DATE] [TIME],,0,0,0,0,
COM_2082,27/07/2026,897d47e927950bee,0,train,107,0,[NUMBER] [TIME],,0,0,0,0,
COM_2083,27/07/2026,1a8dd95e8430b7a2,0,train,116,0,[NUMBER] [TIME],,0,0,0,0,
COM_2084,27/07/2026,0dae400482704558,0,train,38,1,[NUMBER],,0,0,0,0,
COM_2085,27/07/2026,36260725fd8faa77,0,train,270,0,,,0,0,0,0,
COM_2086,27/07/2026,ce1fee40c4a8560f,0,train,293,1,[NUMBER] [TB],,0,0,0,0,
COM_2087,27/07/2026,cdc3b0c7614da6d2,0,train,315,1,[MONEY] [NUMBER] [QC],,0,0,0,0,
COM_2088,27/07/2026,0959f893951f9192,0,train,119,0,[TIME],,0,0,0,0,
COM_2089,27/07/2026,f479074fbe2de41c,0,test,200,1,[NUMBER] [TB],,0,0,0,0,
COM_2090,27/07/2026,030469c6e9ab6cec,0,train,257,1,[TB],,0,0,0,0,
COM_2091,27/07/2026,41dafbd0a0f874ee,0,train,99,0,,,0,0,0,0,
COM_2092,27/07/2026,0bcb52625a4936df,0,train,153,0,[TIME],,0,0,0,0,
COM_2093,27/07/2026,14db908487b2ec93,0,train,72,0,,,1,0,1,0,kiotvietbiz.vn
COM_2094,27/07/2026,9709a800f15781c3,0,train,252,1,[DATE] [MONEY] [QC],,0,0,0,0,
COM_2095,28/07/2026,0494b9ac958a85a7,0,train,251,0,[MONEY] [NUMBER] [TIME],,0,0,0,0,
COM_2096,28/07/2026,05d80b907da76581,0,train,202,0,[MONEY] [NUMBER] [TIME],,0,0,0,0,
COM_2097,28/07/2026,f06352c58d637440,0,test,247,0,[MONEY] [NUMBER] [TIME],,2,0,2,0,vnpt.com.vn vnpt.vn
COM_2098,28/07/2026,9164d7579c1f34b2,0,train,260,0,[MONEY] [NUMBER],,0,0,0,0,
COM_2099,28/07/2026,c0b29e007011dbb8,0,train,208,0,[MONEY] [NUMBER] [TIME],,0,0,0,0,
COM_2100,28/07/2026,a2c72af916d64b91,0,train,257,0,[MONEY] [NUMBER] [TIME],,0,0,0,0,
COM_2101,28/07/2026,1169bf01c639fb45,0,train,234,0,[MONEY] [NUMBER] [TIME],,0,0,0,0,
COM_2102,28/07/2026,57ce689e013674e3,0,train,182,0,[MONEY] [NUMBER] [TIME],,0,0,0,0,
COM_2103,28/07/2026,93e37c836bf64e7d,0,test,251,0,[MONEY] [NUMBER] [TIME],,1,0,1,0,gamev.vn
COM_2104,28/07/2026,6ba2990c2732554d,0,test,228,0,[MONEY] [NUMBER] [TIME],,0,0,0,0,
COM_2105,28/07/2026,55e7ed9d1c04e6a8,0,train,257,0,[MONEY] [NUMBER] [TIME],,1,0,1,0,gametp.vn
COM_2106,28/07/2026,d2bc269c95d9521f,0,train,253,0,[MONEY] [NUMBER],,2,0,2,0,vnpt.com.vn vnpt.vn
COM_2107,28/07/2026,8819c3e2e8549541,0,test,240,0,[MONEY] [NUMBER] [TIME],,0,0,0,0,
COM_2108,28/07/2026,fd827775d60d2b21,0,train,214,0,[MONEY] [NUMBER] [TIME],,1,0,1,0,mkara.com.vn
COM_2109,28/07/2026,da9d9ba48dd57bac,0,train,256,0,[MONEY] [NUMBER] [TIME],,1,0,1,0,vuihoc.vn
COM_2110,28/07/2026,98120bacffa5aacc,0,test,257,0,[MONEY] [NUMBER],,0,0,0,0,
COM_2111,28/07/2026,f4eb63546e98fa4a,0,train,210,0,[MONEY] [NUMBER] [TIME],,1,0,1,0,gamehappy.vn
COM_2112,28/07/2026,9f21342aaf3758c8,0,train,256,0,[MONEY] [NUMBER] [TIME],,1,0,1,0,gametp.vn
COM_2113,28/07/2026,925bceeba6a1d6b0,0,train,238,0,[MONEY] [NUMBER] [TIME],,1,0,1,0,vngenai.vn
COM_2114,28/07/2026,92098a396568c230,0,train,182,0,[MONEY] [NUMBER] [TIME],,0,0,0,0,
COM_2115,28/07/2026,1fdd27c9af33fb95,0,train,189,0,[MONEY] [NUMBER] [TIME],,1,0,1,0,gmgame.vn
COM_2116,28/07/2026,cdb790cfc4896d10,0,train,229,0,[MONEY] [NUMBER] [TIME],,0,0,0,0,
COM_2117,28/07/2026,8acbedbd95533621,0,test,190,0,[DATE] [MONEY] [NUMBER] [TIME],,0,0,0,0,
COM_2118,28/07/2026,26954bec2e1ba766,0,train,136,0,[NUMBER],,0,0,0,0,
COM_2119,28/07/2026,6c0d6967414eaf8b,0,train,207,0,[MONEY] [NUMBER],,0,0,0,0,
COM_2120,28/07/2026,dee36789f6b19071,0,test,249,0,[MONEY] [NUMBER] [TIME],,1,0,1,0,onegame.com.vn
COM_2121,28/07/2026,50f1a9d9d8caf2f8,0,train,245,0,[MONEY] [NUMBER] [TIME],,1,0,1,0,cambridge.vn
COM_2122,28/07/2026,7c5890411485a96e,0,train,237,0,[MONEY] [NUMBER] [TIME],,0,0,0,0,
COM_2123,28/07/2026,f553d4c00246eab3,0,train,253,0,[MONEY] [NUMBER] [TIME],,1,0,1,0,mkara.com.vn
COM_2124,28/07/2026,6553c8581ba690a7,0,train,170,0,[MONEY] [NUMBER],,1,0,1,0,vnpt.com.vn
COM_2125,28/07/2026,4f51c4a9ad517b57,0,train,197,0,[DATE] [MONEY] [NUMBER] [TIME],,0,0,0,0,
COM_2126,28/07/2026,2562b18f113655cb,0,train,235,0,[MONEY] [NUMBER] [TIME],,0,0,0,0,
COM_2127,28/07/2026,c8ae03b3a2a668eb,0,train,186,0,[MONEY] [NUMBER] [TIME],,1,0,1,0,mkara.com.vn
COM_2128,28/07/2026,eaf3cd3a2254e811,0,train,213,0,[MONEY] [NUMBER] [TIME],,0,0,0,0,
COM_2129,28/07/2026,1508884733906002,0,train,285,0,[NUMBER],,1,0,1,0,tayninh.gov.vn
COM_2130,28/07/2026,7b4eb63d58c282da,0,train,237,0,[MONEY] [NUMBER] [TIME],,1,0,1,0,gamev.vn
COM_2131,28/07/2026,01dee1db29a0e044,0,train,175,0,[MONEY] [NUMBER] [TIME],,1,0,1,0,cambridge.vn
COM_2132,28/07/2026,77912d744c05fbfd,0,train,207,0,[MONEY] [NUMBER] [TIME],,1,0,1,0,onegame.com.vn
COM_2133,28/07/2026,6e422de7ea17f98b,0,train,213,0,[MONEY] [NUMBER] [TIME],,0,0,0,0,
COM_2134,28/07/2026,cc40113191027292,0,test,195,0,[MONEY] [NUMBER] [TIME],,0,0,0,0,
COM_2135,28/07/2026,4368947e7b9183eb,0,train,289,0,[NUMBER],,1,0,1,0,tayninh.gov.vn
COM_2136,28/07/2026,16867c04130d299f,0,train,201,0,[MONEY] [NUMBER] [TIME],,1,0,1,0,laixevenha.vn
COM_2137,28/07/2026,520303e944d221b3,0,train,254,0,[MONEY] [NUMBER],,1,0,1,0,vnpt.com.vn
COM_2138,28/07/2026,04bab838dfd738c9,0,train,181,0,[MONEY] [NUMBER] [TIME],,1,0,1,0,laixevenha.vn
COM_2139,28/07/2026,036468903b184494,0,test,233,0,[MONEY] [NUMBER] [TIME],,2,0,2,0,laixevenha.vn vnpt.vn
COM_2140,28/07/2026,3396fc454aceb993,0,train,216,0,[MONEY] [NUMBER] [TIME],,1,0,1,0,laixevenha.vn
COM_2141,28/07/2026,18e6f8a32196cc12,0,train,245,0,[MONEY] [NUMBER] [TIME],,2,0,2,0,laixevenha.vn vnpt.vn
COM_2142,28/07/2026,9f1138ed26c1e054,0,train,238,0,[MONEY] [NUMBER] [TIME],,1,0,1,0,laixevenha.vn
COM_2143,28/07/2026,0a8b6a756ec51d95,0,test,245,0,[MONEY] [NUMBER] [TIME],,2,0,2,0,laixevenha.vn vnpt.vn
COM_2144,28/07/2026,f3e4c2a14334f6e5,0,train,252,0,[MONEY] [NUMBER] [TIME],,1,0,1,0,laixevenha.vn
COM_2145,28/07/2026,2857a0eb66c8d12e,0,test,245,0,[MONEY] [NUMBER],,2,0,2,0,laixevenha.vn vnpt.vn
COM_2146,28/07/2026,6b23d15cca8607f9,0,train,330,1,[MONEY] [NUMBER],,1,0,1,0,vnpt.vn
COM_2147,28/07/2026,0554599f4e48efb8,0,train,232,1,[MONEY] [NUMBER],,1,0,1,0,vnpt.com.vn
COM_2148,28/07/2026,4a65f98d578ca270,0,train,203,0,[MONEY] [NUMBER] [TIME],,1,0,1,0,laixevenha.vn
COM_2149,28/07/2026,be48948a86dda945,0,train,158,0,[DATE] [MONEY] [NUMBER] [TIME],,0,0,0,0,
COM_2150,28/07/2026,4f3d47b6a5727e55,0,train,259,0,[MONEY] [NUMBER] [TIME],,0,0,0,0,
COM_2151,28/07/2026,9707be94b8de0e59,0,train,145,0,[NUMBER] [TIME],,0,0,0,0,
COM_2152,28/07/2026,3d9cea81fc698607,0,train,54,0,[EVNSPC_CSKH],,0,0,0,0,
COM_2153,28/07/2026,539f71f141134c2f,0,train,278,1,[DATE] [MONEY] [NUMBER],,1,0,1,0,vnptmoney.vn
COM_2154,28/07/2026,428c571e53a8275b,0,test,259,1,[MONEY] [NUMBER],,1,0,1,0,vnpt.com.vn
COM_2155,28/07/2026,99601bcd9ad7141e,0,test,200,0,[MONEY] [NUMBER] [TIME],,1,0,1,0,laixevenha.vn
COM_2156,28/07/2026,e4bafce2ffe5c8a3,0,test,223,0,[MONEY] [NUMBER] [TIME],,0,0,0,0,
COM_2157,28/07/2026,6b49697d986a3cfe,0,train,214,1,[MONEY] [NUMBER] [TIME],,1,0,1,0,laixevenha.vn
COM_2158,28/07/2026,355daad629c1c3c0,0,test,252,0,[MONEY] [NUMBER] [TIME],,2,0,2,0,laixevenha.vn vnpt.vn
COM_2159,28/07/2026,e6e99c0f7bcd6640,0,train,300,1,[DATE] [MONEY] [NUMBER],,1,0,1,0,vnptmoney.vn
COM_2160,28/07/2026,d6bc467b655e499d,0,train,580,1,[MONEY] [NUMBER],,1,1,1,1,goo.gl
COM_2161,28/07/2026,e759a63394201cf3,0,test,504,1,[MONEY] [NUMBER] [TIME],,1,0,1,0,laixevenha.vn
COM_2162,28/07/2026,df09fb3f1656cde1,0,test,223,0,[MONEY] [NUMBER] [TIME],,1,0,1,0,laixevenha.vn
COM_2163,28/07/2026,c84d5bdd9e21dd22,0,train,267,0,[MONEY] [NUMBER],,2,0,2,0,laixevenha.vn vnpt.vn
COM_2164,28/07/2026,8718c3b045ea2176,0,train,232,0,[MONEY] [NUMBER] [TIME],,1,0,1,0,laixevenha.vn
COM_2165,28/07/2026,8ca89653997a16d2,0,test,254,0,[MONEY] [NUMBER] [TIME],,1,0,1,0,laixevenha.vn
COM_2166,28/07/2026,5a3397736f97ad9f,0,train,237,0,[MONEY] [NUMBER] [TIME],,2,0,2,0,laixevenha.vn vnpt.vn
COM_2167,28/07/2026,a617be7c61a91ac6,0,test,109,0,,,0,0,0,0,
COM_2168,28/07/2026,147afeff6b593bee,0,train,288,0,[MONEY] [NUMBER] [TIME],,0,0,0,0,
COM_2169,28/07/2026,66923f4385d391d5,0,train,220,0,[MONEY] [NUMBER] [TIME],,0,0,0,0,
COM_2170,28/07/2026,a8180e48cbbf62c9,0,train,230,0,[MONEY] [NUMBER] [TIME],,1,0,1,0,laixevenha.vn
COM_2171,28/07/2026,4a36cc667e87f67e,0,train,268,0,[MONEY] [NUMBER] [TIME],,1,0,1,0,laixevenha.vn
COM_2172,28/07/2026,df9cd121377eb02c,0,train,257,0,[MONEY] [NUMBER] [TIME],,1,0,1,0,laixevenha.vn
COM_2173,28/07/2026,e276f092da09ee46,0,test,222,0,[MONEY] [NUMBER],,0,0,0,0,
COM_2174,28/07/2026,a27a4df9bfb2d9f2,0,train,261,1,[MONEY] [NUMBER] [TIME],,1,0,1,0,laixevenha.vn
COM_2175,28/07/2026,86208d434b2b8b1e,0,train,638,1,[NUMBER],,1,0,1,0,vnpt.com.vn
COM_2176,28/07/2026,470543d471861659,0,train,361,1,[MONEY] [NUMBER],,1,0,1,0,vnpt.com.vn
COM_2177,28/07/2026,37cef461bc340ea6,0,train,469,1,[NUMBER],,1,0,1,0,vnpt.com.vn
COM_2178,28/07/2026,5d31b80c574f7e3b,0,train,234,0,[DATE] [MONEY] [NUMBER],,0,0,0,0,
COM_2179,28/07/2026,b5722d919380179a,0,train,397,1,[MONEY] [NUMBER],,1,0,1,0,mytv.com.vn
COM_2180,28/07/2026,50a77240fae9c35e,0,test,115,0,[NUMBER],,0,0,0,0,
COM_2181,28/07/2026,3182ba24d0adc8d5,0,train,255,0,[MONEY] [NUMBER] [TIME],,1,0,1,0,laixevenha.vn
COM_2182,28/07/2026,c8f9f10420459635,0,train,162,0,[NUMBER] [TIME],,0,0,0,0,
COM_2183,28/07/2026,a5ccf1ab095d6411,0,train,189,0,[MONEY] [NUMBER] [TIME],,1,0,1,0,laixevenha.vn
COM_2184,28/07/2026,a9f39a28f5584f6b,0,train,332,1,[DATE] [MONEY] [NUMBER],,1,0,1,0,vnpt.com.vn
COM_2185,28/07/2026,1ba11579e73239eb,0,train,148,0,[NUMBER] [TIME],,1,0,1,0,applepay.ma
COM_2186,28/07/2026,1c3a7b1fa7372c55,0,train,348,1,[MONEY] [NUMBER] [TIME],,1,0,1,0,vnpt.vn
COM_2187,28/07/2026,8d6b586498bbf252,0,train,251,1,[MONEY] [NUMBER],,1,0,1,0,vnpt.com.vn
COM_2188,28/07/2026,22bf8a79c194ebd3,0,train,381,1,[MONEY] [NUMBER] [TIME],,0,0,0,0,
COM_2189,28/07/2026,845433cc17d5455f,0,train,230,0,[MONEY] [NUMBER] [TIME],,2,0,2,0,laixevenha.vn mathx.vn
COM_2190,28/07/2026,3da70e3a3a899c50,0,train,207,0,[MONEY] [NUMBER] [TIME],,0,0,0,0,
COM_2191,28/07/2026,502485cddca88eb1,0,train,226,0,[MONEY] [NUMBER] [TIME],,1,0,1,0,laixevenha.vn
COM_2192,28/07/2026,090e5ff633d9d69c,0,train,350,1,[DATE] [MONEY] [NUMBER],,1,0,1,0,vnpt.com.vn
COM_2193,28/07/2026,9f14da83fa57db5b,0,train,520,1,[MONEY] [NUMBER],,1,0,1,0,vnpt.com.vn
COM_2194,28/07/2026,7ca12d07461a5b99,0,train,191,0,[MONEY] [NUMBER] [TIME],,1,0,1,0,gameasy.vn
COM_2195,28/07/2026,8605a163c776cf50,0,train,244,0,[MONEY] [NUMBER] [TIME],,1,0,1,0,vnpt.vn
COM_2196,28/07/2026,692a227757fc1602,0,train,240,1,[MONEY] [NUMBER],,1,0,1,0,vnpt.com.vn
COM_2197,28/07/2026,2089d8393a76f441,0,test,327,1,[DATE] [MONEY] [NUMBER],,1,0,1,0,vnpt.com.vn
COM_2198,28/07/2026,ff64a83e67f7dd81,0,train,312,1,[DATE] [MONEY] [NUMBER],,1,0,1,0,vnpt.com.vn
COM_2199,28/07/2026,46ad75a8a2d40acc,0,train,258,0,[NUMBER],,1,0,1,0,vnpt.com.vn
COM_2200,28/07/2026,102e6211b27504ea,0,train,90,0,[NUMBER],,0,0,0,0,
COM_2201,28/07/2026,05fe99c17dcd8fca,0,test,221,0,[MONEY] [NUMBER],,1,0,1,0,meclip.vn
COM_2202,28/07/2026,a59c18744ba1d319,0,train,184,0,[MONEY] [NUMBER] [TIME],,0,0,0,0,
COM_2203,28/07/2026,fe9814c214cc1ab3,0,train,142,0,[NUMBER] [TIME],,0,0,0,0,
COM_2204,28/07/2026,3170e469ff76d816,0,train,324,1,[DATE] [MONEY] [NUMBER] [POINT],,1,0,1,0,vnpt.com.vn
COM_2205,28/07/2026,439800b8f073ad5d,0,train,220,0,[DATE] [MONEY] [NUMBER],,0,0,0,0,
COM_2206,28/07/2026,a033edd20ff20873,0,train,360,1,[MONEY] [NUMBER],,1,0,1,0,vnptmoney.vn
COM_2207,28/07/2026,fcbc9960c88cfa01,0,train,294,0,[DATE] [MONEY] [NUMBER],,1,0,1,0,vnpt.com.vn
COM_2208,28/07/2026,43af8ff89968dd80,0,train,294,1,[DATE] [MONEY] [NUMBER],,1,0,1,0,vnpt.com.vn
COM_2209,28/07/2026,34db013a605a8c54,0,train,276,1,[DATE] [MONEY] [NUMBER],,1,0,1,0,vnptmoney.vn
COM_2210,28/07/2026,b0bb1f7abc60ce62,0,train,345,1,[DATE] [MONEY] [NUMBER],,1,0,1,0,vnpt.com.vn
COM_2211,28/07/2026,fdf4c91397a93291,0,test,235,1,[DATE] [MONEY] [NUMBER],,1,0,1,0,vnpt.com.vn
COM_2212,28/07/2026,f406bac43d81e554,0,train,428,1,[MONEY] [NUMBER],,1,0,1,0,vnpt.vn
COM_2213,28/07/2026,b5b4ac5ab28ace4a,0,train,112,0,[MONEY] [NUMBER] [TIME],,1,0,0,0,
COM_2214,28/07/2026,30007e4b0e38cae5,0,train,335,1,[DATE] [MONEY] [NUMBER],,1,0,1,0,vnpt.com.vn
COM_2215,28/07/2026,c513a961780573bf,0,test,411,1,[DATE] [MONEY] [NUMBER],,1,0,1,0,vnptmoney.vn
COM_2216,28/07/2026,2c0685d521c983ae,0,train,119,0,[NUMBER],,1,0,1,0,umc2.edu.vn
COM_2217,28/07/2026,106f4f5de178c3ad,0,train,210,0,[MONEY] [NUMBER] [TIME],,1,0,1,0,bicagame.vn
COM_2218,28/07/2026,bfdec6c750278c91,0,train,98,0,[MONEY] [NUMBER] [TIME],,0,0,0,0,
COM_2219,28/07/2026,1ec623d043674916,0,test,334,1,[MONEY] [NUMBER] [TIME],,1,0,1,0,cambridge.vn
COM_2220,28/07/2026,9cd60ecf5c8c4e34,0,train,352,1,[MONEY] [NUMBER],,1,0,1,0,mytv.com.vn
COM_2221,28/07/2026,1e130496f5d80730,0,train,264,0,[MONEY] [NUMBER] [TIME],,1,0,1,0,vnpt.vn
COM_2222,28/07/2026,81424cd9e6b63119,0,train,203,0,[MONEY] [NUMBER] [TIME],,0,0,0,0,
COM_2223,28/07/2026,df98ddbddf3b17d4,0,train,254,0,[MONEY] [NUMBER] [TIME],,1,0,1,0,mkara.com.vn
COM_2224,28/07/2026,10ffbc56771c3d6c,0,train,292,0,[MONEY] [NUMBER] [TIME],,1,0,1,0,vnpt.vn
COM_2225,28/07/2026,7213c12b91acb662,0,test,122,0,[MONEY] [NUMBER] [TIME],,1,0,0,0,
COM_2226,28/07/2026,3b3af46d73defeb2,0,train,195,1,[NUMBER],,0,0,0,0,
COM_2227,28/07/2026,38936d8ae5d46093,0,train,8,1,,,0,0,0,0,
COM_2228,28/07/2026,21ddc0de9bda9dde,0,test,237,0,[MONEY] [NUMBER] [TIME],,0,0,0,0,
COM_2229,28/07/2026,f91e28f14ff36e38,0,train,256,0,[MONEY] [NUMBER] [TIME],,1,0,1,0,vnpt.vn
COM_2230,28/07/2026,161084a56f21bc99,0,train,328,1,[DATE] [MONEY] [NUMBER],,1,0,1,0,vnpt.com.vn
COM_2231,28/07/2026,bb1f5924bbc3edea,0,train,127,0,[DATE] [NUMBER],,0,0,0,0,
COM_2232,28/07/2026,53371daa2c7637ae,0,train,188,0,[MONEY] [NUMBER] [TIME],,0,0,0,0,
COM_2233,28/07/2026,beefd7d91fda21a6,0,train,174,0,[MONEY] [NUMBER] [TIME],,1,0,1,0,gmgame.vn
COM_2234,28/07/2026,bbe140fb35392b42,0,train,249,0,[MONEY] [NUMBER] [TIME],,2,0,2,0,gosu.vn vnpt.vn
COM_2235,28/07/2026,66c02db7e96bce52,0,train,317,1,[DATE] [MONEY] [NUMBER],,1,0,1,0,vnptmoney.vn
COM_2236,28/07/2026,ea12f0f96d41c44c,0,train,312,1,[DATE] [MONEY] [NUMBER],,1,0,1,0,vnpt.com.vn
COM_2237,28/07/2026,3defa8b0b5af5dc4,0,train,210,0,[MONEY] [NUMBER] [TIME],,0,0,0,0,
COM_2238,28/07/2026,aa520fe109fcf83f,0,test,295,1,[DATE] [MONEY] [NUMBER],,1,0,1,0,vnpt.com.vn
COM_2239,28/07/2026,dedec60b182c1412,0,train,353,1,[DATE] [MONEY] [NUMBER],,1,0,1,0,vnpt.com.vn
COM_2240,28/07/2026,9465812986aed041,0,train,354,1,[DATE] [MONEY] [NUMBER],,1,0,1,0,vnpt.com.vn
COM_2241,28/07/2026,eb66da9465dd0e58,0,train,336,1,[DATE] [MONEY] [NUMBER],,1,0,1,0,vnpt.com.vn
COM_2242,28/07/2026,0993aefd51ac2e3f,0,train,256,1,[DATE] [MONEY] [NUMBER],,1,0,1,0,vnpt.com.vn
COM_2243,28/07/2026,2e8d5fe9abe4e8c6,0,train,179,0,[MONEY] [NUMBER] [TIME],,0,0,0,0,
COM_2244,28/07/2026,215125fcd8428f4b,0,train,113,0,[NUMBER],,0,0,0,0,
COM_2245,28/07/2026,a15adaf0def2b1fa,0,train,306,1,[DATE] [MONEY] [NUMBER],,1,0,1,0,vnpt.com.vn
COM_2246,28/07/2026,878b9d1c00ba0357,0,train,117,0,[MONEY] [NUMBER] [TIME],,1,0,0,0,
COM_2247,28/07/2026,8b8aa6cd827e66b7,0,train,214,0,[MONEY] [NUMBER] [TIME],,0,0,0,0,
COM_2248,28/07/2026,722daf9858e8911e,0,test,251,1,[MONEY] [NUMBER],,1,0,1,0,vnptmoney.vn
COM_2249,28/07/2026,f8a8570a31a047ab,0,train,256,1,[MONEY] [NUMBER] [TIME],,1,0,1,0,agame.vn
COM_2250,28/07/2026,1a0f4c358a0d2fc2,0,test,446,0,[MONEY] [NUMBER] [TIME],,0,0,0,0,
COM_2251,28/07/2026,2131c93ff70e8b8c,0,train,397,0,[MONEY] [NUMBER] [TIME],,1,0,1,0,vnpt.com.vn
COM_2252,28/07/2026,d1311a7155cddc26,0,train,287,0,[MONEY] [NUMBER],,0,0,0,0,
COM_2253,28/07/2026,e67abf5062ecaa49,0,test,173,0,[MONEY] [NUMBER] [TIME],,0,0,0,0,
COM_2254,28/07/2026,a3a5b3b0d5b00c8d,0,train,177,0,[MONEY] [NUMBER],,1,0,1,0,vnpt.com.vn
COM_2255,28/07/2026,142e13ed4901cae3,0,train,239,0,[MONEY] [NUMBER] [TIME],,2,0,2,0,gamev.vn vnpt.vn
COM_2256,28/07/2026,2a3096d9b30ba800,0,train,143,0,[MONEY] [NUMBER] [TIME],,0,0,0,0,
COM_2257,28/07/2026,d633ba0ee75cf2ec,0,test,181,0,[NUMBER],,0,0,0,0,
COM_2258,28/07/2026,08dbe8d31748b9fa,0,train,195,0,[MONEY] [NUMBER] [POINT] [TIME],,0,0,0,0,
COM_2259,28/07/2026,7953d857ec3362df,0,test,162,0,[MONEY] [NUMBER] [TIME],,1,0,1,0,gosu.vn
COM_2260,28/07/2026,d130bf77aeb116e1,0,train,300,1,[MONEY] [NUMBER],,1,0,1,0,vnpt.vn
COM_2261,28/07/2026,e52f6e615233f17d,0,train,410,1,[DATE] [NUMBER] [POINT],,1,0,1,0,vnpt.com.vn
COM_2262,28/07/2026,fbf76c5d2056fc24,0,train,231,0,[MONEY] [NUMBER] [TIME],,1,0,1,0,gametp.vn
COM_2263,28/07/2026,c4bc1f8a7d7e3af9,0,test,264,0,[MONEY] [NUMBER] [TIME],,1,0,1,0,mangoplus.vn
COM_2264,28/07/2026,139b2d0a3f43a660,0,train,411,1,[DATE] [NAME] [NUMBER],,1,0,1,0,vnpt.com.vn
COM_2265,28/07/2026,9af2371eed9e961f,0,train,242,0,[MONEY] [NUMBER] [TIME],,1,0,1,0,vnpt.vn
COM_2266,28/07/2026,9a2abba3ddd356f6,0,test,509,1,[DATE] [MONEY] [NUMBER],,1,0,1,0,vinaphone.com.vn
COM_2267,28/07/2026,4b933800f0336a94,0,train,214,0,[MONEY] [NUMBER] [TIME],,1,0,1,0,gametp.vn
COM_2268,28/07/2026,bd06624d1d09cdfd,0,train,225,0,[MONEY] [NUMBER] [TIME],,1,0,1,0,agame.vn
COM_2269,28/07/2026,bf9828c3f32eec2c,0,test,282,0,[MONEY] [NUMBER] [TIME],,2,0,2,0,mkara.com.vn vnpt.vn
COM_2270,28/07/2026,08f21e93c7efa105,0,train,405,1,[NUMBER],,0,0,0,0,
COM_2271,28/07/2026,5d2dafad4545b7e2,0,train,118,0,[MONEY] [NUMBER] [TIME],,1,0,0,0,
COM_2272,28/07/2026,c80d117d466c1e90,0,train,36,1,[MONEY] [NUMBER],,0,0,0,0,
COM_2273,28/07/2026,f464bb71265c6a2e,0,train,257,1,,,0,0,0,0,
COM_2274,28/07/2026,7939bae950d35527,0,train,13,1,,,0,0,0,0,
COM_2275,28/07/2026,8a58778101e25361,0,train,217,0,[MONEY] [NUMBER] [TIME],,1,0,1,0,gametp.vn
COM_2276,28/07/2026,d69a1bcce2ba91fc,0,train,214,0,[MONEY] [NUMBER] [TIME],,0,0,0,0,
COM_2277,28/07/2026,05c6ad5459ed712b,0,train,376,1,[DATE] [NUMBER] [POINT],,1,0,1,0,vnpt.com.vn
COM_2278,28/07/2026,49137e68e4442b37,0,train,303,0,[MONEY] [NUMBER] [TIME],,1,0,1,0,vnpt.vn
COM_2279,28/07/2026,9d847e4c571989d0,0,train,321,0,[MONEY] [NUMBER] [TIME],,0,0,0,0,
COM_2280,28/07/2026,3ff658a3abbc06d8,0,train,198,0,[MONEY] [NUMBER] [TIME],,0,0,0,0,
COM_2281,28/07/2026,8b019fd112c86ae4,0,train,231,0,[MONEY] [NUMBER] [TIME],,0,0,0,0,
COM_2282,28/07/2026,1e081c343be72fca,0,test,299,1,[MONEY] [NUMBER] [TIME],,1,0,1,0,mytv.com.vn
COM_2283,28/07/2026,2f76b9a93c7c0c79,0,train,219,0,[MONEY] [NUMBER] [TIME],,2,0,2,0,mathx.vn
COM_2284,28/07/2026,7fbc7483caedbc78,0,train,266,0,[MONEY] [NUMBER] [TIME],,2,0,2,0,mkara.com.vn vnpt.vn
COM_2285,28/07/2026,efb64f66eefed0fa,0,train,84,0,[TIME],,0,0,0,0,
COM_2286,28/07/2026,624d5b643ec0b2bc,0,test,122,1,[NUMBER],,0,0,0,0,
COM_2287,28/07/2026,08629a147d439a0f,0,train,300,0,[MONEY] [NUMBER] [TIME],,2,0,2,0,mkara.com.vn vnpt.vn
COM_2288,28/07/2026,549a5098a0047c84,0,train,217,0,[MONEY] [NUMBER] [TIME],,1,0,1,0,mkara.com.vn
COM_2289,28/07/2026,82eba6392080f97c,0,train,165,0,[MONEY] [NUMBER] [TIME],,0,0,0,0,
COM_2290,28/07/2026,c9f020d107f09fe5,0,train,254,0,[MONEY] [NUMBER] [TIME],,1,0,1,0,vnpt.vn
COM_2291,28/07/2026,24dc673149b11862,0,train,255,0,[MONEY] [NUMBER] [TIME],,1,0,1,0,vnpt.vn
COM_2292,28/07/2026,3a18c3bbbfc45b94,0,train,381,1,[DATE] [MONEY] [NUMBER],,1,0,1,0,vinaphone.com.vn
COM_2293,28/07/2026,46d8272717fb2979,0,train,205,0,[MONEY] [NUMBER] [TIME],,0,0,0,0,
COM_2294,28/07/2026,c3c4e9b01501a7db,0,test,227,0,[MONEY] [NUMBER] [TIME],,1,0,1,0,vnstudy.vn
COM_2295,28/07/2026,41ede1301f1a9e0c,0,train,402,0,[MONEY] [NUMBER] [TIME],,0,0,0,0,
COM_2296,28/07/2026,22bb13072e2dce11,0,train,223,0,[MONEY] [NUMBER] [TIME],,0,0,0,0,
COM_2297,28/07/2026,6161c8daa793ea2b,0,train,394,0,[MONEY] [NUMBER] [TIME],,0,0,0,0,
COM_2298,28/07/2026,c56190ccc636119b,0,train,265,0,[MONEY] [NUMBER],,1,0,1,0,dimarket.vn
COM_2299,28/07/2026,7e4bcf2e7bd353b1,0,train,379,1,[DATE] [MONEY] [NUMBER],,1,0,1,0,vinaphone.com.vn
COM_2300,28/07/2026,8ca45c971f001f4d,0,train,360,1,[DATE] [MONEY] [NUMBER],,1,0,1,0,vinaphone.com.vn
COM_2301,28/07/2026,1f2660d5ab3feed4,0,train,424,1,[DATE] [MONEY] [NUMBER],,1,0,1,0,vnpt.com.vn
COM_2302,28/07/2026,6380b57b0b7fc4e9,0,train,373,1,[MONEY] [NUMBER] [TIME],,0,0,0,0,
COM_2303,28/07/2026,e7f23b11c7a29299,0,train,185,0,[MONEY] [NUMBER] [TIME],,0,0,0,0,
COM_2304,28/07/2026,bd3269f5dcedd24d,0,train,347,1,[DATE] [MONEY] [NUMBER],,1,0,1,0,vinaphone.com.vn
COM_2305,28/07/2026,f67e90c93a035212,0,train,215,0,[MONEY] [NUMBER] [TIME],,1,0,1,0,mkara.com.vn
COM_2306,28/07/2026,5f078608205fe8db,0,train,233,1,[MONEY] [NUMBER] [TIME],,1,0,1,0,gametp.vn
COM_2307,28/07/2026,6caa5bfb23e928b1,0,train,368,1,[DATE] [MONEY] [NUMBER],,1,0,1,0,vinaphone.com.vn
COM_2308,28/07/2026,eee571e5cd414ca7,0,train,137,0,[TIME],,0,0,0,0,
COM_2309,28/07/2026,9ae4e6afd38a09e3,0,train,242,1,[MONEY] [NUMBER] [TIME],,1,0,1,0,vnpt.com.vn
COM_2310,28/07/2026,eee76ce5d0a47759,0,test,346,1,[MONEY] [NUMBER],,1,0,1,0,vnpt.com.vn
COM_2311,28/07/2026,6790a44a8618e0fc,0,train,234,0,[MONEY] [NUMBER] [TIME],,0,0,0,0,
COM_2312,28/07/2026,019317f4e4742c18,0,train,380,1,[DATE] [MONEY] [NUMBER],,1,0,1,0,vnpt.com.vn
COM_2313,28/07/2026,a403cffa8759455c,0,train,224,0,[MONEY] [NUMBER] [TIME],,1,0,1,0,gamev.vn
COM_2314,29/07/2026,2b18e7a30b25b09d,0,train,416,1,[NUMBER],,0,0,0,0,
COM_2315,29/07/2026,6ae43ad541896d48,0,train,313,0,[MONEY] [NUMBER],,1,0,1,0,google.com
COM_2316,29/07/2026,13fa553316c00e7d,0,test,364,1,[MONEY] [NUMBER] [TIME],,1,0,1,0,vplay.vn
COM_2317,29/07/2026,fa7718827e42465a,0,train,425,1,[MONEY] [NUMBER] [TIME],,0,0,0,0,
COM_2318,30/07/2026,b45c42e0cddb76d5,0,train,131,0,[DATE],,0,0,0,0,
COM_2319,30/07/2026,068f5629d430e498,0,test,90,0,,,0,0,0,0,
COM_2320,30/07/2026,2d74df5b59f05684,0,train,307,1,[MONEY] [NUMBER] [TIME],,1,0,1,0,gosu.vn
COM_2321,30/07/2026,624d5b643ec0b2bc,0,test,122,1,[NUMBER],,0,0,0,0,
COM_2322,30/07/2026,d1a38be78376c50d,0,train,517,1,[DATE] [MONEY] [NUMBER],,1,0,1,0,vinaphone.com.vn
COM_2323,30/07/2026,40ade6a69b9c6308,0,train,445,1,[MONEY] [NUMBER],,0,0,0,0,
COM_2324,30/07/2026,a269877f3063ee1f,0,test,352,1,[MONEY] [NUMBER] [TIME],,1,0,1,0,vinaon.vn
COM_2326,30/07/2026,f464bb71265c6a2e,0,train,257,1,,,0,0,0,0,
COM_2327,30/07/2026,7328b35d17aee4d4,0,train,87,0,,,0,0,0,0,
COM_2328,30/07/2026,48889f371ee96982,0,train,107,0,,,0,0,0,0,
COM_2329,30/07/2026,5475ef0e0b4c874a,0,train,134,1,[DATE] [NUMBER] [TIME],,0,0,0,0,
COM_2330,30/07/2026,5ad21a8d32ea8adf,0,test,87,0,,,0,0,0,0,
COM_2332,30/07/2026,239ba71cb90cdf7f,0,test,430,1,[DATE] [MONEY] [NUMBER],,1,0,1,0,vnpt.com.vn
COM_2333,30/07/2026,3a18c3bbbfc45b94,0,train,381,1,[DATE] [MONEY] [NUMBER],,1,0,1,0,vinaphone.com.vn
COM_2334,30/07/2026,7e4bcf2e7bd353b1,0,train,380,1,[DATE] [MONEY] [NUMBER],,1,0,1,0,vinaphone.com.vn
COM_2335,30/07/2026,7308b1bee28e74c0,0,train,136,1,[DATE] [NUMBER] [TIME],,0,0,0,0,
COM_2337,30/07/2026,555bc2e3d212f3b3,0,train,366,1,[DATE] [MONEY] [NUMBER],,1,0,1,0,vinaphone.com.vn
COM_2338,30/07/2026,a3f208d40f38229f,0,train,241,1,[MONEY] [NUMBER] [TIME],,0,0,0,0,
COM_2339,30/07/2026,bbc632d6d22fbac8,0,train,113,0,,,0,0,0,0,
COM_2340,30/07/2026,50a77240fae9c35e,0,test,115,0,[NUMBER],,0,0,0,0,
COM_2341,30/07/2026,3fa5ecfa3cb95571,0,train,419,0,[NUMBER],,2,0,2,0,hcvn.app vnptmoney.vn
COM_2343,30/07/2026,036d00c5c21ae0b0,0,train,375,1,[MONEY] [NUMBER] [TIME],,0,0,0,0,
COM_2344,30/07/2026,7118cbba01585324,0,train,509,0,[NUMBER] [TIME],,1,0,1,0,vnptmoney.vn
COM_2345,30/07/2026,fe83f1581bb72c79,0,train,152,0,[NUMBER],,1,0,0,0,
COM_2346,30/07/2026,86ae5137dd4043af,0,train,324,1,[MONEY] [NUMBER] [TIME],,0,0,0,0,
COM_2347,30/07/2026,812f57bbf6406fb0,0,train,305,0,[DATE] [MONEY] [NAME] [NUMBER],,1,0,1,0,viettel.vn
COM_2348,30/07/2026,da56e2761d506975,0,train,77,0,[NUMBER],,1,0,1,0,reoqoovn.com.vn
COM_2349,30/07/2026,eee76ce5d0a47759,0,test,346,1,[MONEY] [NUMBER],,1,0,1,0,vnpt.com.vn
COM_2350,30/07/2026,a10bcc363a1314a3,0,train,145,0,[MONEY] [NUMBER],,1,0,1,0,vietteltelecom.vn
COM_2351,30/07/2026,57bfb79ec97e2f78,0,train,365,1,[MONEY] [NUMBER] [TIME],,0,0,0,0,
COM_2352,30/07/2026,f6467a5b7e72f720,0,test,106,0,,,0,0,0,0,
COM_2353,30/07/2026,549a5098a0047c84,0,train,217,0,[MONEY] [NUMBER] [TIME],,1,0,1,0,mkara.com.vn
COM_2354,30/07/2026,decae265bc88a8b2,0,train,209,0,[MONEY] [NUMBER],,1,0,1,0,cartoongame.vn
COM_2355,3/8/2026,1d20af63072edc1d,0,train,427,1,[MONEY] [NUMBER] [TIME],,0,0,0,0,
COM_2356,3/8/2026,1368fed82ccdf9ed,0,train,369,1,[MONEY] [NUMBER] [TIME],,1,0,1,0,vplay.vn
COM_2357,3/8/2026,c1eb9a830469264e,0,train,205,0,[DATE] [MONEY] [NUMBER] [TIME],,1,0,1,0,vnpt.com.vn
COM_2358,3/8/2026,523f315d9d42b602,0,train,197,0,[MONEY] [NUMBER] [TIME],,0,0,0,0,
COM_2359,3/8/2026,c86a1709228379f6,0,train,279,0,[MONEY] [NUMBER] [TIME],,0,0,0,0,
COM_2360,3/8/2026,e9c08918229fe3ca,0,train,254,0,[MONEY] [NUMBER] [TIME],,2,0,2,0,vnpt.com.vn vnpt.vn
COM_2361,3/8/2026,51919c5f558ebb26,0,train,218,0,[MONEY] [NUMBER] [TIME],,0,0,0,0,
COM_2362,3/8/2026,758d7aeec586bc92,0,test,239,0,[MONEY] [NUMBER] [TIME],,2,0,2,0,gametp.vn vnpt.vn
COM_2363,3/8/2026,8605a163c776cf50,0,train,244,0,[MONEY] [NUMBER] [TIME],,1,0,1,0,vnpt.vn
COM_2364,3/8/2026,08dbe8d31748b9fa,0,train,195,0,[MONEY] [NUMBER] [POINT] [TIME],,0,0,0,0,
COM_2365,3/8/2026,53371daa2c7637ae,0,train,188,0,[MONEY] [NUMBER] [TIME],,0,0,0,0,
COM_2366,3/8/2026,c86a1709228379f6,0,train,279,0,[MONEY] [NUMBER] [TIME],,0,0,0,0,
COM_2367,3/8/2026,cc3f2ef891bf465f,0,test,205,0,[DATE] [MONEY] [NUMBER] [TIME],,1,0,1,0,vnpt.com.vn
COM_2368,3/8/2026,adb45f8c2583431e,0,test,232,0,[MONEY] [NUMBER] [TIME],,1,0,1,0,gametp.vn
COM_2369,3/8/2026,fe6aa042f7fd0f52,0,train,152,0,,,0,0,0,0,
COM_2370,3/8/2026,5026ec9610b08c5a,0,train,135,0,,,0,0,0,0,
COM_2371,3/8/2026,4f3d47b6a5727e55,0,train,259,0,[MONEY] [NUMBER] [TIME],,0,0,0,0,
COM_2372,3/8/2026,e67abf5062ecaa49,0,test,173,0,[MONEY] [NUMBER] [TIME],,0,0,0,0,
COM_2373,3/8/2026,2131c93ff70e8b8c,0,train,397,0,[MONEY] [NUMBER] [TIME],,1,0,1,0,vnpt.com.vn
COM_2374,3/8/2026,66923f4385d391d5,0,train,220,0,[MONEY] [NUMBER] [TIME],,0,0,0,0,
COM_2375,3/8/2026,147afeff6b593bee,0,train,288,0,[MONEY] [NUMBER] [TIME],,0,0,0,0,
COM_2376,3/8/2026,e67abf5062ecaa49,0,test,173,0,[MONEY] [NUMBER] [TIME],,0,0,0,0,
COM_2377,3/8/2026,46d8272717fb2979,0,train,205,0,[MONEY] [NUMBER] [TIME],,0,0,0,0,
COM_2378,3/8/2026,e276f092da09ee46,0,test,222,0,[MONEY] [NUMBER],,0,0,0,0,
COM_2379,3/8/2026,be48948a86dda945,0,train,158,0,[DATE] [MONEY] [NUMBER] [TIME],,0,0,0,0,
COM_2380,3/8/2026,a3a5b3b0d5b00c8d,0,train,177,0,[MONEY] [NUMBER],,1,0,1,0,vnpt.com.vn
COM_2381,3/8/2026,be48948a86dda945,0,train,158,0,[DATE] [MONEY] [NUMBER] [TIME],,0,0,0,0,
COM_2382,3/8/2026,8c32ce6021debbb9,0,train,122,0,[NUMBER],,0,0,0,0,
COM_2383,3/8/2026,c9edf945ea641faa,0,train,123,0,[NUMBER] [TIME],,0,0,0,0,
COM_2384,3/8/2026,38efeb59040b2e93,0,train,131,0,[NUMBER] [TIME],,0,0,0,0,
COM_2385,3/8/2026,1333d0e19317cada,0,train,162,0,[NUMBER],,1,0,1,0,msb.com.vn
COM_2386,3/8/2026,f7ab41b0f4693dfc,0,train,246,0,[MONEY] [NUMBER],,0,0,0,0,
COM_2387,3/8/2026,c2043b28acff7613,0,train,200,0,[MONEY] [NUMBER] [TIME],,0,0,0,0,
COM_2388,3/8/2026,9d847e4c571989d0,0,train,321,0,[MONEY] [NUMBER] [TIME],,0,0,0,0,
COM_2389,3/8/2026,41ede1301f1a9e0c,0,train,402,0,[MONEY] [NUMBER] [TIME],,0,0,0,0,
COM_2390,3/8/2026,1a0f4c358a0d2fc2,0,test,446,0,[MONEY] [NUMBER] [TIME],,0,0,0,0,
COM_2391,3/8/2026,1a0f4c358a0d2fc2,0,test,446,0,[MONEY] [NUMBER] [TIME],,0,0,0,0,
COM_2392,3/8/2026,22e2479cd361715d,0,test,132,0,[MONEY],,0,0,0,0,
COM_2393,3/8/2026,a73aa0a468e22eb0,0,test,39,1,[NUMBER],,0,0,0,0,
COM_2394,3/8/2026,090673ad76cde819,0,train,29,1,[NUMBER],,0,0,0,0,
COM_2395,3/8/2026,337de1fffd7d7d60,0,train,39,1,[NUMBER],,0,0,0,0,
COM_2396,3/8/2026,3981db746a4ebe26,0,train,153,0,[MONEY] [NUMBER],,0,0,0,0,
COM_2397,3/8/2026,9d19f25675550fbe,0,train,156,0,[MONEY] [NUMBER],,0,0,0,0,
COM_2398,3/8/2026,3f45c69276171cf7,0,train,155,0,[MONEY] [NUMBER],,0,0,0,0,
COM_2399,3/8/2026,bfe4437cad10e248,0,test,148,0,[MONEY] [NUMBER],,0,0,0,0,
COM_2400,3/8/2026,7442d9e93c27b7e9,0,train,148,0,[MONEY] [NUMBER],,0,0,0,0,
COM_2401,3/8/2026,75a555e2c7ee14a3,0,train,233,1,[TB],,0,0,0,0,
COM_2402,3/8/2026,3b3af46d73defeb2,0,train,195,1,[NUMBER],,0,0,0,0,
COM_2403,3/8/2026,c513a961780573bf,0,test,411,1,[DATE] [MONEY] [NUMBER],,1,0,1,0,vnptmoney.vn
COM_2404,3/8/2026,9d423d10ef5aa209,0,train,242,1,[MONEY] [NUMBER],,1,0,1,0,vnptmoney.vn
COM_2405,3/8/2026,3ff7cc5c8a8a78ad,0,train,218,1,[NUMBER],,1,0,1,0,vnptmoney.vn
COM_2406,3/8/2026,065624a07b641ddd,0,train,211,1,[MONEY] [NUMBER],,1,0,1,0,vnptmoney.vn
COM_2407,3/8/2026,e389e1c364dd3d93,0,train,70,1,[MONEY],,0,0,0,0,
COM_2408,3/8/2026,ae01869f47129276,0,train,44,0,[NUMBER],,0,0,0,0,
COM_2409,3/8/2026,46ee663e4b2d5a89,0,train,79,0,[NUMBER],,0,0,0,0,
COM_2410,3/8/2026,516b9783fca517ee,0,test,1,0,,,0,0,0,0,
COM_2411,3/8/2026,ae01869f47129276,0,train,44,0,[NUMBER],,0,0,0,0,
COM_2412,3/8/2026,37e38efcc8f93c8d,0,train,126,1,,email,2,0,2,0,gmail.com google.com
COM_2413,3/8/2026,9a63578099a553bc,0,train,116,0,,email,1,0,1,0,gmail.com
COM_2414,3/8/2026,a1a108540b6e3375,0,train,157,1,,email,1,0,1,0,gmail.com
COM_2415,3/8/2026,a1e6570dae63e0a5,0,test,221,1,[NUMBER],,0,0,0,0,
COM_2416,3/8/2026,f416f42f3cc3534c,0,train,241,0,[DATE] [NUMBER],,1,0,0,0,
COM_2417,3/8/2026,3588194bdeb9612f,0,train,241,0,[DATE] [NUMBER],,1,0,0,0,
COM_2418,3/8/2026,4816e32ca99e74cc,0,train,152,0,,,0,0,0,0,
COM_2419,3/8/2026,c06eca6fee5a7c71,0,train,267,1,[MONEY] [NAME] [NUMBER] [TB],,1,0,1,0,mytv.com.vn
COM_2420,3/8/2026,a3b584571b8952af,0,test,192,0,[MONEY] [NUMBER],,1,0,1,0,mytv.com.vn
COM_2421,3/8/2026,7e62c9c795874335,0,train,40,1,[NUMBER],,0,0,0,0,
COM_2422,3/8/2026,7e62c9c795874335,0,train,40,1,[NUMBER],,0,0,0,0,
COM_2423,3/8/2026,337de1fffd7d7d60,0,train,39,1,[NUMBER],,0,0,0,0,
COM_2424,3/8/2026,008e474d3ea1120d,0,train,240,1,[NUMBER] [TB],,0,0,0,0,
COM_2425,3/8/2026,5f5ad171a235aacd,0,train,97,1,[TB],,0,0,0,0,
COM_2426,3/8/2026,8b49e32a152f5630,0,train,162,1,[TB],,0,0,0,0,
COM_2427,3/8/2026,6a8dc9096749c01c,0,train,67,1,[TB],,0,0,0,0,
COM_2428,3/8/2026,157249724a4d56c3,0,test,60,1,,,0,0,0,0,
COM_2429,3/8/2026,d657757eaa20fe4a,0,test,299,1,[TB],,1,0,1,0,vtscloud.vn
COM_2430,3/8/2026,8abefdc411760dbd,0,train,63,0,[NUMBER] [TIME],,0,0,0,0,
COM_2431,3/8/2026,3cd7f0b53f925211,0,train,141,0,,,1,0,1,0,go.vn
COM_2432,3/8/2026,e65fce965175065a,0,train,142,0,[NUMBER],,0,0,0,0,
COM_2433,3/8/2026,e65fce965175065a,0,train,142,0,[NUMBER],,0,0,0,0,
COM_2434,3/8/2026,e65fce965175065a,0,train,142,0,[NUMBER],,0,0,0,0,
COM_2435,3/8/2026,7d59605cde3e46c5,0,test,247,1,[DATE] [NUMBER],,1,0,1,0,vietrade.gov.vn
COM_2436,3/8/2026,df44ec0a3f8829fa,0,train,247,1,[DATE] [NUMBER],,1,0,1,0,vietrade.gov.vn
COM_2437,3/8/2026,245a655d7df48e6c,0,train,147,0,,,0,0,0,0,
COM_2438,3/8/2026,d1b4dcaec8ed0b92,0,train,227,1,[NUMBER] [TB],,0,0,0,0,
COM_2439,3/8/2026,2f77388a0b2f0087,0,train,159,0,[MONEY] [NUMBER],,1,0,1,0,tinvay.com.vn
COM_2440,3/8/2026,84b3a7e56684b144,0,test,160,0,[MONEY] [NUMBER] [TIME],,2,0,2,0,gon.dk tinvay.com.vn
COM_2441,3/8/2026,51f9dc0d5a0aa46f,0,train,337,1,[MONEY] [NUMBER] [TIME],,1,0,1,0,vnpt.com.vn
COM_2442,3/8/2026,e6f73e864f860d0b,0,train,300,1,[MONEY] [NUMBER],,1,0,1,0,vnpt.com.vn
COM_2443,3/8/2026,f52327f15ca3bb4c,0,train,316,1,[DATE] [MONEY] [NUMBER],,1,0,1,0,vnpt.com.vn
COM_2444,3/8/2026,c2d4c8b81c0cf64b,0,train,318,1,[DATE] [MONEY] [NUMBER],,1,0,1,0,vnpt.com.vn
COM_2445,3/8/2026,a9a9f8435a5f2bb8,0,train,213,0,[MONEY] [NAME] [NUMBER] [TIME],,0,0,0,0,
COM_2446,3/8/2026,e9db7cbe4045e3d4,0,train,346,0,[MONEY] [NUMBER],,0,0,0,0,
COM_2447,3/8/2026,80579cdb6e5a7874,0,train,262,0,[MONEY] [NUMBER],,0,0,0,0,
COM_2448,3/8/2026,ead7e635863ad4d6,0,train,302,0,[MONEY] [NUMBER],,0,0,0,0,
COM_2449,3/8/2026,5db577fee1351a55,0,train,258,0,[MONEY] [NUMBER],,0,0,0,0,
COM_2450,3/8/2026,d018beefda7ff761,0,train,245,0,[MONEY] [NUMBER],,1,1,1,1,tinyurl.com
COM_2451,3/8/2026,f3694ba27dd3ca7c,0,train,274,0,[MONEY] [NUMBER] [TIME],,1,1,1,1,tinyurl.com
COM_2452,3/8/2026,12ca8b3d9dfc1080,0,test,169,0,[MONEY] [NUMBER] [TIME],,0,0,0,0,
COM_2453,3/8/2026,67fed1478f7e919a,0,train,257,0,[MONEY] [NUMBER],,1,0,1,0,vietnamobile.com.vn
COM_2454,3/8/2026,f61476775679fb75,0,test,222,0,[MONEY] [NUMBER],,1,1,1,1,tinyurl.com
COM_2455,3/8/2026,f2093a2e2d4bffb5,0,train,753,1,[DATE] [TB],,0,0,0,0,
COM_2456,3/8/2026,f76b4aa8df77b5e7,0,train,195,1,,,0,0,0,0,
COM_2457,3/8/2026,86bd1314e4f30851,0,train,241,0,[MONEY] [NUMBER],,0,0,0,0,
COM_2458,3/8/2026,eb084c0939ab30ba,0,train,233,0,[MONEY] [NUMBER],,1,0,1,0,meclip.vn
COM_2459,3/8/2026,2ab243af1b3c427c,0,train,65,0,[NUMBER],,0,0,0,0,
COM_2460,3/8/2026,4d6881b7c58a68b2,0,train,167,0,[MONEY] [NUMBER],,2,0,0,0,
COM_2461,3/8/2026,43cd5502329641fa,0,train,307,0,[DATE] [MONEY] [NUMBER] [TIME],,0,0,0,0,
COM_2462,3/8/2026,ee0f799e319fa088,0,train,155,0,[DATE] [NUMBER] [TIME],,0,0,0,0,
COM_2463,3/8/2026,f52a45dbfd6b4411,0,train,295,0,[DATE] [NAME] [NUMBER] [TIME],email,1,0,1,0,gmail.com
COM_2464,3/8/2026,76c6f257c75ab5d9,0,train,105,0,[NUMBER],,0,0,0,0,
COM_2465,3/8/2026,9f6544b78c35a7b0,0,test,53,1,[NUMBER],,0,0,0,0,
COM_2466,3/8/2026,dcb5318ca6bdc05e,0,train,70,0,[NUMBER],,0,0,0,0,
COM_2467,3/8/2026,dcb5318ca6bdc05e,0,train,70,0,[NUMBER],,0,0,0,0,
COM_2468,3/8/2026,0762ceb2a8d7b99d,0,train,510,1,[TB],,0,0,0,0,
COM_2469,3/8/2026,b0e63466f6938239,0,test,216,1,[TB],,0,0,0,0,
COM_2470,3/8/2026,f5b42ba9a5e2712f,0,train,129,1,[TB],,0,0,0,0,
COM_2471,3/8/2026,b0e63466f6938239,0,test,216,1,[TB],,0,0,0,0,
COM_2472,3/8/2026,8c363e487bc4b3df,0,train,83,0,,,0,0,0,0,
COM_2473,3/8/2026,544a6c1023f40823,0,train,71,0,[NUMBER],,0,0,0,0,
COM_2474,3/8/2026,4945dffa4b5797ac,0,test,46,1,[NUMBER],,0,0,0,0,
COM_2475,3/8/2026,0bdd779269c7f646,0,train,269,0,[MONEY] [NAME] [NUMBER],,1,0,1,0,memusic.vn
COM_2476,3/8/2026,f691f732c5e5bc49,0,train,253,0,[MONEY] [NUMBER],,2,0,2,1,memusic.vn onelink.to
COM_2477,3/8/2026,325265764859e81b,0,train,254,0,[MONEY] [NUMBER],,1,0,1,0,vangtraotay.vn
COM_2478,3/8/2026,1c0973a83057e11a,0,train,152,0,[NUMBER] [TIME],,0,0,0,0,
COM_2479,3/8/2026,467b31c835166608,0,train,22,1,,,0,0,0,0,
COM_2480,3/8/2026,c66381ec8cfae20e,0,train,63,1,[NUMBER],,0,0,0,0,
COM_2481,3/8/2026,6c1b289966904aa8,0,test,52,1,[NUMBER],,0,0,0,0,
COM_2482,3/8/2026,0e3dc1e8fee6358b,0,train,129,0,[MONEY] [NUMBER],,0,0,0,0,
COM_2483,3/8/2026,dbb7710af34ba6cc,0,train,146,0,[MONEY] [NUMBER],,1,0,1,0,dealtoday.vn
COM_2484,3/8/2026,b68d1d999d6e9100,0,train,106,0,[NUMBER],,0,0,0,0,
COM_2485,3/8/2026,0fbea91880d0759d,0,test,109,0,[NUMBER],,0,0,0,0,
COM_2486,3/8/2026,61d667e91c962f65,0,test,109,1,[TB],,0,0,0,0,
COM_2487,3/8/2026,89e9bd58c15e7ed3,0,train,382,1,[NUMBER] [TB],,0,0,0,0,
COM_2488,3/8/2026,3e08aa1347664252,0,test,53,1,,,0,0,0,0,
COM_2489,3/8/2026,a9b25696c7cb6431,0,train,123,0,[NUMBER],,0,0,0,0,
COM_2490,3/8/2026,0f3254792cfefc60,0,train,92,0,[NUMBER],,0,0,0,0,
COM_2491,3/8/2026,d8c7cd50a4a43c33,0,train,112,0,[MONEY],,1,0,1,0,vnpay.vn
COM_2492,3/8/2026,46d7b644767548fb,0,train,214,1,,,0,0,0,0,
COM_2493,3/8/2026,1e6be8872f24763a,0,train,92,1,,,0,0,0,0,
COM_2494,3/8/2026,f4e1fcb8cb8f47dc,0,train,166,0,[MONEY] [NUMBER],,1,0,0,0,
COM_2495,3/8/2026,c0563120255ccfc2,0,train,345,1,[DATE] [MONEY] [NUMBER],,0,0,0,0,
COM_2496,3/8/2026,1db232cf066b7573,0,train,274,1,[MONEY] [NUMBER],,0,0,0,0,
COM_2497,3/8/2026,b57e70d6151f46d9,0,train,199,1,[NUMBER],,0,0,0,0,
COM_2498,3/8/2026,d5aef522098b4fb8,0,train,85,0,[NUMBER],,0,0,0,0,
COM_2499,3/8/2026,6b3d2ba7795793c5,0,train,156,0,[DATE],,0,0,0,0,
COM_2500,3/8/2026,0ea3b563138bb97d,0,train,144,0,[NUMBER] [TIME],,0,0,0,0,
COM_2501,3/8/2026,f0edf3764b248e41,0,train,153,0,[NAME] [NUMBER],,2,0,0,0,
COM_2502,3/8/2026,632180efb6cd5495,0,train,94,0,[NUMBER] [TIME],,0,0,0,0,
COM_2503,3/8/2026,9a9f44795655bbee,0,train,78,0,[NUMBER],,0,0,0,0,
COM_2504,3/8/2026,632180efb6cd5495,0,train,94,0,[NUMBER] [TIME],,0,0,0,0,
COM_2505,3/8/2026,39dd547cefdbe71a,0,train,157,0,[TIME],,0,0,0,0,
COM_2506,3/8/2026,19f9281ab0bee12b,0,train,151,0,[TIME],,0,0,0,0,
COM_2507,3/8/2026,d96cb1ecab55de5b,0,train,157,0,[TIME],,0,0,0,0,
COM_2508,3/8/2026,51965d84ffb92cc3,0,test,157,0,[TIME],,0,0,0,0,
COM_2509,3/8/2026,e338440661576d59,0,train,315,1,[MONEY] [NUMBER] [TIME],,0,0,0,0,
COM_2510,3/8/2026,5606c0ae39e6afa8,0,train,239,0,[MONEY] [NUMBER],,0,0,0,0,
COM_2511,3/8/2026,1ecdb203167a35fa,0,test,129,0,[DATE],,0,0,0,0,
COM_2512,3/8/2026,6116d4b5b25b1eac,0,train,146,0,,,0,0,0,0,
COM_2513,3/8/2026,cef7e11cecbb3655,0,test,113,0,[TIME],,0,0,0,0,
COM_2514,3/8/2026,1cf95059a6a114a8,0,test,139,0,[NUMBER],,0,0,0,0,
COM_2515,3/8/2026,c3c721c6ac5e5c83,0,train,290,1,[DATE] [MONEY] [NUMBER],,1,0,1,0,vnpt.com.vn
COM_2516,3/8/2026,129d5a848949a6c2,0,train,411,1,[NUMBER],,1,0,1,0,vnpt.com.vn
COM_2517,3/8/2026,cf848dc89ff40cd9,0,train,294,1,[DATE] [MONEY] [NUMBER],,1,0,1,0,vnpt.com.vn
COM_2518,3/8/2026,4f5a7c9dda29b8fc,0,train,268,1,[DATE] [MONEY] [NUMBER],,1,0,1,0,vnpt.com.vn
COM_2519,3/8/2026,88af9da5f5feb54b,0,train,258,1,[NUMBER],,0,0,0,0,
COM_2520,3/8/2026,7a2e10cb59ea70a4,0,test,282,1,[NUMBER],,0,0,0,0,
COM_2521,3/8/2026,94d1769a680f5274,0,train,163,1,,,1,0,1,0,thitimhieuluatphongchongmatuy.vn
COM_2522,3/8/2026,0e8cf1752bbb5242,0,train,60,1,[NUMBER],,0,0,0,0,
COM_2523,3/8/2026,f86f8d5aa580b6f4,0,train,271,1,[MONEY] [NUMBER],,1,0,1,0,vnptmoney.vn
COM_2524,3/8/2026,6b803d0d17d81e9a,0,train,296,1,[MONEY] [NUMBER],,1,0,1,0,vnptmoney.vn
COM_2525,3/8/2026,efa4f88046dbbe62,0,train,316,1,[DATE] [MONEY] [NUMBER],,1,0,1,0,vnptmoney.vn
COM_2526,3/8/2026,b223d5181beba81b,0,train,212,1,[DATE] [MONEY] [NUMBER],,1,0,1,0,vnptmoney.vn
COM_2527,3/8/2026,0dcc7c9f83f36aea,0,train,40,1,[NUMBER],,0,0,0,0,
COM_2528,3/8/2026,d66ba6b933fd99a9,0,train,147,0,[NUMBER],,0,0,0,0,
COM_2529,3/8/2026,b572862c09971a86,0,train,140,0,[NUMBER],,0,0,0,0,
COM_2530,3/8/2026,20dab18c7ead84b0,0,train,31,0,[NUMBER],,0,0,0,0,
COM_2531,3/8/2026,6fb1a5930a0db73a,0,test,152,0,[NUMBER] [TIME],,0,0,0,0,
COM_2532,3/8/2026,ea65139e64660571,0,train,104,0,[NUMBER] [TIME],,0,0,0,0,
COM_2533,3/8/2026,cbba6fe4910c65d6,0,train,156,0,[TIME],,0,0,0,0,
COM_2534,3/8/2026,c0d63296973e70c1,0,test,157,0,[NUMBER],,0,0,0,0,
COM_2535,3/8/2026,0108b3382509461c,0,train,118,0,[MONEY],,0,0,0,0,
COM_2536,3/8/2026,c8aaf916e31568a3,0,test,137,0,[NUMBER] [TIME],,0,0,0,0,
COM_2537,3/8/2026,0108b3382509461c,0,train,118,0,[MONEY],,0,0,0,0,
COM_2538,3/8/2026,f23b032ef368bb0c,0,train,39,1,[NUMBER],,0,0,0,0,
COM_2539,3/8/2026,8624b30fa26ae341,0,train,41,1,[NUMBER],,0,0,0,0,
COM_2540,3/8/2026,8a10814d7a166c3b,0,train,96,1,[NUMBER] [SHEIN] [TIME],,0,0,0,0,
COM_2541,3/8/2026,a94a1b857e50e53f,0,train,44,0,[NUMBER],,0,0,0,0,
COM_2542,3/8/2026,a02095634c25b456,0,train,158,0,[NUMBER],,0,0,0,0,
COM_2543,3/8/2026,e208606b38fefbf1,0,test,56,1,[NUMBER],,0,0,0,0,
COM_2544,3/8/2026,83ffdb349977b7f1,0,train,89,0,[NUMBER],,0,0,0,0,
COM_2545,3/8/2026,aeff4e9f44dc9d31,0,train,130,0,[NUMBER] [TIME],,0,0,0,0,
COM_2546,3/8/2026,b93df6f65b6b1264,0,train,50,0,[NUMBER],,0,0,0,0,
COM_2547,3/8/2026,db13c1e080a48332,0,train,213,1,[DATE] [NUMBER] [QC],,1,0,1,0,mobifone.vn
COM_2548,3/8/2026,d256d06f72415eea,0,train,261,0,[DATE] [NUMBER] [QC],,1,0,1,0,mobifone.vn
COM_2549,3/8/2026,d4c532285c310a41,0,train,76,0,[MONEY] [NUMBER],,0,0,0,0,
COM_2550,3/8/2026,3bfdebd1a5841767,0,train,257,0,[MONEY] [NUMBER] [TB] [TIME],,0,0,0,0,
COM_2551,3/8/2026,995b8c54cfc3dbf4,0,train,336,1,[NUMBER],,0,0,0,0,
COM_2552,3/8/2026,6a10e8fd4c87a4a1,0,test,121,0,[NUMBER],,0,0,0,0,
COM_2553,3/8/2026,696174d2ca3b4265,0,train,346,1,[MONEY] [NUMBER] [TB] [TIME],,1,0,1,0,cliptv.vn
COM_2554,3/8/2026,40441b52203459e0,0,train,216,1,[NUMBER],,0,0,0,0,
COM_2555,3/8/2026,e76cab3d62787b0e,0,train,189,1,[NUMBER],,1,0,1,0,dx.gov.vn
COM_2556,3/8/2026,27b20f70c6c10c80,0,train,382,1,,,1,0,0,0,
COM_2557,3/8/2026,2cf2ad4cea67fca4,0,train,333,1,,,0,0,0,0,
COM_2558,3/8/2026,deca977f9e1937d7,0,train,118,0,[NUMBER],,0,0,0,0,
COM_2559,3/8/2026,6a43b212d7026214,0,train,74,0,[NUMBER],,0,0,0,0,
COM_2560,3/8/2026,58ab35ee2b6eac84,0,train,374,1,,,0,0,0,0,
COM_2561,3/8/2026,a80897419c7f5199,0,train,508,1,,,2,0,2,0,bocongan.gov.vn dichvucong.gov.vn
COM_2562,3/8/2026,28ddeac0089f6e9e,0,train,47,0,[NUMBER],,0,0,0,0,
COM_2563,3/8/2026,65038980059d7b52,0,train,297,1,[DATE],,0,0,0,0,
COM_2564,3/8/2026,45bb8d9550816880,0,test,284,1,[NUMBER],,0,0,0,0,
COM_2565,3/8/2026,f8def1b87824baf5,0,test,287,1,[NUMBER],,0,0,0,0,
COM_2566,3/8/2026,baeb457caff8eef1,0,train,182,0,[NUMBER],,0,0,0,0,
COM_2567,3/8/2026,4b61e4210e6f67f9,0,train,311,0,[NUMBER],,0,0,0,0,
COM_2568,3/8/2026,98ec2f12684badd6,0,train,155,0,[NUMBER],,0,0,0,0,
COM_2569,3/8/2026,2b7bd8fe6d50ca4e,0,train,130,1,[DATE] [NUMBER],,0,0,0,0,
COM_2570,3/8/2026,f4a57c30c1d9e2a9,0,train,137,0,[NUMBER],,0,0,0,0,
COM_2571,3/8/2026,9128a8c28f89d5ed,0,train,278,1,[MONEY] [NUMBER] [TIME],,0,0,0,0,
COM_2572,3/8/2026,1649f9d21ba73c8f,0,train,94,0,[NUMBER],,0,0,0,0,
COM_2573,3/8/2026,7b81d16ae52cafe9,0,train,73,1,,,0,0,0,0,
COM_2574,3/8/2026,8aae27dd403fed3e,0,train,133,0,[NUMBER],,0,0,0,0,
COM_2575,3/8/2026,7c8f0da71fdfe551,0,train,158,1,,,1,0,1,0,thitimhieuluatphongchongmatuy.vn
COM_2576,3/8/2026,4e4549f01dab41b1,0,train,76,1,,,0,0,0,0,
COM_2577,3/8/2026,72028b0bfdbca450,0,test,113,1,,,0,0,0,0,
COM_2578,3/8/2026,ca8a27d4b9c81ce1,0,train,148,1,,,0,0,0,0,
COM_2579,3/8/2026,4d98512eeef3ab8c,0,train,115,1,[TIME],,0,0,0,0,
COM_2580,3/8/2026,6d8b1ff5dd093ba6,0,test,222,0,[NAME] [NUMBER],,1,0,0,0,
COM_2581,3/8/2026,a55e45b86540d802,0,train,161,0,[MONEY] [NUMBER],,1,0,1,1,o2o.vn
COM_2582,3/8/2026,80bfc51cd6ace059,0,test,290,0,[MONEY] [NUMBER],,0,0,0,0,
COM_2583,3/8/2026,fb5945bd199d1cf9,0,train,294,0,[MONEY] [NUMBER],,0,0,0,0,
COM_2584,3/8/2026,a57fb9b9663a2636,0,train,276,0,[MONEY] [NUMBER] [TIME],,0,0,0,0,
COM_2585,3/8/2026,84cf71b62fdd8f88,0,train,288,0,[TB],,1,1,1,1,page.link
COM_2586,3/8/2026,fdca1ac6a5c095cd,0,train,409,0,[CSKH] [MONEY] [NUMBER],,1,1,1,1,page.link
COM_2587,3/8/2026,36ec023f8549f21e,0,train,263,0,[MONEY] [NUMBER],,0,0,0,0,
COM_2588,3/8/2026,ae97b64340897ce6,0,train,273,0,[MONEY] [NUMBER],,1,0,1,0,vnpt.com.vn
COM_2589,3/8/2026,8670f69aa2254653,0,train,39,1,[NUMBER],,0,0,0,0,
COM_2590,3/8/2026,a6701e503777f3c2,0,test,259,1,[MONEY] [NUMBER],,0,0,0,0,
COM_2591,3/8/2026,7278979d4521e183,0,train,232,1,[MONEY] [NUMBER],,0,0,0,0,
COM_2592,3/8/2026,0fa0326d16621ecd,0,test,307,0,[MONEY] [NUMBER],,1,1,1,1,bit.ly
COM_2593,3/8/2026,60998f61b1d04b07,0,test,106,0,[NUMBER] [TIME],,0,0,0,0,
COM_2594,3/8/2026,aa18183f4d523e05,0,test,343,0,[MONEY] [NUMBER],,0,0,0,0,
COM_2595,3/8/2026,03619c02d59fe39f,0,train,327,1,[MONEY] [NUMBER],,1,0,1,0,mobistudy.vn
COM_2596,3/8/2026,a538186738a9ccb3,0,test,174,0,[DATE] [NAME] [NUMBER] [TIME],,0,0,0,0,
COM_2597,3/8/2026,7bdcd804c982ef8a,0,train,174,0,[DATE] [NAME] [NUMBER] [TIME],,0,0,0,0,
COM_2598,3/8/2026,93015a8610fab910,0,train,169,0,[MONEY],,0,0,0,0,
COM_2599,3/8/2026,001b37bf6f96435b,0,train,240,0,[NUMBER],,1,0,1,0,lottecinemavn.com
COM_2600,3/8/2026,fbb1587fd68b8987,0,train,166,0,[DATE] [NUMBER],,1,0,1,0,pgi.com.vn
COM_2601,3/8/2026,8de46d97271036f8,0,test,154,0,[NUMBER] [POINT],,1,0,1,0,ecogreen.com.vn
COM_2602,3/8/2026,11753cc7148ccc58,0,train,94,0,[NUMBER],,1,0,1,0,t.me
COM_2603,3/8/2026,791e4de2ef6f8bab,0,train,22,0,[NUMBER],,0,0,0,0,
COM_2604,3/8/2026,45b08260658af094,0,train,136,0,[NUMBER],,1,0,0,0,
COM_2605,3/8/2026,6b9a92adaf064d2f,0,train,59,0,[NUMBER],,0,0,0,0,
COM_2606,3/8/2026,84dd46d2d3b29dba,0,test,24,1,,,0,0,0,0,
COM_2607,3/8/2026,c219a478118742f3,0,train,57,0,[NUMBER],,0,0,0,0,
COM_2608,3/8/2026,92539637ca68b235,0,train,135,0,,,0,0,0,0,
COM_2609,3/8/2026,c0c48a81111020f9,0,train,121,0,[TIME],,0,0,0,0,
COM_2610,3/8/2026,0ea3b563138bb97d,0,train,144,0,[NUMBER] [TIME],,0,0,0,0,
COM_2611,3/8/2026,3184a42815c8f105,0,train,229,0,[NUMBER],,0,0,0,0,
COM_2612,3/8/2026,0ea3b563138bb97d,0,train,144,0,[NUMBER] [TIME],,0,0,0,0,
COM_2613,3/8/2026,ec6ca939ccfad5c4,0,train,129,0,[DATE] [NUMBER] [TIME],,0,0,0,0,
COM_2614,3/8/2026,22c91614c3a61046,0,train,319,1,[MONEY] [NUMBER],,1,0,1,0,mobifone.vn
COM_2615,3/8/2026,6830320a82299d90,0,train,137,0,[MONEY],,1,0,1,1,onelink.me
COM_2616,3/8/2026,c5fd784224489cf6,0,train,153,0,[TIME],,0,0,0,0,
COM_2617,3/8/2026,f2f9397063662637,0,test,370,0,[DATE] [MONEY] [NUMBER] [TIME],,1,1,1,1,bit.ly
COM_2618,3/8/2026,c46d403aa0ccd12d,0,train,243,1,[DATE] [NUMBER],,1,0,1,0,vietrade.gov.vn
COM_2619,3/8/2026,f2f9397063662637,0,test,370,0,[DATE] [MONEY] [NUMBER] [TIME],,1,1,1,1,bit.ly
COM_2620,3/8/2026,800579967f81830a,0,test,152,1,,,1,0,1,0,vletcombank.com
COM_2621,3/8/2026,9177f3aa5a3f4fcd,0,train,119,0,[MONEY] [TIME],,0,0,0,0,
COM_2622,3/8/2026,9750119699db116b,0,train,89,0,[TIME],,0,0,0,0,
COM_2623,3/8/2026,8bd714ea16b1797b,0,train,159,0,[NUMBER],,0,0,0,0,
COM_2624,3/8/2026,ef3a989872113cb8,0,train,162,0,[NUMBER] [TIME],,0,0,0,0,
COM_2625,3/8/2026,43920c6c05996e96,0,train,118,0,[TIME],,0,0,0,0,
COM_2626,3/8/2026,0fc1d74e76b8383e,0,train,231,0,[MONEY] [NAME] [NUMBER] [TIME],,0,0,0,0,
COM_2627,3/8/2026,b6d0179b285426a2,0,train,141,1,,,0,0,0,0,
COM_2628,3/8/2026,d6946e200f780921,0,train,221,1,[DATE],,1,0,1,0,moj.gov.vn
COM_2629,3/8/2026,43997700669baea6,0,train,181,0,,,1,0,1,0,themanson.vn
COM_2630,3/8/2026,9f9ec5b70780711d,0,test,76,0,[NUMBER] [TIME],,0,0,0,0,
COM_2631,3/8/2026,be69ffa7080fcc49,0,train,53,0,[NUMBER],,0,0,0,0,
COM_2632,3/8/2026,f5b005d0c5ae094a,0,train,92,1,[NUMBER],,0,0,0,0,
COM_2633,3/8/2026,954080370827be81,0,test,132,0,[MONEY] [TIME],,1,0,1,1,lzd.co
COM_2634,3/8/2026,0b3fa22481913dba,0,train,134,0,,,1,0,1,1,lzd.co
COM_2635,3/8/2026,377116dabc92bdbb,0,train,62,1,[NUMBER] [VANI],,0,0,0,0,
COM_2636,3/8/2026,de58b865a7ee748f,0,train,328,1,[TB],,1,0,1,0,speedtest.vn
COM_2637,3/8/2026,e76079caeeb4134d,0,train,211,0,[MONEY] [NUMBER],,1,0,1,0,glive.vn
COM_2638,3/8/2026,64ccaf5598d99572,0,test,175,0,[MONEY] [NUMBER],,1,0,1,0,glive.vn
COM_2639,3/8/2026,ddef78ff7ba6788c,0,train,173,0,[MONEY] [NUMBER],,1,0,1,0,glive.vn
COM_2640,3/8/2026,027ed54c6b6ae44c,0,train,156,0,[MONEY] [NUMBER],,1,0,1,0,glive.vn
COM_2641,3/8/2026,208f92279a2d49da,0,train,249,1,[DATE] [NUMBER],,2,0,0,0,
COM_2642,3/8/2026,b5f2a512fd2eb390,0,train,119,0,,,0,0,0,0,
COM_2643,3/8/2026,c17f7807975d3a0b,0,train,210,0,[MONEY] [NUMBER],,1,0,1,0,glive.vn
COM_2644,3/8/2026,4ebc9507a17b3764,0,train,172,0,[MONEY] [NUMBER],,1,0,1,0,glive.vn
COM_2645,3/8/2026,10ac06eda057d8fa,0,train,206,0,[MONEY] [NUMBER],,1,0,1,0,glive.vn
COM_2646,3/8/2026,e00cdc6d576a9acf,0,train,177,0,[MONEY] [NUMBER],,1,0,1,0,glive.vn
COM_2647,3/8/2026,6c22e8d70fb85361,0,train,181,0,[MONEY] [NUMBER],,3,0,2,0,cao.de glive.vn
COM_2648,3/8/2026,5534eecd60a81e06,0,train,161,0,[MONEY] [NUMBER],,0,0,0,0,
COM_2649,3/8/2026,a79bce4580a196dc,0,train,254,0,[MONEY] [NUMBER],,1,0,1,0,vangtraotay.vn
COM_2650,3/8/2026,47fc6a573e54b5fa,0,test,214,0,[MONEY] [NUMBER],,1,0,1,0,stv.net.vn
COM_2651,3/8/2026,19ef7a16f544e8fd,0,train,171,0,[MONEY] [NUMBER],,1,0,1,0,stv.net.vn
COM_2652,3/8/2026,b20eee0a0b88b405,0,test,47,0,,,0,0,0,0,
COM_2653,3/8/2026,559da1f550c2327d,0,train,198,1,[MONEY] [NUMBER],,1,0,1,0,vib.com.vn
COM_2654,3/8/2026,8de2259c4a2e8564,0,train,112,0,[NUMBER] [TIME],,0,0,0,0,
COM_2655,3/8/2026,14349c6cd7919830,0,test,46,1,[NUMBER] [TIME],,0,0,0,0,
COM_2656,3/8/2026,18ce4e019ffd9715,0,test,165,0,[MONEY] [NUMBER],,1,0,0,0,
COM_2657,3/8/2026,9daaccfe2ca6e5a8,0,train,69,1,[NUMBER] [TIME],,0,0,0,0,
COM_2658,3/8/2026,706f25e25fc49940,0,train,126,0,[NUMBER],,0,0,0,0,
COM_2659,3/8/2026,8cefba49ed826e06,0,train,98,0,[NUMBER],,0,0,0,0,
COM_2660,3/8/2026,b5f2a512fd2eb390,0,train,119,0,,,0,0,0,0,
COM_2661,3/8/2026,f200ece2b9c8be45,0,train,303,0,[NUMBER],,1,0,1,0,broward.edu.vn
COM_2662,3/8/2026,fe16076df0f4acd5,0,train,63,0,,,0,0,0,0,
COM_2663,3/8/2026,030885146e7f5971,0,train,84,0,,,0,0,0,0,
COM_2664,3/8/2026,99cf3da99c024c79,0,train,133,0,,,0,0,0,0,
COM_2665,3/8/2026,3e172b6a067b8eb9,0,train,50,1,[NUMBER] [TIME],,0,0,0,0,
COM_2666,3/8/2026,ea83f100ecfcef36,0,train,275,0,[DATE] [MONEY] [NUMBER],,1,0,1,0,vnptpay.vn
COM_2667,3/8/2026,f318bea67fcaf933,0,train,279,0,[MONEY] [NUMBER],,1,0,1,0,vietlottsms.vn
COM_2668,3/8/2026,4f44b432374eef13,0,train,158,0,[TIME],,0,0,0,0,
COM_2669,3/8/2026,be2cd32b725acd04,0,train,57,0,[NUMBER],,0,0,0,0,
COM_2670,3/8/2026,0203abb6f4533466,0,train,199,1,[TB],,1,0,1,0,thitimhieuluatcanhsatbienvietnam.vn
COM_2671,3/8/2026,67c837e40b96108f,0,train,54,0,[NUMBER],,0,0,0,0,
COM_2672,3/8/2026,47dc809d70108eca,0,train,156,0,[NUMBER],,1,0,1,0,fpt.edu.vn
COM_2673,3/8/2026,73aeea4356bb4d63,0,train,208,1,[NUMBER],,0,0,0,0,
COM_2674,3/8/2026,ef41b2539b721876,0,train,100,0,[NUMBER] [TIME],,0,0,0,0,
COM_2675,3/8/2026,e15f452a49db6a1a,0,train,37,1,,,0,0,0,0,
COM_2676,3/8/2026,ed679960abf96f42,0,train,186,0,[MONEY] [NUMBER],,0,0,0,0,
COM_2677,3/8/2026,4c9ededdefaa4925,0,train,174,0,[MONEY] [NUMBER],,0,0,0,0,
COM_2678,3/8/2026,e821d953ef378925,0,test,277,0,[MONEY],,0,0,0,0,
COM_2679,3/8/2026,5b9fdedd74aaa162,0,train,327,0,[MONEY] [NUMBER] [TIME],,0,0,0,0,
COM_2680,3/8/2026,25bc8b1e971cd183,0,train,132,0,[TIME],,0,0,0,0,
COM_2681,3/8/2026,f625d69a45581d6c,0,train,132,0,[TIME],,0,0,0,0,
COM_2682,3/8/2026,74308d1041b84cd8,0,train,102,0,[TIME],,0,0,0,0,
COM_2683,3/8/2026,a406835cde99e31b,0,train,139,0,[NUMBER] [TIME],,0,0,0,0,
COM_2684,3/8/2026,ec0f8fc0f4fe4424,0,test,114,1,,,0,0,0,0,
COM_2685,3/8/2026,f0cbc5bad4e6ae96,0,train,95,1,,,0,0,0,0,
COM_2686,3/8/2026,90541a0126748204,0,train,136,1,,,0,0,0,0,
COM_2687,3/8/2026,67eca757e1fc5dc4,0,train,156,0,[DATE] [MONEY] [NUMBER],,0,0,0,0,
COM_2688,3/8/2026,2cd8ce262595ac4c,0,train,235,0,[MONEY] [NUMBER],,1,0,1,0,vinaphone.com.vn
COM_2689,3/8/2026,ca20968ae4a29cf9,0,train,281,0,[MONEY] [NUMBER],,1,0,1,0,vangtraotay.vn
COM_2690,3/8/2026,9d5e5d0ff9909f51,0,train,248,0,[MONEY] [NUMBER],,1,0,1,0,vinaphone.com.vn
COM_2691,3/8/2026,7fdd8a0494e401c3,0,train,128,0,[TB],,0,0,0,0,
COM_2692,3/8/2026,c288b08db044ec7b,0,train,229,0,[MONEY] [NUMBER],,0,0,0,0,
COM_2693,3/8/2026,d7614c8c1d0eca2b,0,train,228,0,,,1,0,1,0,viettelpay.vn
COM_2694,3/8/2026,1dae40ddb8601074,0,test,209,0,[NUMBER],,1,0,1,0,viettelpay.vn
COM_2695,3/8/2026,d546306b5fc398b0,0,train,130,0,,,0,0,0,0,
COM_2696,3/8/2026,185dcba7f818f89b,0,train,110,1,[TIME],,0,0,0,0,
COM_2697,3/8/2026,8ef797c24dcbb15f,0,train,44,1,[NUMBER] [PUBG] [TIME],,0,0,0,0,
COM_2698,3/8/2026,6fa0a122439bf936,0,train,193,0,[NUMBER],,1,1,1,1,bit.ly
COM_2699,3/8/2026,4de97142f5d19558,0,train,203,0,[MONEY] [NUMBER],,1,1,1,1,bit.ly
COM_2700,3/8/2026,937fbf38d164ff1e,0,test,274,1,[MONEY] [NUMBER],,2,2,2,2,bit.ly
COM_2701,3/8/2026,472ecda627488817,0,train,220,1,[MONEY] [NUMBER] [TIME],,0,0,0,0,
COM_2702,3/8/2026,ca05f40a2c8bb9fb,0,train,213,1,[MONEY] [NUMBER] [QC],,0,0,0,0,
COM_2703,3/8/2026,73c07eee49cb25ef,0,train,303,0,[MONEY] [NUMBER] [TB] [TIME],,1,0,1,0,vangtraotay.vn
COM_2704,3/8/2026,7e0b9cfef91abf73,0,train,164,0,[MONEY] [NUMBER] [TIME],,0,0,0,0,
COM_2705,3/8/2026,2b7416dc3eff69f5,0,train,254,0,[MONEY] [NUMBER],,1,0,1,0,vangtraotay.vn
COM_2706,3/8/2026,42459944781d73b9,0,train,170,0,[MONEY] [NUMBER] [QC],,0,0,0,0,
COM_2707,3/8/2026,361231a10abcd7f9,0,test,319,0,[MONEY] [NUMBER],,1,0,1,0,vangtraotay.vn
COM_2708,3/8/2026,794b0a87cf8e5689,0,train,260,0,[MONEY] [NUMBER],,1,0,1,0,vangtraotay.vn
COM_2709,3/8/2026,b997c08cdc193456,0,train,287,0,[MONEY] [NUMBER],,1,0,1,0,vangtraotay.vn
COM_2710,3/8/2026,76769c5fc4337b9b,0,train,240,0,[MONEY] [NUMBER],,1,0,1,0,vangtraotay.vn
COM_2711,3/8/2026,998fd600670bfc1a,0,train,262,0,[MONEY] [NUMBER],,1,0,1,0,vangtraotay.vn
COM_2712,3/8/2026,ca9efc27aaab30d6,0,train,294,0,[MONEY] [NUMBER],,0,0,0,0,
COM_2713,3/8/2026,8417c0eb2862dff3,0,train,219,0,[MONEY] [NUMBER],,1,0,1,0,vangtraotay.vn
COM_2714,3/8/2026,8e164b8edf4147fd,0,train,170,0,[MONEY] [NUMBER],,2,0,0,0,
COM_2715,3/8/2026,bc354d3bc0fd8fb0,0,train,248,0,[MONEY] [NUMBER],,2,0,2,0,sclip.vn vangtraotay.vn
COM_2716,3/8/2026,8e164b8edf4147fd,0,train,170,0,[MONEY] [NUMBER],,2,0,0,0,
COM_2717,3/8/2026,2c81f447f87ffc77,0,train,180,0,[MONEY] [NUMBER],,1,0,1,0,adsblock.vn
COM_2718,3/8/2026,c3ceee94aff94ac0,0,train,203,0,[MONEY] [NUMBER],,1,0,1,0,adsblock.vn
COM_2719,3/8/2026,843c2a88e8b3b475,0,test,185,0,[MONEY] [NUMBER],,0,0,0,0,
COM_2720,3/8/2026,dc0c484f91200bcf,0,test,178,0,[MONEY] [NUMBER],,0,0,0,0,
COM_2721,3/8/2026,a42a18fc1f83acb6,0,train,222,0,[MONEY] [NUMBER],,0,0,0,0,
COM_2722,3/8/2026,7ef75eb15a9b2ef3,0,train,245,0,[MONEY] [NUMBER] [QC],,1,0,1,0,vangtraotay.vn
COM_2723,3/8/2026,56eca35e9128319c,0,train,164,0,[MONEY] [NUMBER],,1,0,1,0,vangtraotay.vn
COM_2724,3/8/2026,870e22928d78f3c1,0,train,163,0,[MONEY] [NUMBER],,2,0,0,0,
COM_2725,3/8/2026,ce546197cbb38fe7,0,train,166,0,[MONEY] [NUMBER],,0,0,0,0,
COM_2726,3/8/2026,7568d67531f430b1,0,train,248,0,[MONEY] [NUMBER],,1,0,1,0,vangtraotay.vn
COM_2727,3/8/2026,98a3c33351768d80,0,train,264,0,[MONEY] [NUMBER] [QC],,2,0,1,0,vangtraotay.vn
COM_2728,3/8/2026,9a8015bdd2d24a2e,0,train,223,0,[MONEY] [NUMBER],,1,0,1,0,vangtraotay.vn
COM_2729,3/8/2026,89fd49cff98bd8ce,0,train,252,0,[MONEY] [NUMBER] [QC],,2,0,2,0,infoplus.vn vangtraotay.vn
COM_2730,3/8/2026,ad6d937e3abdb5a1,0,train,271,0,[MONEY] [NUMBER],,1,0,1,0,vangtraotay.vn
COM_2731,3/8/2026,415e4b4632f96659,0,train,137,1,[MONEY] [NUMBER],,0,0,0,0,
COM_2732,3/8/2026,4b777c169ffc3657,0,train,197,0,[MONEY] [NUMBER],,1,0,1,0,mytunes.vn
COM_2733,3/8/2026,244f39b37f71f49f,0,train,182,0,[MONEY] [NUMBER],,1,0,1,0,mytunes.vn
COM_2734,3/8/2026,c46cfc2d39f8a863,0,train,172,0,[MONEY] [NUMBER],,1,0,0,0,
COM_2735,3/8/2026,57b2e4f45923e8aa,0,train,183,0,[MONEY] [NUMBER],,1,0,1,0,cuasotinhyeu.net.vn
COM_2736,3/8/2026,d702ca5746057887,0,train,180,0,[MONEY] [NUMBER],,0,0,0,0,
COM_2737,3/8/2026,619b67cbde7e7d34,0,train,283,0,[MONEY] [NUMBER],,2,0,1,0,vangtraotay.vn
COM_2738,3/8/2026,6f051e55cc31357b,0,train,100,0,[MONEY] [NUMBER],,0,0,0,0,
COM_2739,3/8/2026,9126eeab2947ef9c,0,train,239,0,[MONEY] [NUMBER],,1,0,1,0,vangtraotay.vn
COM_2740,3/8/2026,774f168bb1336019,0,train,158,0,[NUMBER],,0,0,0,0,
COM_2741,3/8/2026,6bff6100e9e5c232,0,test,161,0,[MONEY] [NUMBER],,1,0,1,0,runmobi.vn
COM_2742,3/8/2026,833af2ee2b239f57,0,train,264,0,[MONEY] [NUMBER],,2,0,2,0,ringtunes.vn vangtraotay.vn
COM_2743,3/8/2026,389d82355bea1f3a,0,train,158,0,[MONEY] [NUMBER],,1,0,1,0,ringtunes.vn
COM_2744,3/8/2026,e99ce00b46530155,0,train,180,0,[MONEY] [NUMBER],,1,0,0,0,
COM_2745,3/8/2026,45dacc6dc2ecc656,0,train,134,0,[NUMBER],,0,0,0,0,
COM_2746,3/8/2026,0345b56c6b40ab32,0,test,150,0,,,1,0,1,0,apestomen.com.vn
COM_2747,3/8/2026,4ed64fc76293ba83,0,train,166,0,[MONEY] [NUMBER],,1,0,0,0,
COM_2748,3/8/2026,0c2a654b5bfbf949,0,train,189,0,[MONEY] [NUMBER],,0,0,0,0,
COM_2749,3/8/2026,1c1a13e53fb12765,0,train,175,0,[MONEY] [NUMBER],,2,0,1,0,sao247.vn
COM_2750,3/8/2026,c200887637f4a74f,0,test,165,0,[MONEY] [NUMBER],,0,0,0,0,
COM_2751,3/8/2026,7cf762d6f6c00bc2,0,train,236,0,[MONEY] [NUMBER],,1,0,1,0,vangtraotay.vn
COM_2752,3/8/2026,8bbc64b3a692ff9a,0,test,154,0,[MONEY] [NUMBER],,1,0,1,0,giaitribox.vn
COM_2753,3/8/2026,a529f04c76ca216b,0,test,152,0,[MONEY] [NUMBER],,1,0,1,0,giaitribox.vn
COM_2754,3/8/2026,53503883d733fda5,0,train,261,0,[MONEY] [NUMBER],,2,0,1,0,vangtraotay.vn
COM_2755,3/8/2026,17e09399e4c7b01c,0,train,162,0,[MONEY] [NUMBER],,1,0,1,0,vangtraotay.vn
COM_2756,3/8/2026,22b393e2838b42ed,0,train,161,0,[MONEY] [NUMBER],,0,0,0,0,
COM_2757,3/8/2026,19ee8164b731d0e5,0,train,165,0,[MONEY] [NUMBER],,0,0,0,0,
COM_2758,3/8/2026,360af9511462ce87,0,train,165,0,[MONEY] [NUMBER],,0,0,0,0,
COM_2759,3/8/2026,da81f33f7c994c56,0,train,146,0,[MONEY] [NUMBER],,0,0,0,0,
COM_2760,3/8/2026,f1ac8ae52394087d,0,test,153,0,[MONEY] [NUMBER],,0,0,0,0,
COM_2761,3/8/2026,790d3f77986148d5,0,train,147,0,[MONEY] [NUMBER],,1,0,1,0,tinnhanh24.vn
COM_2762,3/8/2026,70872c43ece6ad5f,0,train,158,0,[MONEY] [NUMBER],,0,0,0,0,
COM_2763,3/8/2026,feb5e15302f33cc8,0,train,178,0,[MONEY] [NUMBER],,0,0,0,0,
COM_2764,3/8/2026,a16b21fae6e31341,0,test,173,0,[MONEY] [NUMBER],,0,0,0,0,
COM_2765,3/8/2026,6526bd174980db4c,0,train,238,0,[MONEY] [NUMBER],,1,0,1,0,vangtraotay.vn
COM_2766,3/8/2026,f6a04b9638ccab46,0,train,251,0,[MONEY] [NUMBER],,1,0,1,0,vangtraotay.vn
COM_2767,3/8/2026,76a29611019ed37d,0,train,156,0,[NUMBER],,1,0,1,0,gojek.com
COM_2768,3/8/2026,d9392cad70dc3ae2,0,train,112,0,,,0,0,0,0,
COM_2769,3/8/2026,bcaa58a392743c52,0,train,44,0,[NUMBER],,0,0,0,0,
COM_2770,3/8/2026,dc986e51cd80e518,0,train,162,0,[MONEY] [NUMBER],,2,0,1,0,m14.vn
COM_2771,3/8/2026,fd03a92b95eabe53,0,train,251,0,[MONEY] [NUMBER] [QC],,1,0,1,0,vmobile.com.vn
COM_2772,3/8/2026,15ff9caec53162d8,0,train,177,0,[MONEY] [NUMBER] [TIME],,1,0,1,0,v-care.vn
COM_2773,3/8/2026,180c50d4882951c3,0,train,186,0,[MONEY] [NUMBER],,1,0,1,0,playbox.com.vn
COM_2774,3/8/2026,f47168c298cb99cd,0,train,176,0,[MONEY] [NUMBER],,1,0,1,0,playbox.com.vn
COM_2775,3/8/2026,beaec6be17338221,0,train,169,0,[MONEY] [NUMBER],,1,0,1,0,gsol.vn
COM_2776,3/8/2026,2917d0054dd46885,0,train,175,0,[MONEY] [NUMBER],,2,0,1,0,gsol.vn
COM_2777,3/8/2026,487a45aac9d62d95,0,train,172,0,[MONEY] [NUMBER],,2,0,1,0,ansovang.vn
COM_2778,3/8/2026,19ee8164b731d0e5,0,train,165,0,[MONEY] [NUMBER],,0,0,0,0,
COM_2779,3/8/2026,bca8f39b9820123f,0,train,161,0,[MONEY] [NUMBER],,0,0,0,0,
COM_2780,3/8/2026,8129fb874914086f,0,train,211,0,[MONEY] [NUMBER],,1,0,1,0,tnviet.vn
COM_2781,3/8/2026,7497c0c958924c0c,0,train,220,0,[MONEY] [NUMBER],,1,0,1,0,tnviet.vn
COM_2782,3/8/2026,c138854817fef5a5,0,train,293,1,,,1,0,1,0,bluezone.gov.vn
COM_2783,3/8/2026,1b5099d6799ea679,0,train,30,0,[NUMBER],,0,0,0,0,
COM_2784,3/8/2026,01e6da5cd5b7ab95,0,train,162,0,[MONEY] [NUMBER],,0,0,0,0,
COM_2785,3/8/2026,bdf2bee8636b1704,0,train,218,0,[MONEY] [NUMBER],,1,0,1,0,fzone.vn
COM_2786,3/8/2026,c8aa73df318c3ff3,0,train,151,0,[MONEY] [NUMBER],,1,0,1,0,fzone.vn
COM_2787,3/8/2026,01addf732faca230,0,train,234,0,[MONEY] [NUMBER],,1,0,1,0,funclip.vn
COM_2788,3/8/2026,ec4d3049ec6062d1,0,test,187,0,[MONEY] [NUMBER],,1,0,1,0,funclip.vn
COM_2789,3/8/2026,ed923e77833cb93a,0,train,166,0,[MONEY] [NUMBER],,3,0,1,0,phaimanhplus.vn
COM_2790,3/8/2026,14e9c3a29253c1c6,0,train,168,0,[MONEY] [NUMBER],,2,0,0,0,
COM_2791,3/8/2026,6f428087d25ed8ce,0,train,175,0,[MONEY] [NUMBER] [TIME],,1,0,1,0,v-sky.vn
COM_2792,3/8/2026,6172427649ddf261,0,train,163,0,[MONEY] [NUMBER],,2,0,1,0,ngay.tc
COM_2793,3/8/2026,933df7ab19398e2a,0,train,173,0,[MONEY] [NUMBER],,2,0,0,0,
COM_2794,3/8/2026,a75d5819d24b70da,0,train,142,0,[MONEY] [NUMBER],,1,0,1,0,vcolour.vn
COM_2795,3/8/2026,25f29a153ffeb742,0,train,209,0,[MONEY] [NUMBER],,1,0,1,0,englishnow.vn
COM_2796,3/8/2026,4443077cbd3da93f,0,train,156,0,[MONEY] [NUMBER],,1,0,1,0,m2life.vn
COM_2797,3/8/2026,ea72a00951cbe77e,0,train,161,0,[MONEY] [NUMBER],,0,0,0,0,
COM_2798,3/8/2026,2fcabdc9d7b94c4d,0,train,165,0,[MONEY] [NUMBER],,0,0,0,0,
COM_2799,3/8/2026,89501ffb2cc667cf,0,train,164,0,[MONEY] [NUMBER],,0,0,0,0,
COM_2800,3/8/2026,27a469c3508680a5,0,train,166,0,[MONEY] [NUMBER],,2,0,0,0,
COM_2801,3/8/2026,248912a069119ea5,0,train,160,0,[MONEY] [NUMBER],,0,0,0,0,
COM_2802,3/8/2026,a9f2e003bdd2d9d2,0,train,158,0,[MONEY] [NUMBER],,0,0,0,0,
COM_2803,3/8/2026,089cebb88c4a8e89,0,train,137,0,[MONEY] [NUMBER],,0,0,0,0,
COM_2804,3/8/2026,dfd5e56720405d1b,0,train,176,0,[MONEY] [NUMBER] [TIME],,1,0,1,0,isport.vn
COM_2805,3/8/2026,244fbb4962336ced,0,test,167,0,[MONEY] [NUMBER],,1,0,1,0,boxphim.vn
COM_2806,3/8/2026,7ed42ef52171a98c,0,train,312,0,[MONEY] [NUMBER],,0,0,0,0,
COM_2807,3/8/2026,3b9d36906c55736e,0,train,161,0,[MONEY] [NUMBER],,0,0,0,0,
COM_2808,3/8/2026,c4e76b3ad9320d68,0,train,174,0,[MONEY] [NUMBER],,2,0,0,0,
COM_2809,3/8/2026,6ff2a532774b9979,0,train,177,0,[MONEY] [NUMBER],,2,0,0,0,
COM_2810,3/8/2026,5e3035e4d8ccd6ef,0,train,147,0,[MONEY] [NUMBER],,1,0,1,0,fungame.vn
COM_2811,3/8/2026,db16a69501c5be94,0,train,169,0,[NUMBER],,1,0,1,0,dvhay.vn
COM_2812,3/8/2026,667c99388e5a3b9e,0,train,152,0,[MONEY] [NUMBER],,1,0,1,0,ustation.vn
COM_2813,3/8/2026,f926e33248e40fa3,0,test,139,0,[MONEY] [NUMBER],,0,0,0,0,
COM_2814,3/8/2026,91ad8774580f4276,0,train,177,0,[MONEY] [NUMBER],,1,0,1,0,bongdahot.vn
COM_2815,3/8/2026,df129a2b45d6b59d,0,train,152,0,[MONEY] [NUMBER],,1,0,0,0,
COM_2816,3/8/2026,ea991d06dacc593d,0,train,162,0,[MONEY] [NUMBER],,1,0,0,0,
COM_2817,3/8/2026,0c4f78f5d3643ea7,0,train,166,0,[MONEY] [NUMBER],,2,0,1,0,cuchot.vn
COM_2818,3/8/2026,2076730e332e3955,0,train,167,0,[MONEY] [NUMBER],,2,0,1,0,cuchot.vn
COM_2819,3/8/2026,e6e56ff5efa13dac,0,train,177,0,[MONEY] [NUMBER],,3,0,1,0,cuchot.vn
COM_2820,3/8/2026,53601645a7f13e1f,0,train,159,0,[MONEY] [NUMBER],,1,0,1,0,vipdata.vn
COM_2821,3/8/2026,4086555315241943,0,test,174,0,[MONEY] [NUMBER],,1,0,1,0,vipdata.vn
COM_2822,3/8/2026,7c653327d669d2a3,0,test,160,0,[MONEY] [NUMBER],,2,0,1,0,attp.vn
COM_2823,3/8/2026,305b9b135a271a3d,0,train,135,0,[MONEY] [NUMBER],,1,0,1,0,attp.vn
COM_2824,3/8/2026,2a60dca3f04aa693,0,train,173,0,[MONEY] [NUMBER],,2,0,1,0,attp.vn
COM_2825,3/8/2026,fd6c5f1d3cf4da04,0,train,165,0,[MONEY] [NUMBER],,0,0,0,0,
COM_2826,3/8/2026,1622a28ea193826c,0,test,153,0,[MONEY] [NUMBER],,1,0,1,0,hayxem.vn
COM_2827,3/8/2026,7a274125d2d365e2,0,train,154,0,[MONEY] [NUMBER],,1,0,1,0,hayxem.vn
COM_2828,3/8/2026,d88286c41f96dfb5,0,test,315,1,[NUMBER],,0,0,0,0,
COM_2829,3/8/2026,a7a88326f63ff70e,0,train,346,1,[MONEY] [NUMBER],,0,0,0,0,
COM_2830,3/8/2026,3ab206c34e3b9d20,0,train,195,0,[MONEY] [NUMBER],,1,0,0,0,
COM_2831,3/8/2026,7c4e6a21db50b251,0,train,202,0,[MONEY] [NUMBER],,1,0,1,0,vlixi.vn
COM_2832,3/8/2026,3930ef702d6d1ec6,0,train,164,0,[MONEY] [NUMBER],,0,0,0,0,
COM_2833,3/8/2026,46d905f1ce8c0378,0,test,148,0,[MONEY] [NUMBER],,1,0,1,0,giaitrivn.net
COM_2834,3/8/2026,92d691d92ab441af,0,test,156,0,[MONEY] [NUMBER],,1,0,1,0,giaitrivn.net
COM_2835,3/8/2026,d296653bcbdf28d4,0,train,161,0,[MONEY] [NUMBER],,2,0,1,0,ngay.tc
COM_2836,3/8/2026,58463adf69e62ab7,0,train,168,0,[MONEY] [NUMBER],,1,0,0,0,
COM_2837,3/8/2026,64411f337fcbcaf6,0,train,147,0,[MONEY] [NUMBER],,0,0,0,0,
COM_2838,3/8/2026,7161e9940d9e864c,0,train,131,0,[MONEY] [NUMBER],,0,0,0,0,
COM_2839,3/8/2026,fabbef79a41eb1c1,0,train,159,0,[MONEY] [NUMBER],,1,0,1,0,tintaichinh360.vn
COM_2840,3/8/2026,ea126b22c2721176,0,test,160,0,[MONEY] [NUMBER] [TIME],,0,0,0,0,
COM_2841,3/8/2026,3b2f42d857655625,0,train,171,0,[MONEY] [NUMBER],,2,0,0,0,
COM_2842,3/8/2026,56ce5ebc17589c26,0,test,164,0,[MONEY] [NUMBER],,1,0,0,0,
COM_2843,3/8/2026,96744fd7daf11f1a,0,train,211,0,[MONEY] [NUMBER],,0,0,0,0,
COM_2844,3/8/2026,252a3407ca881abf,0,train,171,0,[MONEY] [NUMBER],,0,0,0,0,
COM_2845,3/8/2026,f260417b21b59e90,0,train,64,1,,,0,0,0,0,
COM_2846,3/8/2026,8e6f1eab8de3bce4,0,train,282,0,[MONEY] [NUMBER],,0,0,0,0,
COM_2847,3/8/2026,51c3a83ceae9e5ec,0,train,312,0,[MONEY] [NUMBER],,0,0,0,0,
COM_2848,3/8/2026,d9150c373d4e9e9f,0,train,292,0,[MONEY] [NUMBER],,0,0,0,0,
COM_2849,3/8/2026,91c22dce38efa7d0,0,train,174,0,[MONEY] [NUMBER],,2,0,0,0,
COM_2850,3/8/2026,fa72ae00e5ac276b,0,train,229,0,[MONEY] [NUMBER],,1,0,1,0,learn4fun.vn
COM_2851,3/8/2026,1f130902b0d4b5cc,0,test,195,0,[MONEY] [NUMBER],,1,0,1,0,mwinpro.vn
COM_2852,3/8/2026,e628bc504b2b6814,0,train,19,0,[NUMBER],,0,0,0,0,
COM_2853,3/8/2026,de3b0806d1a3030e,0,train,21,0,[NUMBER],,0,0,0,0,
COM_2854,3/8/2026,9d46059ae0b22bfe,0,train,40,1,[NUMBER],,0,0,0,0,
COM_2855,3/8/2026,a32860319a2469b8,0,train,180,0,[MONEY] [NUMBER],,1,0,1,0,daiduongdsa.vn
COM_2856,3/8/2026,90046d12dcc9520c,0,test,150,0,[MONEY] [NUMBER],,1,0,1,0,itravels.vn
COM_2857,3/8/2026,72246fc238fb19db,0,train,161,0,[MONEY] [NUMBER],,1,0,1,0,itravels.vn
COM_2858,3/8/2026,9de98e1e0e2a0007,0,test,153,0,[MONEY] [NUMBER],,1,0,1,0,itravels.vn
COM_2859,3/8/2026,143b9605fab222f1,0,train,212,0,[MONEY] [NUMBER],,0,0,0,0,
COM_2860,3/8/2026,00df0a7811f7cecc,0,test,267,0,[MONEY] [NUMBER],,0,0,0,0,
COM_2861,3/8/2026,40d79fc52ce6ff72,0,train,176,0,[MONEY] [NUMBER],,0,0,0,0,
COM_2862,3/8/2026,a0e9fa98a16f77c0,0,train,169,0,[MONEY] [NUMBER],,1,0,1,0,vskill.vn
COM_2863,3/8/2026,27494e08ba4951b8,0,train,323,1,,,0,0,0,0,
COM_2864,3/8/2026,f24092aa953e96bf,0,test,607,1,,,3,0,3,1,onelink.to suckhoetoandan.vn tokhaiyte.vn
COM_2865,3/8/2026,6d1ca2babe7baee2,0,train,851,1,[MONEY] [NUMBER] [POINT],,2,0,2,0,ncovi.vn tokhaiyte.vn
COM_2866,3/8/2026,214d20a296374103,0,train,181,0,[MONEY] [NUMBER],,1,0,1,0,attp.vn
COM_2867,3/8/2026,fd95d23549345db9,0,train,386,1,,,0,0,0,0,
COM_2868,3/8/2026,00080c88736cf6e0,0,train,139,0,[MONEY] [NUMBER],,1,0,1,0,kho-clip.com
COM_2869,3/8/2026,d88286c41f96dfb5,0,test,315,1,[NUMBER],,0,0,0,0,
COM_2870,3/8/2026,7a17a7fdee9043f6,0,train,180,0,[MONEY] [NUMBER],,1,0,0,0,
COM_2871,3/8/2026,4dc5b7d441fdc16c,0,test,176,0,[MONEY] [NUMBER],,1,0,1,0,kenhgiaitrivn.net
COM_2872,3/8/2026,d0688e979cf0f1f1,0,train,281,0,[MONEY],,0,0,0,0,
COM_2873,3/8/2026,d1b35b56a834c745,0,test,229,0,[MONEY],,0,0,0,0,
COM_2874,3/8/2026,89719d07486a96be,0,test,325,0,[MONEY] [TIME],,0,0,0,0,
COM_2875,3/8/2026,db71fa032f3113a8,0,train,382,0,[MONEY],,0,0,0,0,
COM_2876,3/8/2026,2adfee6e3a9f3867,0,train,394,0,[MONEY],,1,0,1,0,vietnamobile.com.vn
COM_2877,3/8/2026,20a3f5eba93fa537,0,train,325,0,[MONEY],,0,0,0,0,
COM_2878,3/8/2026,22e6e25fde2a6093,0,train,181,0,[MONEY],,0,0,0,0,
COM_2879,3/8/2026,5cf4da023111bd18,0,train,119,0,[DATE] [MONEY] [TIME],,0,0,0,0,
COM_2880,3/8/2026,666f35f1c4d55b13,0,train,181,0,[MONEY],,0,0,0,0,
COM_2881,3/8/2026,537aa05c09a71a35,0,train,137,0,,,1,1,1,1,bit.ly
COM_2882,3/8/2026,e55596e0c9d4c5ce,0,test,209,0,,,0,0,0,0,
COM_2883,3/8/2026,32b4566aa04198a6,0,test,186,0,[NUMBER],,0,0,0,0,
COM_2884,3/8/2026,3a38ebd45e3833cd,0,train,223,0,[MONEY],,2,1,1,1,bit.ly
COM_2885,3/8/2026,406389c94ae61a0d,0,train,144,0,[DATE] [MONEY],,0,0,0,0,
COM_2886,3/8/2026,09b90013bf3fff6b,0,train,190,0,[DATE] [MONEY] [TIME],,0,0,0,0,
COM_2887,3/8/2026,e575bbaff94b3c65,0,test,247,0,[MONEY],,0,0,0,0,
COM_2888,3/8/2026,25cfce70e0822f2f,0,train,224,0,[MONEY],,0,0,0,0,
COM_2889,3/8/2026,cda79fc394d92130,0,train,156,1,[NUMBER],,0,0,0,0,
COM_2890,3/8/2026,7eac672c1ac6575c,0,train,256,0,[MONEY],,0,0,0,0,
COM_2891,3/8/2026,4b274c5deeadcf6d,0,train,155,0,[DATE] [MONEY] [TIME],,0,0,0,0,
COM_2892,3/8/2026,f251953639725cd8,0,train,110,1,[NUMBER],,0,0,0,0,
COM_2893,3/8/2026,2c37c9576b2d527e,0,train,505,0,[DATE] [MONEY] [TIME],,1,0,1,0,vietnamobile.com.vn
COM_2894,3/8/2026,f069da4ef5ac2c30,0,test,303,1,,,0,0,0,0,
COM_2895,3/8/2026,33a6b2ba17244fbb,0,test,214,1,,,0,0,0,0,
COM_2896,3/8/2026,1af2ca952b8b5909,0,train,76,0,,,0,0,0,0,
COM_2897,3/8/2026,4df5be5484ccfdac,0,test,33,0,[NUMBER],,0,0,0,0,
COM_2898,3/8/2026,32b18a425a5f8d4e,0,test,46,0,[NUMBER],,0,0,0,0,
COM_2899,3/8/2026,5dc28ea1b9cd7f2a,0,train,288,0,[MONEY] [NUMBER] [TIME],,0,0,0,0,
COM_2900,3/8/2026,3408e6d15e557679,0,train,199,1,[MONEY] [NUMBER],,0,0,0,0,
COM_2901,3/8/2026,df2ec44df53d66dd,0,train,239,1,[MONEY] [NUMBER],,0,0,0,0,
COM_2902,3/8/2026,2ac37df5bd91d064,0,train,243,0,[MONEY] [NUMBER] [TIME],,1,0,0,0,
COM_2903,3/8/2026,2ac37df5bd91d064,0,train,243,0,[MONEY] [NUMBER] [TIME],,1,0,0,0,
COM_2904,3/8/2026,2d1f1bdc7dae9a7a,0,train,327,0,[MONEY] [NUMBER],,1,0,1,0,tddn.vn
COM_2905,3/8/2026,bfd8f892a171a32a,0,train,38,1,,,0,0,0,0,
COM_2906,3/8/2026,594d19066180b5f6,0,train,432,0,[MONEY] [NUMBER],,0,0,0,0,
COM_2907,3/8/2026,3df061030c437264,0,train,329,0,[MONEY],,0,0,0,0,
COM_2908,3/8/2026,163c1c09593f9d95,0,train,273,0,[NUMBER],,1,0,1,0,vietnamobile.com.vn
COM_2909,3/8/2026,ca1edd155265c631,0,train,241,0,[NUMBER],,1,0,1,0,vietnamobile.com.vn
COM_2910,3/8/2026,4378aa4a4d231c86,0,train,224,0,[NUMBER],,1,0,1,0,vietnamobile.com.vn
COM_2911,3/8/2026,5aae6ffddacffb2a,0,test,232,0,[MONEY],,1,0,1,0,vietnamobile.com.vn
COM_2912,3/8/2026,063ce3ac388d4f58,0,test,88,0,,,0,0,0,0,
COM_2913,3/8/2026,4416a1b429a2906e,0,train,208,0,,,0,0,0,0,
COM_2914,3/8/2026,2756da10eeebdf9f,0,train,224,0,,,0,0,0,0,
COM_2915,3/8/2026,3ca3d3ade1d1b58b,0,train,109,0,[TIME],,0,0,0,0,
COM_2916,3/8/2026,7f60d9e65aa9dffa,0,train,178,0,[NUMBER],,0,0,0,0,
COM_2917,3/8/2026,9054b619ce39708c,0,train,140,0,[NUMBER],,0,0,0,0,
COM_2918,3/8/2026,c81ea08c7c8a1443,0,train,40,1,[NUMBER],,0,0,0,0,
COM_2919,3/8/2026,f12a07f40365ef85,0,train,179,0,[MONEY] [NUMBER],,0,0,0,0,
COM_2920,3/8/2026,5600743e0b2140fd,0,train,322,1,,,1,0,1,0,facebook.com
COM_2921,3/8/2026,e25d74b119463d5a,0,train,115,1,,,0,0,0,0,
COM_2922,3/8/2026,9c40a354acf6640c,0,train,35,1,[NUMBER],,0,0,0,0,
COM_2923,3/8/2026,15f11083249ea7a7,0,test,232,0,[MONEY] [NUMBER],,1,0,0,0,
COM_2924,3/8/2026,409187ba75dc93aa,0,test,143,0,,,0,0,0,0,
COM_2925,3/8/2026,c70bd64bbb65de9b,0,test,161,0,[MONEY],,0,0,0,0,
COM_2926,3/8/2026,273e36cbc876fef9,0,train,189,0,[NUMBER],,0,0,0,0,
COM_2927,3/8/2026,fa2dd5f8792671d9,0,train,493,0,[MONEY] [NUMBER],,0,0,0,0,
COM_2928,3/8/2026,2c6b598b9e90ef45,0,train,93,0,,,0,0,0,0,
COM_2929,3/8/2026,25b5a681391fe216,0,test,85,0,,,1,0,1,1,onelink.me
COM_2930,3/8/2026,c7e6b7190ca29e39,0,train,90,0,[NUMBER] [TIME],,0,0,0,0,
COM_2931,3/8/2026,7e61727a82752bed,0,train,327,0,[MONEY] [NUMBER] [TIME],,0,0,0,0,
COM_2932,3/8/2026,0297562e08faccee,0,train,302,0,[MONEY] [NUMBER] [TIME],,0,0,0,0,
COM_2933,3/8/2026,9662234b0126b10a,0,test,93,1,[NUMBER] [TIME],,0,0,0,0,
COM_2934,3/8/2026,468e9f4a50087999,0,train,263,0,[MONEY] [NAME] [NUMBER],,0,0,0,0,
COM_2935,3/8/2026,438a912eea4cfb96,0,train,145,0,[NAME] [NUMBER],,1,0,1,0,dhht.vn
COM_2936,3/8/2026,5762e10130cba110,0,train,157,0,[POINT],,1,0,1,1,id.vin
COM_2937,3/8/2026,b0248b85aa4266a0,0,test,134,0,[MONEY] [NUMBER] [POINT],,0,0,0,0,
COM_2938,3/8/2026,1aca3fa7953847fa,0,train,85,0,,,0,0,0,0,
COM_2939,3/8/2026,ae38d523447eec8f,0,test,290,0,[DATE] [MONEY] [TIME],,0,0,0,0,
COM_2940,3/8/2026,5b49ed50c61c9ff1,0,train,204,1,,,1,0,0,0,
COM_2941,3/8/2026,dbfff61b957457be,0,test,156,1,,,1,0,0,0,
COM_2942,3/8/2026,7447bbf6b9947a2f,0,train,187,0,[MONEY] [NUMBER],,0,0,0,0,
COM_2943,3/8/2026,f045e71fbb6a7b10,0,test,191,0,,,2,0,2,0,giaitri24h.com.vn mobifone.vn
COM_2944,3/8/2026,fd8c3825c3742f9a,0,train,219,0,,,2,0,2,0,giaitri24h.com.vn mobifone.vn
COM_2945,3/8/2026,8d151407fcb4ae39,0,train,204,0,,,2,0,2,0,giaitri24h.com.vn mobifone.vn
COM_2946,3/8/2026,7ef1b378e6a4b265,0,train,225,0,,,2,0,2,0,giaitri24h.com.vn mobifone.vn
COM_2947,3/8/2026,43554168c005294c,0,train,242,0,[DATE] [NUMBER] [TIME],,0,0,0,0,
COM_2948,3/8/2026,2698d42ddce3cb4e,0,train,151,0,[NUMBER],,0,0,0,0,
COM_2949,3/8/2026,f7510be4f86214c5,0,test,280,1,[MONEY] [NUMBER],,1,0,1,0,myfoto.vn
COM_2950,3/8/2026,74e1fd5ab0e30db0,0,test,105,1,[MONEY],,0,0,0,0,
COM_2951,3/8/2026,92e004e05be9bb6b,0,train,321,1,[MONEY] [NUMBER],,1,0,1,0,myfoto.vn
COM_2952,3/8/2026,b235c608bd7e6a51,0,train,88,0,[NUMBER],,0,0,0,0,
COM_2953,3/8/2026,188de1c6672b246f,0,test,98,0,[NAME],,1,0,1,0,coccoc.com
COM_2954,3/8/2026,1a7a645d91dce168,0,test,326,1,[DATE] [MONEY] [NUMBER],,2,0,2,0,mbf.vn mobifone.vn
COM_2955,3/8/2026,c0eac527cb496bfc,0,train,234,0,[MONEY] [NUMBER],,0,0,0,0,
COM_2956,3/8/2026,b09838c51a56a507,0,train,171,0,[MONEY] [NUMBER] [TIME],,1,0,0,0,
COM_2957,3/8/2026,90a6bf4dc059c1b1,0,train,136,0,[DATE] [NUMBER] [TIME],,0,0,0,0,
COM_2958,3/8/2026,585172b4d4dfe114,0,train,225,1,,,0,0,0,0,
COM_2959,3/8/2026,0587f7872c79689f,0,train,350,1,[MONEY] [NUMBER],,1,0,1,0,vnpt.com.vn
COM_2960,3/8/2026,a0c1f238ca0c334d,0,train,144,0,[MONEY] [NAME] [TIME],,0,0,0,0,
COM_2961,3/8/2026,b05ea50777c03790,0,train,128,0,[MONEY] [NUMBER],,1,0,1,0,vietteltelecom.vn
COM_2962,3/8/2026,019317f4e4742c18,0,train,380,1,[DATE] [MONEY] [NUMBER],,1,0,1,0,vnpt.com.vn
COM_2963,3/8/2026,b82115b617f281bf,0,train,379,0,[MONEY] [NUMBER],,0,0,0,0,
COM_2964,3/8/2026,f37e32fab74bc9c4,0,train,192,0,[DATE] [MONEY] [NUMBER],,0,0,0,0,
COM_2965,3/8/2026,9d5db2390e0bc4e8,0,test,195,1,[NUMBER],,0,0,0,0,
COM_2966,3/8/2026,a4126e257d28fb25,0,train,259,1,[DATE] [NUMBER],,0,0,0,0,
COM_2967,3/8/2026,f0f1824c2f47c19f,0,train,363,0,[NUMBER],,1,0,1,0,viettel.vn
COM_2968,3/8/2026,b423957fb6684570,0,train,294,0,[NUMBER],,1,0,1,0,vnpt.com.vn
COM_2969,3/8/2026,f464bb71265c6a2e,0,train,257,1,,,0,0,0,0,
COM_2970,3/8/2026,3fdc60bb6ac6e753,0,train,298,1,[TB],,1,0,1,0,vtscloud.vn
COM_2971,3/8/2026,6a480557630bb0bc,0,test,240,1,[NUMBER] [TB],,0,0,0,0,
COM_2972,3/8/2026,7aa42f88be71759a,0,train,144,0,[NUMBER],,1,0,1,0,khaosat1913.com
COM_2973,3/8/2026,2bb1941e4f6cbbc8,0,train,137,0,[NAME],,1,0,1,0,be.com.vn
COM_2974,3/8/2026,a834410afa9a0e56,0,train,105,0,,,0,0,0,0,
COM_2975,3/8/2026,2986acf3a0c792ac,0,train,153,1,,,0,0,0,0,
COM_2976,3/8/2026,657e4f0dc67aefcf,0,test,227,1,[NUMBER] [TB],,0,0,0,0,
COM_2977,3/8/2026,740829401259e746,0,train,163,0,[DATE] [MONEY] [NUMBER] [TIME],,0,0,0,0,
COM_2978,3/8/2026,8b49e32a152f5630,0,train,162,1,[TB],,0,0,0,0,
COM_2979,3/8/2026,b868512a83e20411,0,train,247,1,[DATE] [NUMBER],,1,0,1,0,vietrade.gov.vn
COM_2980,3/8/2026,632180efb6cd5495,0,train,94,0,[NUMBER] [TIME],,0,0,0,0,
COM_2981,3/8/2026,c8e72bfffebfc1d0,0,train,208,0,[NUMBER],,0,0,0,0,
COM_2982,,ee1e1300ac3ee4f0,0,train,141,0,[MONEY],,1,0,1,0,bachhoaxanh.com
COM_2983,,eb546bb5ba5daf54,0,train,133,0,[MONEY] [NUMBER] [TIME],,1,0,1,0,g8858.com
COM_2984,,52155d0e5ee4f44d,0,train,125,0,[NUMBER],,1,0,1,0,fg68888.com
COM_2985,,f8cb95c93ddc0c10,0,train,183,1,[POINT],,1,0,1,0,techcombank.shop
COM_2986,,17ac5f234dd71326,0,train,297,1,[MONEY] [NUMBER] [TB],,1,0,1,0,tammi.vn
COM_2987,,fce809d03a53eb09,0,train,265,1,[NUMBER] [TB],,1,0,1,0,viettel.vn
COM_2988,,138839fa92a03e49,0,train,268,0,[KHAOSAT],,0,0,0,0,
COM_2989,,077ee6ee583a25a7,0,train,337,0,[DATE] [MONEY] [NUMBER] [TIME],,0,0,0,0,
COM_2990,,94d94e8d84d0b2e5,0,train,97,1,[NUMBER],email,1,0,1,0,ezviz.com
COM_2991,,5c9731fbfd170e50,0,train,163,0,[MONEY] [NUMBER],,0,0,0,0,
COM_2992,,e0c4348da472c827,0,train,305,1,[MONEY] [NUMBER],,0,0,0,0,
COM_2993,,281654922f53f274,0,test,359,1,[TB],,2,2,2,2,tinyurl.com
COM_2994,,f71a0dcfabd77fc8,0,train,285,1,[NUMBER],,0,0,0,0,
COM_2995,,ce2dec9032540a3b,0,train,121,0,,,1,1,1,1,bit.ly
COM_001,28/05/2026,492045ee8ff74709,1,train,179,0,,,1,0,1,0,vn-gll.top
COM_002,28/05/2026,3e9e798edf0ddafd,1,train,164,0,[NUMBER],,4,0,4,0,dich.video khac.do tnews.to tri.co
COM_003,28/05/2026,ec3841184a065043,1,train,165,0,,,1,0,1,0,i-pay.vip
COM_004,28/05/2026,26f5696cb36baa68,1,test,199,1,,,1,0,1,0,vietinbamk.com
COM_005,28/05/2026,e9e8f70c30dc6ffb,1,test,179,0,,,1,0,1,0,vietcombank.vn
COM_006,28/05/2026,048fcbd8d80243c2,1,train,182,1,[POINT],,1,0,1,0,huy-the-visa-vn.com
COM_008,28/05/2026,d88b053852d2f24b,1,train,154,0,[MONEY],,1,0,1,0,vn-zy.top
COM_009,28/05/2026,55f6652eb5200ab8,1,test,179,0,,,1,0,1,0,vn-mtt.top
COM_010,28/05/2026,4c35e941baa5db14,1,train,180,0,,,1,0,1,0,techcombank.vn
COM_011,28/05/2026,fc407e49496faec3,1,train,195,0,,,1,0,1,0,vn-nng.top
COM_012,28/05/2026,12c27ceb107d80ca,1,test,193,0,[MONEY] [TIME],,1,0,1,0,vn-hb.life
COM_013,28/05/2026,e477ecb8b1921117,1,test,127,0,[MONEY],,1,0,1,0,kejda.me
COM_014,28/05/2026,cb3e4118b5686233,1,test,179,0,,,1,0,1,0,vn-utt.xyz
COM_015,28/05/2026,4f7399306c9423fd,1,test,118,0,[MONEY],,1,0,1,0,lozuf.me
COM_016,28/05/2026,97b4f56bafc63a9e,1,train,135,0,,,1,0,1,0,bidv.cc
COM_017,28/05/2026,4159761672cc060a,1,train,159,0,,,1,0,1,1,lzd.co
COM_018,28/05/2026,15621b9fc92c93be,1,train,142,0,,,1,0,1,0,i-sacombank.com
COM_019,28/05/2026,c8a2a0f99116c12c,1,train,133,0,[TIME],,1,0,1,0,icloud.co
COM_020,28/05/2026,95e345abf76b8c70,1,train,161,0,[MONEY],,2,0,2,0,llc.top vietcombank.vn
COM_021,28/05/2026,535265f8c3550d8f,1,train,154,0,[MONEY],,1,0,1,0,vn-sp.top
COM_022,28/05/2026,fa29ba1b752b144a,1,train,136,0,,,1,0,1,0,bidvsmat.com
TE_023,28/05/2026,655a71c013bc977a,1,train,135,0,[POINT],,1,0,1,0,priority.com
TE_024,28/05/2026,b83d094bde0f01d9,1,test,99,0,[POINT],,1,0,1,0,vietcompriority.com
TE_025,28/05/2026,08ccac7b11191f47,1,train,147,0,[NUMBER],,1,0,1,0,vietcomi.com
TE_026,28/05/2026,805d45400c28b383,1,train,56,0,,,1,0,1,0,dchvb.tech
TE_028,28/05/2026,b30cd7e3bb31b57f,1,train,404,1,[MONEY] [NAME] [TIME],,1,0,1,0,xpl.asia
TE_029,28/05/2026,135f61f0872ebb6a,1,train,129,1,[TIME],,1,0,1,1,t.ly
TE_031,28/05/2026,1526d68aef888640,1,train,112,0,[MONEY],,1,0,1,0,mm99.band
TE_032,28/05/2026,93b1b67819fcd7b2,1,train,48,1,,,1,0,1,0,dichvucong-vn.com
TE_033,28/05/2026,c7b2dcddb559801e,1,train,117,0,[MONEY],,1,0,1,0,lozuf.me
TE_034,28/05/2026,64227ecdecfb8ed7,1,train,329,1,,,1,0,1,0,senid.vn
TE_035,28/05/2026,cbc67ed4311692b9,1,train,148,0,[POINT],,1,0,1,0,vn-priority-tech.com
TE_037,28/05/2026,95898823d7d1573d,1,train,70,1,[TIME],,1,0,1,0,whastxpp.vip
TE_038,28/05/2026,2491040b1620a27a,1,train,114,0,,,1,0,1,0,vndichvucong-gov.com
TE_039,28/05/2026,0338af9c327a241d,1,train,173,0,[NUMBER],,1,0,1,0,khaosat1913.com
TE_040,28/05/2026,1cda100d20ff4f4b,1,train,143,0,[POINT],,1,0,1,0,vcb-doi-thuong.com
TE_041,28/05/2026,fa44ba37ae878e5c,1,train,160,0,,,1,0,1,0,dichvucongvn.com
TE_042,28/05/2026,49e19e27d9d38658,1,train,133,0,[NUMBER],,0,0,0,0,
TE_043,28/05/2026,9b23cf348052fb36,1,train,89,0,,,1,0,1,0,v-c-b-priority.com
TE_044,28/05/2026,54c6d26909cfb4bd,1,train,113,0,[MONEY],,1,0,1,0,rekcpg.com
TE_046,28/05/2026,535770ecd988f739,1,train,160,1,[TIME],,1,0,1,0,imad-tg.com
TE_047,28/05/2026,e6714c74f4930c8a,1,train,128,0,,,1,1,1,1,bit.ly
TE_048,28/05/2026,0de7dab580c6fb09,1,train,110,0,[POINT],,1,0,1,0,vnptdiem.com
TE_049,28/05/2026,f330f3c3aa2411f4,1,test,113,0,,,1,0,1,0,govvn-dichvucong.com
NEW_050,4/6/2026,f5007ed36d026b02,1,test,192,0,[MONEY] [TIME],,1,0,1,0,vnipay.top
NEW_051,4/6/2026,e9a64aa7e62146c4,1,test,138,0,,,1,0,1,0,vniatinbanks.cc
NEW_052,4/6/2026,d5bf5e8307ad4ee5,1,train,119,0,,,1,0,1,0,bidv.xyz
NEW_053,4/6/2026,e1b06bd926f83e7d,1,train,323,0,[MONEY] [NAME] [NUMBER],,3,0,2,0,15.xin login-online.com.vn
NEW_054,4/6/2026,f3c09f8a7b6ef4a5,1,train,125,1,,,1,0,1,0,opaxa.icu
NEW_055,4/6/2026,fb6a256c412f8a45,1,train,266,1,,,1,0,1,0,dichvucongg.top
NEW_056,4/6/2026,c23877c9808fba15,1,train,179,1,,,1,0,1,0,bank.vip
NEW_057,4/6/2026,aa5b984250f8bc25,1,train,194,0,,,1,0,1,0,vn-ms.top
NEW_058,4/6/2026,275c6baee8a4c677,1,train,122,0,,,1,0,1,0,sub.com
NEW_059,4/6/2026,e8027b9f7ae0228e,1,test,285,0,[MONEY] [NAME] [NUMBER],,1,0,1,0,vtp.vn
NEW_060,4/6/2026,fcf58659c9b40b95,1,train,151,1,,,0,0,0,0,
NEW_061,4/6/2026,6d5fa31201f4f53b,1,train,155,1,,,1,0,1,0,dichvucongs.top
NEW_062,4/6/2026,3645c98027b16330,1,test,66,0,,,2,0,1,0,dichvucong.vip
NEW_063,4/6/2026,9d258a703e6a9685,1,train,53,0,,,1,0,1,0,dichvucon.cc
NEW_064,,327609c5f8d75211,1,test,134,0,,,1,0,1,0,wtudl.icu
COM_065,11/6/2026,3786b24dbace6e47,1,train,180,0,[MONEY] [NUMBER],,1,0,1,0,expertinvisalign.online
COM_066,18/06/2026,6fab9c062218794f,1,train,155,0,[MONEY] [NUMBER],,0,0,0,0,
COM_067,18/06/2026,32e30ecfe99f9bba,1,train,144,0,[MONEY] [NUMBER],,0,0,0,0,
COM_068,18/06/2026,84ed392bee92352f,1,train,151,0,[MONEY],,1,0,1,1,ln.run
COM_069,18/06/2026,62ee5c99dc044744,1,train,158,0,,,1,0,1,0,bamczalo.me
COM_070,18/06/2026,35310f0ab7eeb07c,1,train,104,1,,,1,0,1,0,gomapple.com
COM_071,18/06/2026,85c9193a6a7b9f2c,1,train,97,1,,,1,0,1,0,0kgoogle.com
COM_072,18/06/2026,826f6e949ce981f9,1,test,134,0,[MONEY],,1,0,1,0,868qbet.com
COM_073,18/06/2026,ba27acc01984813b,1,train,94,1,,,1,0,1,0,atuapple.com
COM_074,18/06/2026,906586541f78cea4,1,train,105,0,[MONEY],,1,0,1,0,79codethantai.biz
COM_075,18/06/2026,5259eecb4604c78f,1,train,70,0,,,1,0,1,0,saqew.link
COM_076,18/06/2026,3a4743c48bf21dbe,1,train,61,0,,,1,0,1,0,lc79.sh
COM_077,18/06/2026,e0adfb4ff04fe1c4,1,train,61,0,,,1,0,1,0,oerapple.com
COM_078,18/06/2026,787e102326f1dd7f,1,train,42,1,,,1,0,1,0,ua49.com
COM_079,18/06/2026,06ff87a8109ea870,1,train,424,1,[MONEY] [NUMBER],,1,1,1,0,zalo.me
COM_080,18/06/2026,4908ff7eeacdbcf8,1,train,422,1,[MONEY] [NUMBER],,1,1,1,0,zalo.me
COM_081,18/06/2026,4f18bb18cd30ce6f,1,test,316,1,[MONEY] [NUMBER],,1,1,1,0,zalo.me
COM_082,18/06/2026,5a80305392040408,1,test,257,1,[MONEY] [NUMBER],,1,1,1,0,zalo.me
COM_083,18/06/2026,aaf47e71cf805772,1,test,177,1,[NUMBER],,1,0,1,0,c.li
COM_084,18/06/2026,c4e7d63951a93aff,1,train,183,1,[MONEY] [NUMBER],,1,1,1,0,zalo.me
COM_258,23/06/2026,385ce387ba8fd38f,1,train,94,0,,,0,0,0,0,
COM_386,29/06/2026,d4ba3a8eff0b6ee4,1,train,113,0,,,1,0,1,0,c.de
COM_450,5/7/2026,f1bc059c9a4831f5,1,train,98,0,,,2,0,1,0,ma-en.bid
COM_452,5/7/2026,8aacefba4a4c7874,1,train,87,0,,,1,0,1,0,ciaso.bid
COM_460,5/7/2026,1a7fcd54098d9c68,1,train,112,0,,,1,0,1,0,fkpxv.bid
COM_469,5/7/2026,915342fb2945479d,1,train,132,0,[NUMBER],,0,0,0,0,
COM_470,5/7/2026,a559a2cbf75768f9,1,train,75,0,,,0,0,0,0,
COM_491,5/7/2026,f9e06d52656a4458,1,train,88,0,,,1,0,1,0,btckd.bid
COM_492,5/7/2026,85556e70218cbdf8,1,train,78,0,,,0,0,0,0,
COM_502,5/7/2026,3a6e331791ba5e80,1,test,80,0,,,0,0,0,0,
COM_506,5/7/2026,6546ee8d827867e6,1,train,58,0,,,1,0,1,0,lqbiyw.de
COM_508,5/7/2026,5f514364c17cb9e8,1,train,63,0,,,1,0,1,0,zklgik.de
COM_518,5/7/2026,f7549260cc23a7a4,1,train,63,0,,,1,0,1,0,scfucs.de
COM_520,5/7/2026,29fc08fd0441f57f,1,train,59,0,,,1,0,1,0,xatykx.de
COM_539,5/7/2026,ada4e0055b74cf66,1,train,83,1,,,1,0,1,0,grvzu.online
COM_540,5/7/2026,7e1b44346d9a139b,1,train,70,0,,,1,0,1,0,vwemqh.online
COM_557,5/7/2026,4f640f2f3aa201c8,1,test,68,1,,,1,0,1,0,acu7-rd.de
COM_559,5/7/2026,1f131929089f883c,1,train,86,1,,,1,0,1,0,wqg3-rd.de
COM_570,5/7/2026,860b65b42a793522,1,train,68,1,,,1,0,1,0,ots-d.de
COM_593,5/7/2026,7a47f3af2d0eedca,1,train,79,1,,,1,0,1,0,z8od-rd.de
COM_596,5/7/2026,cade877d63cf39e4,1,train,69,1,,,1,0,1,0,fvr3-rd.de
COM_597,5/7/2026,5245b496ea364f9c,1,train,77,1,,,1,0,1,0,yj7x-rd.de
COM_602,5/7/2026,8c0cdf75ef9b19c9,1,train,85,1,,,1,0,1,0,u2xi-rd.de
COM_641,5/7/2026,2f559ef573b41ca0,1,train,76,1,,,1,0,1,0,twyx-it7n.de
COM_643,5/7/2026,a34d4b4c97d0be2b,1,train,67,1,,,1,0,1,0,cuod-nj7n.de
COM_654,5/7/2026,662803c6d2f41196,1,train,77,1,,,1,0,0,0,
COM_658,5/7/2026,aa21296a0f22a1f1,1,test,77,1,,,1,0,1,0,anr5kq.bid
COM_664,5/7/2026,fdb58e32457b4005,1,train,81,1,,,1,0,1,0,anr6zq.bid
COM_691,5/7/2026,0afd84e78b1c3ae2,1,train,88,1,,,1,0,1,0,anhcq.me
COM_706,5/7/2026,3f2ea594db3c686b,1,test,73,1,,,1,0,1,0,anqzu.me
COM_708,5/7/2026,09c8dad109e53fbb,1,train,62,1,,,1,0,1,0,kx5n.me
COM_716,5/7/2026,7a029a557a6ea5fe,1,train,59,1,,,1,0,1,0,nfiw0t.me
COM_726,5/7/2026,9c22a37590ef5844,1,train,70,1,,,1,0,1,0,tpae.online
COM_727,5/7/2026,ffa501a5bc76cc1b,1,train,71,1,,,1,0,1,0,tpqw9c.cc
COM_731,5/7/2026,b5e491dc3301f5bf,1,train,71,1,,,1,0,1,0,tpqr2c.cc
COM_735,5/7/2026,d16338b1d9be6164,1,test,61,1,,,1,0,1,0,tpzse.cc
COM_738,5/7/2026,ccff9295f0216733,1,train,90,1,,,1,0,1,0,tpgrd.cc
COM_740,5/7/2026,da85651abc4bc929,1,train,77,1,,,1,0,1,0,tphrd.cc
COM_742,5/7/2026,ab32f855111fec35,1,train,72,1,,,1,0,1,0,tpqaz.de
COM_743,5/7/2026,fd06293ef4bc83d8,1,train,64,1,,,1,0,1,0,bdilm.cc
COM_744,5/7/2026,6237d4bc755a5a27,1,train,66,1,,,1,0,1,0,bdukm.cc
COM_746,5/7/2026,5d256f4fa531e094,1,test,66,1,,,1,0,1,0,bdtxj.me
COM_747,5/7/2026,095a0c93afc27215,1,train,72,1,,,1,0,1,0,bdlkj.me
COM_749,5/7/2026,792142a0439b9e33,1,train,83,1,,,1,0,1,0,ddqw4c.me
COM_753,5/7/2026,1ad712147f05f0a8,1,train,92,1,,,1,0,1,0,ddutcj.me
COM_754,5/7/2026,877d07c7a0b20a3a,1,train,89,1,,,1,0,1,0,ddhac.de
COM_761,5/7/2026,981177771f854d0e,1,train,64,1,,,1,0,1,0,mcygz.me
COM_792,5/7/2026,2131ee6225e9f29b,1,train,133,0,,,2,1,2,0,thsume.de zalo.me
COM_800,5/7/2026,b38b9a7ee045abc3,1,train,76,0,,,2,1,2,0,dmfv.tech zalo.me
COM_816,5/7/2026,76a76e917192c33a,1,train,105,0,,,2,1,2,0,buoh.tech zalo.me
COM_820,5/7/2026,0014340a02802520,1,train,160,0,[NUMBER],,1,1,1,0,zalo.me
COM_825,5/7/2026,8a1f5f167b7e55aa,1,train,89,0,,,2,1,2,0,vmbj.bid zalo.me
COM_848,5/7/2026,2bbf5b18d2cb7f72,1,train,56,0,,,1,0,1,0,wvbidv.link
COM_859,5/7/2026,b334252b3c6a1583,1,test,86,0,,,2,1,2,1,dhka.tech goo.gl
COM_860,5/7/2026,db776bdb265b47ae,1,train,50,0,,,1,0,1,0,trc2br2.me
COM_867,5/7/2026,25d7e365c6acc675,1,train,69,0,,,2,1,2,0,bdhxm.de zalo.me
COM_875,5/7/2026,bdb0e8f879393307,1,test,74,1,,,2,0,1,0,yqszalo.me
COM_883,5/7/2026,ef829bc30eb69a1f,1,train,108,1,,,1,0,1,0,njzalo.me
COM_890,5/7/2026,eadebe0044260d3a,1,train,100,1,,,1,0,1,0,djzalo.me
COM_900,5/7/2026,3413bbc7a63a59b2,1,test,92,1,,,1,0,1,0,jwzalo.me
COM_901,5/7/2026,b63744363a99efe9,1,train,99,1,,,1,0,1,0,xwzalo.me
COM_914,5/7/2026,59d42abbd029b01d,1,train,93,1,,,1,0,1,0,zoomzalo.me
COM_917,5/7/2026,e9f866e5611ec9e4,1,train,64,0,,,1,0,1,0,qpzalo.me
COM_962,6/7/2026,a7492135aa019028,1,train,67,0,,,1,0,1,0,lxzalo.me
COM_973,6/7/2026,8d6eac47ba624336,1,train,76,0,,,1,0,1,0,rmzalo.me
COM_1001,10/7/2026,8d86958e98fc4ff8,1,train,66,0,,,1,0,1,0,uszalo.me
COM_1006,10/7/2026,d9764cf229e6f5e3,1,train,26,0,,,1,0,1,0,axzalo.me
COM_1013,10/7/2026,87a3f03f438cca04,1,train,131,0,,,1,0,1,0,yxcv.link
COM_1024,10/7/2026,530c3d31648ea2ce,1,train,106,1,,,1,0,1,0,samzalo.me
COM_1032,10/7/2026,54310954c428d4ad,1,test,61,0,,,1,0,1,0,kczalo.me
COM_1034,10/7/2026,2ce70c1ef868cb82,1,train,66,0,,,1,0,1,0,vzzalo.me
COM_1057,10/7/2026,54fb2935f65447eb,1,train,106,0,,,2,0,1,0,cndgz.link
COM_1063,10/7/2026,c26f52b999829fb9,1,test,60,0,,,0,0,0,0,
COM_1070,10/7/2026,836f7e2ec04d60ed,1,train,60,0,,,1,0,1,0,ltzalo.me
COM_1084,10/7/2026,d0e84b93f3a99ab7,1,train,95,0,,,1,0,1,0,wnyl.bid
COM_1094,10/7/2026,54fe8cc03f3abecd,1,test,83,0,[TIME],,1,0,1,0,fgbtr.online
COM_1134,12/7/2026,8585a0ab1da3827e,1,train,65,0,,,1,0,1,0,cnrapple.com
COM_1154,12/7/2026,3d748a5bbf2bb68f,1,train,64,0,,,1,0,1,0,birapple.com
COM_1176,12/7/2026,4d6d439f33c751c6,1,train,65,0,,,1,0,1,0,xoapple.com
COM_1178,12/7/2026,e5344003423ff71e,1,train,66,0,,,1,0,1,0,xoapple.com
COM_1195,12/7/2026,e475eead77b3a20c,1,train,65,0,,,1,0,1,0,kjew.bid
COM_1200,12/7/2026,c4aa78f57b7c6b90,1,train,117,0,,,1,0,1,0,nferw.de
COM_1209,12/7/2026,de2f6cc5c2899675,1,train,119,0,[MONEY],,1,1,1,1,bit.ly
COM_1212,12/7/2026,d43b93748607e223,1,train,118,0,[MONEY],,1,0,1,0,pk7989.com
COM_1245,12/7/2026,68523607c359a754,1,test,87,0,[MONEY],,1,0,1,0,nohucode50k.club
COM_1257,18/07/2026,0ed6c11294b5421c,1,train,61,0,,,1,0,1,0,byrapple.com
COM_1276,18/07/2026,4dacfb80ef5ebcc1,1,train,63,0,,,1,0,1,0,obrapple.com
COM_1278,18/07/2026,4219c5497e4139c0,1,train,63,0,,,1,0,1,0,pyapple.com
COM_1324,18/07/2026,017e947b876af107,1,train,64,0,,,1,0,1,0,wcapple.com
COM_1326,18/07/2026,a6a2080598919fde,1,train,217,1,[NAME] [NUMBER],,0,0,0,0,
COM_1334,18/07/2026,585eb62460cdf0e6,1,train,281,0,[NAME] [NUMBER],,0,0,0,0,
COM_1341,18/07/2026,f0679c6ef347de78,1,train,65,0,,,1,0,1,0,mqobidv.com
COM_1355,18/07/2026,73e07f05c77bae2f,1,train,65,0,,,1,0,1,0,orbidv.com
COM_1371,18/07/2026,8f5e241c63deff73,1,train,61,0,,,1,0,1,0,debidv.com
COM_1373,18/07/2026,ba93ef5d87448b6b,1,train,63,0,,,1,0,1,0,debidv.com
COM_1377,18/07/2026,53e2cf8474a63c9d,1,test,61,0,,,1,0,1,0,debidv.com
COM_1380,18/07/2026,237edc2cd9b85e2d,1,test,67,0,,,1,0,1,0,ncbidv.com
COM_1381,18/07/2026,24dc9818cef10a21,1,train,63,0,,,1,0,1,0,acbidv.com
COM_1389,18/07/2026,a5415d1807196f61,1,train,71,0,,,1,0,1,0,ucbidv.com
COM_1390,18/07/2026,86523ba89c09cb57,1,train,56,0,,,1,0,1,0,ucbidv.com
COM_1391,18/07/2026,459c94743dc7159d,1,train,60,0,,,1,0,1,0,fubidv.com
COM_1392,18/07/2026,d29395d3b25ba7fb,1,train,57,0,,,1,0,1,0,axbidv.com
COM_1398,18/07/2026,6946c1e2053c04ad,1,train,63,0,,,1,0,1,0,ucbidv.com
COM_1403,18/07/2026,b475cb3db685e553,1,train,60,0,,,1,0,1,0,bidvoa.com
COM_1407,18/07/2026,95d1ea88bb3ae3a2,1,test,316,0,[NAME] [NUMBER],,0,0,0,0,
COM_1411,18/07/2026,5e93f7f4375d09e7,1,train,104,0,[MONEY],,1,0,1,0,invip.run
COM_1412,18/07/2026,c9cf6e0b5874bf33,1,train,62,0,,,1,0,1,0,bidvjr.com
COM_1414,18/07/2026,bf8b24aed200b7cd,1,train,114,1,[MONEY] [NUMBER] [TIME],,0,0,0,0,
COM_1439,18/07/2026,2cb72e5291442475,1,test,58,0,,,1,0,1,0,bidvxz.com
COM_1441,18/07/2026,17b28060ceb63b32,1,train,64,0,,,1,0,1,0,bidvit.com
COM_1456,21/07/2026,d56e2491d03fa401,1,train,167,1,[MONEY] [NUMBER],,1,0,1,0,e9zo.com
COM_1457,21/07/2026,1e325ab465d5698e,1,train,58,1,[MONEY],,1,0,1,0,gamevip05.vip
COM_1458,21/07/2026,536a7cf99a1b6acb,1,train,183,1,,,1,0,1,0,momo-live.vip
COM_1459,21/07/2026,bad51b78d79e4c39,1,train,136,0,[MONEY],,1,0,1,0,kiemtien.vin
COM_1460,21/07/2026,949a1b830e534e5f,1,train,128,1,[MONEY] [NUMBER],,0,0,0,0,
COM_1461,21/07/2026,2828241243d74ad8,1,train,129,0,,,2,0,1,0,athd.cc
COM_1462,21/07/2026,425803f2bb80e971,1,train,117,0,[MONEY],,1,0,1,0,giftpro1.com
COM_1463,21/07/2026,9c0ca1d77422de52,1,train,142,0,[MONEY],,1,0,1,0,freekm.me
COM_1464,21/07/2026,efed4628cdecffe1,1,train,118,1,,,0,0,0,0,
COM_1465,21/07/2026,e51523ab901dff75,1,test,80,0,,,1,0,1,0,kejda.me
COM_1466,21/07/2026,ac2dc7935439b30c,1,test,92,0,,,2,0,2,0,mogfc.org ok.va
COM_1467,21/07/2026,18f1836ac951b149,1,train,96,0,[MONEY],,1,0,1,0,gemhay.me
COM_1468,21/07/2026,e0214eae8a614a11,1,train,88,0,[NAME],,1,0,1,0,ibit.ly
COM_1469,21/07/2026,360ed5bbabb5f410,1,train,68,0,,,1,0,1,0,geqre.me
COM_1470,21/07/2026,61362c8daa5b5a2c,1,train,67,0,,,1,1,1,1,bit.ly
COM_1471,21/07/2026,6f67cf8f5aff13d1,1,train,61,1,,,1,0,1,1,t.ly
COM_1472,21/07/2026,70606bb550bb2dec,1,train,63,0,,,1,0,1,1,qrco.de
COM_1473,21/07/2026,c10ebdea692aa273,1,test,48,0,,,0,0,0,0,
COM_1474,21/07/2026,a37dd27770a552e3,1,train,59,0,,,1,0,1,0,aezalo.me
COM_1475,21/07/2026,8e3323791851b3bb,1,train,27,1,,,0,0,0,0,
COM_1476,21/07/2026,68dc7d30d3381c63,1,train,76,0,,,1,0,1,0,lngxa.bid
COM_1477,21/07/2026,74597cdb19ac7fc6,1,train,201,1,,,1,0,1,0,evn.io.vn
COM_1478,21/07/2026,2ac51b17c6a1c8b9,1,train,111,0,,,1,0,1,0,gov-dichvucong.com
COM_1479,21/07/2026,3746d7f8c920d4b6,1,train,157,0,,,1,0,1,0,dichvuconggov-vn.com
COM_1480,21/07/2026,8a51fa64c13ff5fc,1,train,265,1,,,1,0,1,0,dichvucongg.top
COM_1481,21/07/2026,b9cc902699b09329,1,train,153,1,,,1,0,1,0,schvucongs.top
COM_1482,21/07/2026,2c3abe9cbefe013c,1,train,277,1,[MONEY] [NAME],,2,0,1,0,dung.app
COM_1483,21/07/2026,ad2101228268ea16,1,train,174,1,[NUMBER],,0,0,0,0,
COM_1484,21/07/2026,73ec1963045ed23a,1,train,146,1,[MONEY],,0,0,0,0,
COM_1485,21/07/2026,c905ec0a472d7681,1,test,142,1,[MONEY] [NUMBER] [TIME],,0,0,0,0,
COM_1486,21/07/2026,8e18902f2e54bb74,1,train,139,1,[NUMBER] [TIME],,0,0,0,0,
COM_1487,21/07/2026,c905ec0a472d7681,1,test,142,1,[MONEY] [NUMBER] [TIME],,0,0,0,0,
COM_1488,21/07/2026,1fc2bf111b103d0c,1,test,150,1,[NUMBER],,0,0,0,0,
COM_1489,22/07/2026,12ac5b8fdd53bc95,1,test,135,1,[NUMBER],,0,0,0,0,
COM_1490,22/07/2026,5fdc7e67d830e2ee,1,train,132,1,[MONEY] [NUMBER],,0,0,0,0,
COM_1491,22/07/2026,93f9dd492a125e99,1,train,368,1,[MONEY] [NUMBER],,1,1,1,0,zalo.me
COM_1492,22/07/2026,4db5ee09f81fc4dd,1,train,290,1,,,1,0,1,0,thuedjentuu.vn
COM_1493,22/07/2026,914af772c14fdef2,1,train,155,1,,,1,1,1,1,bit.ly
COM_1494,22/07/2026,a1f827fdf4bfffc0,1,train,140,0,,,1,0,1,0,vn.net
COM_1495,22/07/2026,fc702253463df051,1,train,269,0,[DATE] [NUMBER],,2,0,2,0,huit.edu.vn tang.gay
COM_1496,22/07/2026,91d2fc34d3009c6e,1,train,124,0,,,1,0,1,0,vietcompriority-diem.com
COM_1497,22/07/2026,acb63f132269fd4c,1,train,184,0,[TIME],,1,0,1,0,vn-ctt.vip
COM_1498,22/07/2026,2370a58c525e90fd,1,train,160,0,[MONEY],,1,0,1,0,alpha-ebanking.xyz
COM_1499,22/07/2026,da93ae9aee564a00,1,train,161,1,[TIME],,1,0,1,0,odbnk.space
COM_1500,22/07/2026,8dfe8984ac3e39cb,1,train,158,1,[POINT],,1,0,1,0,huy-the-visa-vn.com
COM_1501,22/07/2026,7439825d5c6fa8d9,1,train,153,0,,,1,0,1,0,i-pay.vip
COM_1502,22/07/2026,973ea7bcf31bc2c9,1,test,154,1,,,1,0,1,0,vietinbamk.com
COM_1503,22/07/2026,2484cabd9dbd061a,1,train,144,1,[BIDV] [MONEY],,1,0,1,0,ctacq.cc
COM_1504,22/07/2026,eb27b00eaf663894,1,train,128,0,[MONEY],,1,0,1,0,xd8qe5.cc
COM_1505,22/07/2026,261bb4a5852b8a6e,1,train,156,1,,,1,0,1,0,vn-mtt.top
COM_1506,22/07/2026,3b3792b06f534d17,1,test,144,0,,,1,0,1,0,vn-zy.top
COM_1507,22/07/2026,b720654549f7a0a8,1,train,165,0,,,1,0,1,0,gov-xacthuc.cc
COM_1508,22/07/2026,dc3256c04441e9df,1,train,163,0,,,1,0,1,0,cucduongbo.top
COM_1509,22/07/2026,e5b966fde7bfbf7e,1,train,161,0,,,2,0,1,0,gdt-gov.vip
COM_1510,22/07/2026,7d1e19c6dd4d65eb,1,train,158,0,,,1,0,1,0,apk-chinhphu.cc
COM_1511,22/07/2026,15277e6e3bfaeb8c,1,train,168,0,,,1,0,1,0,ho-so-dieu-tra.net
COM_1512,22/07/2026,bd8b0ffbc4fa35fe,1,train,154,0,[TIME],,1,0,1,0,chuanhoathongtin-vinaphone.top
COM_1513,22/07/2026,d80ff6b1e8d130bb,1,train,158,0,,,1,0,1,0,baohiem-xahoi.vip
COM_1514,22/07/2026,d1fe312b6e4f6970,1,train,164,0,,,1,0,1,0,hethong-chinhphu.top
COM_1515,22/07/2026,103e6fd3b20e99e1,1,train,146,0,,,1,0,1,0,gov-vn.cc
COM_1516,22/07/2026,12b4882d7137dfa4,1,train,169,1,,,1,0,1,0,ho-so-online.vip
COM_1517,22/07/2026,42f084c993e440c2,1,test,172,1,[MONEY] [URL],,0,0,0,0,
COM_1518,22/07/2026,25b15b7f0aca6ab4,1,train,171,0,,,1,0,1,0,tuyendung-ctv.top
COM_1519,22/07/2026,b5188df61457c401,1,train,168,0,[MONEY],,1,0,1,0,tikihethongmuasam12h.com
COM_1520,22/07/2026,ffc17d1094cc203f,1,train,179,0,[LAZADA],,1,0,1,0,job-online.vip
COM_1521,22/07/2026,be4af24962d4e715,1,train,171,1,,,1,0,1,0,tuyen-ctv.cc
COM_1522,22/07/2026,deb538e9bd818e83,1,train,176,1,,,1,0,1,0,kinhdoanh-online.top
COM_1523,22/07/2026,beebca06f2657fec,1,train,176,0,[MONEY],,1,0,1,0,blogspot.co.nz
COM_1524,22/07/2026,6c115fa3098da65e,1,train,178,1,[MONEY],,1,0,1,0,nhansu-online.cc
COM_1525,22/07/2026,1f181b203cfaf77d,1,train,175,1,,,1,0,1,0,taichinh-ctv.top
COM_1526,22/07/2026,b8d800e94a1d931c,1,train,170,1,,,1,0,1,0,review-kiemtien.cc
COM_1527,22/07/2026,addbc6c11530096a,1,train,168,0,,,1,0,1,0,tiktokshopvn.com
COM_1528,22/07/2026,c7fb163160cd8558,1,train,159,1,[MONEY],,1,0,1,0,qua-tri-an.vip
COM_1529,22/07/2026,bbaef85fadc234ce,1,train,157,1,[MONEY],,1,0,1,0,wu-ji.com
COM_1530,22/07/2026,74f2b91532018013,1,train,185,1,,,1,0,1,0,traothuong.top
COM_1531,22/07/2026,f1879eeefc392652,1,train,192,0,[MONEY],,1,0,0,0,
COM_1532,22/07/2026,afa50e08ac7f3848,1,train,166,1,[MONEY],,1,0,1,0,hopqua-mayman.vip
COM_1533,22/07/2026,e23b96525a47406f,1,train,185,1,[MONEY],,1,0,1,0,blogspot.de
COM_1534,22/07/2026,c70b330b1e1abb28,1,train,181,1,[MONEY] [TIME],,1,0,1,0,khuyenmai-khung.top
COM_1535,22/07/2026,6c9037e0d3e58e58,1,train,135,0,[MONEY],,1,0,1,0,zaloraglobal8.com
COM_1536,22/07/2026,6d29070cf264df90,1,train,171,0,,,1,0,1,0,voucher-sinhnhat.vip
COM_1537,22/07/2026,f1f8e9095f9028d5,1,train,162,0,[GHTK] [NUMBER],,1,0,1,0,capnhat-diachi.top
COM_1538,22/07/2026,cf8ac1aae97b241e,1,train,176,0,[MONEY],,1,0,1,0,thutuc-luukho.cc
COM_1539,22/07/2026,b2c695b8c850ae5f,1,train,179,1,,,1,0,1,0,vandon-quocte.vip
COM_1540,22/07/2026,d00f1ea483972e6f,1,test,175,1,,,1,0,1,0,henlich-giaohang.cc
COM_1541,22/07/2026,e050c8ab44d4dc5a,1,test,194,1,,,1,0,1,0,hoantien-donhang.top
COM_1542,22/07/2026,a1f827fdf4bfffc0,1,train,140,0,,,1,0,1,0,vn.net
COM_1543,22/07/2026,0b103b4c4b8ac580,1,test,171,0,,,1,0,1,0,buuphat-khancap.vip
COM_1544,22/07/2026,f56607774cf62558,1,train,185,1,[MONEY],,1,0,1,0,huy-donhang.top
COM_1545,22/07/2026,a72910735e4cf3ef,1,train,175,1,,,1,0,1,0,suco-donhang.cc
COM_1546,22/07/2026,0e269d8020bc0f93,1,train,172,1,,,1,0,1,0,khaibao-haiquan.top
COM_1547,22/07/2026,f10cd58fd5ec4416,1,train,172,1,,,1,0,1,0,vn-yys.top
COM_1548,22/07/2026,9bea7d67952aa706,1,train,188,1,[NUMBER],,1,0,0,0,
COM_1549,22/07/2026,9eee3f38cbd66be5,1,train,181,1,[MONEY],,1,0,1,0,huy-the-visa.top
COM_1550,22/07/2026,476288f41e3329b9,1,train,163,1,,,1,0,1,0,xacthuc-otp.online
COM_1551,22/07/2026,3dd8637513f8a84f,1,test,175,1,,,1,0,1,0,ib-portal.cc
COM_1552,22/07/2026,081c792b31f0bb97,1,train,184,1,,,1,0,1,0,bao-mat.vip
COM_1553,22/07/2026,ab544775e4e3f2f2,1,test,160,1,,,1,0,1,0,momovuive.fun
COM_1554,22/07/2026,b9b5f631aa8e62d5,1,test,174,1,[MONEY],,1,0,1,0,goiqua-trian.vip
COM_1555,22/07/2026,afc4729705d9f85f,1,train,159,0,[MONEY],,1,0,1,0,dangky-the.cc
COM_1556,22/07/2026,573bc86e16b020f2,1,train,170,1,,,1,0,1,0,khoifuc-matkhau.top
COM_1557,22/07/2026,d9784ab36cf42f04,1,train,192,1,,,1,0,1,0,binhchon-idol.club
COM_1558,22/07/2026,269dfc3af610e167,1,test,153,1,,,1,0,1,0,qua-tang-sn.top
COM_1559,22/07/2026,dd7f66cca76bbc25,1,test,185,1,[MONEY],,1,0,1,0,xulydonhangtiki.com
COM_1560,22/07/2026,dce57dcee8e3a9c7,1,train,177,1,[MONEY],,1,0,1,0,tuyendung-ctv.top
COM_1561,22/07/2026,635242dc39d82f4c,1,train,185,1,[MONEY],,1,0,1,0,voucher-khung.cc
COM_1562,22/07/2026,ac9f8f08fccd3940,1,train,171,1,,,1,0,1,0,thuezalo.com
COM_1563,22/07/2026,1b57763598d14b14,1,train,147,1,,,1,0,1,0,uudai-data4g.com
COM_1564,22/07/2026,0d422e451e92dca2,1,test,171,1,,,1,0,1,0,kiemtien-online.vip
COM_1565,22/07/2026,ddd58de6ce4205d5,1,train,167,1,,,1,0,1,0,quatang-andanhanh.cc
COM_1566,22/07/2026,c6492446941fc6ea,1,train,167,1,[NUMBER],,1,0,1,0,capnhat-diachi.top
COM_1567,22/07/2026,133de566e5ede428,1,train,178,1,,,1,0,1,0,chinhphu-gov.vip
COM_1568,22/07/2026,48f90e156c2fa66b,1,test,175,1,,,1,0,1,0,cucduongbo.top
COM_1569,22/07/2026,44f6b030d56cab00,1,train,178,1,,,2,0,1,0,gdt-gov.vip
COM_1570,22/07/2026,41ace8683287ad95,1,train,196,1,,,1,0,1,0,apk-chinhphu.cc
COM_1571,22/07/2026,087a06aa08667afd,1,test,171,1,,,1,0,1,0,baohiem-xahoi.vip
COM_1572,22/07/2026,9fafea87557f37ee,1,train,182,1,[TIME],,1,0,1,0,chuanhoathongtin-vinaphone.top
COM_1573,22/07/2026,26c654d19f18f8f0,1,train,188,1,,,1,0,1,0,ho-so-online.vip
COM_1574,22/07/2026,a24acf4777921654,1,train,178,1,,,1,0,1,0,gov-vn.cc
COM_1575,22/07/2026,3e238f6cc0aab4ef,1,train,169,1,,,1,0,1,0,hethong-chinhphu.top
COM_1576,22/07/2026,23732fa133b5de2c,1,train,185,1,,,1,0,1,0,ho-so-dieu-tra.net
COM_1577,22/07/2026,8da3a4749953b103,1,train,193,1,,,1,0,1,0,gachno-dienluc.top
COM_1578,22/07/2026,8b9ce30dec086fea,1,test,190,1,,,1,0,1,0,vandon-quocte.vip
COM_1579,22/07/2026,17a1fcbbe4221624,1,train,184,1,,,1,0,1,0,thutuc-luukho.cc
COM_1580,22/07/2026,19220f90933f4964,1,train,180,1,[B],,1,0,1,0,tra-cuu-suco.vip
COM_1581,22/07/2026,8e91765dfedd8932,1,train,180,1,,,1,0,1,0,henlich-giaohang.cc
COM_1582,22/07/2026,0b162ae34944a6a8,1,train,166,1,,,1,0,1,0,hoa-don-dien-tu.online
COM_1583,22/07/2026,ed853afb83765435,1,train,183,1,,,1,0,1,0,thanh-toan.vip
COM_1584,22/07/2026,b265b371a267952f,1,test,165,1,,,1,0,1,0,lich-baotri.net
COM_1585,22/07/2026,ec4ab72a3f0fffb1,1,train,165,1,,,1,0,1,0,suco-donhang.cc
COM_1586,22/07/2026,f4a073cbb625e9fd,1,train,166,1,,,1,0,1,0,giahan-kenh.cc
COM_1587,22/07/2026,caab76f966ef7929,1,train,183,1,[TIME],,1,0,1,0,fanpage-support.vip
COM_1588,22/07/2026,b42ce25d043fe49f,1,train,189,0,,,1,0,1,0,cancel-deletion.top
COM_1589,22/07/2026,b8395ee56132a823,1,train,195,1,[NUMBER],,1,0,1,0,doi-lich-bay.top
COM_1590,22/07/2026,7f48254c435b0ddd,1,test,189,1,[MONEY],,1,0,1,0,vietjet.ve
COM_1591,22/07/2026,a7b56a8bfcbc2f15,1,train,178,1,,,1,0,1,0,datphong-suco.cc
COM_1592,22/07/2026,5c1a9bc048cc6335,1,train,181,1,,,1,0,1,0,khang-cao.cc
COM_1593,22/07/2026,e6776793f33be850,1,train,182,0,,,1,0,1,0,icloud-appeal.cc
COM_1594,22/07/2026,421693cf9aa1a9a8,1,train,179,1,[MONEY],,1,0,1,0,hoantien-vi.club
COM_1595,22/07/2026,1ab71d85fefa0b73,1,train,192,1,[MONEY],,1,0,1,0,confirmation-id14373445.com
COM_1596,22/07/2026,5249cd8e8393a561,1,test,186,1,,,1,0,1,0,storage-upgrade.top
COM_1597,22/07/2026,4c91d9ea7df38f94,1,train,164,1,[NUMBER],,1,0,0,0,
COM_1598,22/07/2026,12a0aa25105c1016,1,train,165,1,[MONEY],,1,0,1,0,keonhacai.top
COM_1599,22/07/2026,a5ad071b20dc448e,1,train,170,1,[MONEY],,1,0,1,0,nohu-online.cc
COM_1600,22/07/2026,08ba93e30d148e29,1,train,187,1,[MONEY],,1,0,1,0,jet-casino-zahorovod3.top
COM_1601,22/07/2026,67892117cc5bc993,1,test,160,1,,,1,0,1,0,quayhu-vjp.online
COM_1602,22/07/2026,ec76acb3c7f4a519,1,train,163,1,[MONEY],,2,0,2,0,gamebai-doithuong.cc shb.et
COM_1603,22/07/2026,7f3bab8eaac3fa1d,1,train,162,1,[MONEY],,1,0,1,0,nhanloc-lixi.top
COM_1604,22/07/2026,0666e6640e0daa0f,1,train,165,1,[MONEY],,1,0,1,0,xacminh-ruttien.vip
COM_1605,22/07/2026,6c780053e28c42b1,1,train,180,1,[MONEY],,2,0,2,0,m88.com nohu-jackpot.online
COM_1606,22/07/2026,f5dd1371ba2900fd,1,train,174,1,[MONEY],,1,0,1,0,682667com-dhxl.top
COM_1607,22/07/2026,52ffacdb61756564,1,train,173,1,[MONEY],,1,0,1,0,tuyendung-ctv.top
COM_1608,22/07/2026,bb969a796d2db30f,1,test,166,0,[MONEY],,1,0,1,0,nhansu-online.vip
COM_1609,22/07/2026,445e87c6b01ea3dc,1,test,171,1,[MONEY],,1,0,1,0,tuyendung-idol.cc
COM_1610,22/07/2026,ef82a822baab6837,1,train,163,1,[MONEY],,1,0,1,0,youtubem.com
COM_1611,22/07/2026,993f1dc7ee39c3f7,1,train,169,1,,,1,0,1,0,kinhdoanh-onl.top
COM_1612,22/07/2026,87fc50ed759eeb03,1,train,175,1,,,1,0,1,0,tuyendung-nhansu.club
COM_1613,22/07/2026,423f0ebd00d3e5e1,1,train,169,1,[MONEY],,1,0,1,0,the-thao-onl.cc
COM_1614,22/07/2026,4a5fd7765e68f451,1,train,179,1,[MONEY],,1,0,1,0,job-tuyendung.top
COM_1615,22/07/2026,23dbacbd43fe7c2d,1,train,176,1,[MONEY],,1,0,1,0,tuyendung-taixe.vip
COM_1616,22/07/2026,037a18832660f03e,1,train,172,1,,,1,0,1,0,ctv-danhgia.online
COM_1617,22/07/2026,e2c5f81277d6f317,1,train,175,1,,,1,0,1,0,dautu-40.online
COM_1618,22/07/2026,fbb30a5a0a19a4f7,1,train,174,1,,,1,0,1,0,kiemtien-crypto.cc
COM_1619,22/07/2026,ec78ca1babb1b679,1,train,193,1,,,1,0,1,0,financialmarketsworld.com
COM_1620,22/07/2026,9122e74ef095dec2,1,train,168,1,,,1,0,1,0,gamemono.net
COM_1621,22/07/2026,0375329c9be750d7,1,train,176,1,,,1,0,1,0,co-phan-onl.cc
COM_1622,22/07/2026,95361a9326e62945,1,train,175,1,,,1,0,1,0,web3pi.icu
COM_1623,22/07/2026,87c1933252d3ad4b,1,train,176,1,,,1,0,1,0,forex-dautu.top
COM_1624,22/07/2026,687b435a6a9b23f7,1,test,180,1,,,1,0,1,0,nuoibo-onl.online
COM_1625,22/07/2026,5e62bda2eda438be,1,train,173,1,,,1,0,1,0,dautu-vang.club
COM_1626,22/07/2026,aef653ea1f32a8a2,1,train,162,1,,,1,0,1,0,allcryptowallets.at
COM_1627,22/07/2026,d294ad02f35095f3,1,train,172,1,[MONEY] [TIME],,1,0,1,0,vaynhanhuytin.com
COM_1628,22/07/2026,b2437dbfe968da8b,1,train,166,1,,,1,0,1,0,vay-tieudung.top
COM_1629,22/07/2026,3b20af5e0069a2e5,1,test,165,1,[MONEY],,1,0,1,0,vaycaptoc.cc
COM_1630,22/07/2026,4cf67e890b54728f,1,train,179,1,,,1,0,1,0,vay-nhanh.online
COM_1631,22/07/2026,8d8dd461a8ae2c96,1,train,175,1,,,1,0,1,0,hoso-online.vip
COM_1632,22/07/2026,d00897b6cb582753,1,train,169,1,,,1,0,1,0,vay-nhanh.top
COM_1633,22/07/2026,940860d490a4775d,1,train,162,1,,,1,0,1,0,vaytochanh.cc
COM_1634,22/07/2026,437b3ccbe01a4e14,1,train,162,1,[MONEY],,1,0,1,0,suadoi-hoso.top
COM_1635,22/07/2026,af3b1fa8697a0690,1,train,168,1,[MONEY],,1,0,1,0,vay-tieudung.vip
COM_1636,22/07/2026,eac2d75efe9f2ca3,1,train,158,1,,,1,0,1,0,money-easilycqe.buzz
COM_1637,22/07/2026,5fcf4267271a7d7d,1,train,182,1,[MONEY],,1,0,1,0,bds-dautu.online
COM_1638,22/07/2026,79c1db07b99c5c67,1,train,181,1,[MONEY],,1,0,1,0,duan-bds.vip
COM_1639,22/07/2026,3d61088f233bca3b,1,train,178,1,[MONEY],,1,0,1,0,khosim-giare.cc
COM_1640,22/07/2026,befdf3153a66c016,1,test,174,1,,,1,0,1,0,chinhchu-ban.top
COM_1641,22/07/2026,2393cc25cf5b6c80,1,train,182,1,,,1,0,1,0,bds-sukien.cc
COM_1642,22/07/2026,030e1fd18c4aaeef,1,test,182,1,,,1,0,1,0,khoahoc-onl.vip
COM_1643,22/07/2026,ffed1d8773758c91,1,train,180,1,,,1,0,1,0,nhansach.top
COM_1644,22/07/2026,fb9779a276bb8b83,1,train,188,1,,,1,0,1,0,giatruyen-vn.online
COM_1645,22/07/2026,9bb36781d1a9212f,1,train,169,1,[MONEY],,1,0,1,0,uudai-lamdep.club
COM_1646,22/07/2026,743b3ba54d36f885,1,test,173,1,,,1,0,1,0,tuyendung-onl.cc
COM_1647,22/07/2026,795c1f8259463383,1,test,216,1,,,1,0,1,0,hopdong-dautu.vip
COM_1648,22/07/2026,79806d52d9039b09,1,train,196,1,[NUMBER],,1,0,1,0,xacthuc-chuky.cc
COM_1649,22/07/2026,fadae00fe4677127,1,train,209,1,,,1,0,1,0,gopvon-dautu.online
COM_1650,22/07/2026,eb219d43331a8505,1,train,189,0,,,1,0,1,0,hopdong-uythac.top
COM_1651,22/07/2026,89d10f0fe03f7af5,1,train,204,1,[NUMBER],,1,0,1,0,quy-dautu.top
COM_1652,22/07/2026,8cc37df4391132f6,1,train,187,1,,,1,0,1,0,hopdong-thongminh.cc
COM_1653,22/07/2026,edecbd61ffb593ea,1,train,196,1,,,1,0,1,0,quanly-danhmuc.vip
COM_1654,22/07/2026,c14de620a27dc457,1,test,201,1,,,1,0,1,0,kyso-margin.top
COM_1655,22/07/2026,f45df3862a90fbce,1,train,197,1,,,1,0,1,0,dautu-thongminh.online
COM_1656,22/07/2026,7194e28240995bd9,1,train,198,1,,,1,0,1,0,kiemtra-traiphieu.cc
COM_1657,22/07/2026,597c16243916d32c,1,train,201,1,,,1,0,1,0,gopvon-dau-tu.top
COM_1658,22/07/2026,5cc38fc0778dbebc,1,test,210,1,,,1,0,1,0,kyso-hdoan.vip
COM_1659,22/07/2026,2e8b78c798d1cc0d,1,train,195,1,,,1,0,1,0,hopdong-dongthuan.cc
COM_1660,22/07/2026,1dc8b2a50df61aa8,1,train,184,1,,,1,0,1,0,tin-noi-bo.top
COM_1661,22/07/2026,bc1cd207e3e05779,1,test,194,1,,,1,0,1,0,mo-khoa-tkhoan.cc
COM_1662,22/07/2026,f292595b47ff5b9c,1,train,194,1,,,1,0,1,0,hopdong-muavang.online
COM_1663,22/07/2026,517b4e661434ef46,1,train,187,1,,,1,0,1,0,hopdong-uythac.vip
COM_1664,22/07/2026,a82f7b9d59046dcf,1,train,190,1,,,1,0,1,0,hopdong-datcoc.top
COM_1665,22/07/2026,b524b9806c038fc7,1,train,197,1,,,1,0,1,0,capnhat-hdoan.cc
COM_1666,22/07/2026,3ea830c90400e103,1,train,197,1,,,1,0,1,0,hopdong-gopvon.top
COM_1667,22/07/2026,e4766d325f030eec,1,train,186,1,,,1,0,1,0,thanhly-hopdong.vip
COM_1668,22/07/2026,e3d9f9a61b104dc0,1,train,192,1,,,1,0,1,0,xacminh-the.cc
COM_1669,22/07/2026,1dfdaabb70dac1fa,1,train,192,1,[TIME],,1,0,1,0,giahan-voucher.top
COM_1670,22/07/2026,22fefaf394cb92d7,1,train,196,1,,,2,0,1,0,kynighivjp.online
COM_1671,22/07/2026,ec49e9cf4c9b2fc1,1,train,197,1,[MONEY],,1,0,1,0,the-trian.cc
COM_1672,22/07/2026,8abbc6332508685c,1,train,191,1,,,1,0,1,0,condotel-dautu.top
COM_1673,22/07/2026,51e16434fe609e71,1,train,199,1,,,1,0,1,0,hopdong-loi.vip
COM_1674,22/07/2026,80443cad2ff3c623,1,train,196,1,[MONEY] [NUMBER],,1,0,1,0,khaosat-vietnam.cc
COM_1675,22/07/2026,43082fa3b2a984c1,1,train,195,1,[NUMBER],,1,0,0,0,
COM_1676,22/07/2026,191008728eecd1c6,1,train,188,1,,,1,0,1,0,thutuc-rutgoc.online
COM_1677,22/07/2026,85ded02696d1ea9e,1,train,188,1,,,1,0,1,0,uudai-kynighi.vip
COM_1678,22/07/2026,0ac0d1d216839218,1,test,194,1,,,1,0,1,0,tiendo-bangiao.cc
COM_1679,22/07/2026,98fa59ba5632303f,1,test,192,1,,,1,0,1,0,hopdong-baohiem.top
COM_1680,22/07/2026,c16edb8c50ef58b1,1,test,190,1,[MONEY],,1,0,1,0,ctv-review.top
COM_1681,22/07/2026,f2370e59c12ad231,1,train,199,1,[NUMBER],,1,0,1,0,phiquanly-thongbao.vip
COM_1682,22/07/2026,2a98bb7066a6bec9,1,train,203,1,,,1,0,1,0,hopdong-dautu.vip
COM_1683,22/07/2026,d26fae52f7441687,1,train,194,1,[NUMBER],,1,0,1,0,xacthuc-chuky.cc
COM_1684,22/07/2026,23c23dd51e54834a,1,train,195,1,,,1,0,1,0,gopvon-dautu.online
COM_1685,22/07/2026,20145fe10ea5d03a,1,train,187,0,,,1,0,1,0,hopdong-uythac.top
COM_1686,22/07/2026,5c833c3bdddf7130,1,train,191,1,[NUMBER],,1,0,1,0,quy-dautu.top
COM_1687,22/07/2026,071fdbaf15c377f1,1,train,185,1,,,1,0,1,0,hopdong-thongminh.cc
COM_1688,22/07/2026,2c84a61d6de6ea03,1,train,194,1,,,1,0,1,0,quanly-danhmuc.vip
COM_1689,22/07/2026,a0bca55fad84a0fb,1,train,195,1,,,1,0,1,0,kyso-margin.top
COM_1690,22/07/2026,7e4ffd8c76ae87f4,1,train,189,1,,,1,0,1,0,dautu-thongminh.online
COM_1691,22/07/2026,e68380d631527fa6,1,train,196,1,,,1,0,1,0,kiemtra-traiphieu.cc
COM_1692,22/07/2026,29f3e66066e6bbc2,1,train,183,1,,,1,0,1,0,gopvon-dau-tu.top
COM_1693,22/07/2026,56c25d2e2d40888c,1,train,196,1,,,1,0,1,0,kyso-hdoan.vip
COM_1694,22/07/2026,a993f6c0c17fd162,1,train,193,1,,,1,0,1,0,hopdong-dongthuan.cc
COM_1695,22/07/2026,4b45606f1db2dd7a,1,train,182,1,,,1,0,1,0,tin-noi-bo.top
COM_1696,22/07/2026,10e2afafd11f6779,1,train,192,1,,,1,0,1,0,mo-khoa-tkhoan.cc
COM_1697,22/07/2026,4c91d9ea7df38f94,1,train,164,1,[NUMBER],,1,0,0,0,
COM_1698,22/07/2026,12a0aa25105c1016,1,train,165,1,[MONEY],,1,0,1,0,keonhacai.top
COM_1699,22/07/2026,a5ad071b20dc448e,1,train,170,1,[MONEY],,1,0,1,0,nohu-online.cc
COM_1700,22/07/2026,a305201cc706b7d0,1,train,163,1,[MONEY],,1,0,1,0,hoantien-casino.vip
COM_1701,22/07/2026,67892117cc5bc993,1,test,160,1,,,1,0,1,0,quayhu-vjp.online
COM_1702,22/07/2026,ec76acb3c7f4a519,1,train,163,1,[MONEY],,2,0,2,0,gamebai-doithuong.cc shb.et
COM_1703,22/07/2026,7f3bab8eaac3fa1d,1,train,162,1,[MONEY],,1,0,1,0,nhanloc-lixi.top
COM_1704,22/07/2026,0666e6640e0daa0f,1,train,165,1,[MONEY],,1,0,1,0,xacminh-ruttien.vip
COM_1705,22/07/2026,6dc9920e2781ee09,1,train,166,1,[MONEY],,2,0,2,0,m88.com nohu-jackpot.online
COM_1706,22/07/2026,362fda962b69aaa1,1,train,166,1,[MONEY],,1,0,1,0,casinothuong.club
COM_1707,22/07/2026,7d97675220e1725c,1,train,155,1,[MONEY],,1,0,1,0,gamevip05.vip
COM_1708,22/07/2026,f4f200b909ad087d,1,train,200,1,[NUMBER],,1,0,1,0,evsur.ru
COM_1709,22/07/2026,d9ac8060c3e07555,1,train,149,1,,,1,0,1,0,game-prices.com
COM_1710,22/07/2026,c5362c3cec11011a,1,train,167,1,[MONEY],,1,0,1,0,rutthuong-jackpot.online
COM_1711,22/07/2026,e5df74b24d57cc7a,1,train,157,1,,,1,0,1,0,thethao-onl.vip
COM_1712,22/07/2026,52ffacdb61756564,1,train,173,1,[MONEY],,1,0,1,0,tuyendung-ctv.top
COM_1713,22/07/2026,680edffafff6ac03,1,train,166,0,[MONEY],,1,0,1,0,business-tiktok.store
COM_1714,22/07/2026,dc42d3ef79d022f7,1,test,164,1,[MONEY],,1,0,1,0,tiktok25881.shop
COM_1715,22/07/2026,a28fb89d784018e2,1,test,175,1,[MONEY],,1,0,1,0,acountin.com
COM_1716,22/07/2026,b41b99353bf1c293,1,train,166,1,,,1,0,1,0,amazon-top-coupon.com
COM_1717,22/07/2026,87fc50ed759eeb03,1,train,175,1,,,1,0,1,0,tuyendung-nhansu.club
COM_1718,22/07/2026,a1a1c4c089dbcf0f,1,train,164,1,[MONEY],,1,0,1,0,cohoivieclam.shop
COM_1719,22/07/2026,4a5fd7765e68f451,1,train,179,1,[MONEY],,1,0,1,0,job-tuyendung.top
COM_1720,22/07/2026,1443456dbe80709d,1,test,168,1,[MONEY],,1,0,1,0,sxlph.club
COM_1721,22/07/2026,037a18832660f03e,1,train,172,1,,,1,0,1,0,ctv-danhgia.online
COM_1722,22/07/2026,ded30da26b6809e6,1,test,207,1,[MONEY],,1,0,1,0,facebook-business-help-center-fanpage-checkpoint1203.ml
COM_1723,22/07/2026,498ee11d931ff87b,1,test,164,1,[MONEY],,1,0,1,0,tuyendung-ctv.top
COM_1724,22/07/2026,a445f9efb177ca2c,1,test,170,1,[NUMBER],,0,0,0,0,
COM_1725,22/07/2026,d0fa3b28299a4e53,1,train,166,1,,,1,0,1,0,daily-qr.online
COM_1726,22/07/2026,30d7c330a63d22ca,1,train,160,1,[MONEY],,1,0,1,0,lazadamtdt.com
COM_1727,22/07/2026,cb92923a8140595d,1,train,183,1,[MONEY],,1,0,1,0,clb-henho.cc
COM_1728,22/07/2026,281a457aceddb469,1,train,176,1,,,1,0,1,0,tinder-garten.de
COM_1729,22/07/2026,ec33212e16be1f5a,1,train,158,1,,,1,0,1,0,11zalo.com
COM_1730,22/07/2026,a9ead32acde9a2e6,1,test,191,1,,,1,0,1,0,blogspot.sg
COM_1731,22/07/2026,da0c0e52934c2c7b,1,train,193,0,,,2,0,1,0,000webhostapp.com
COM_1732,22/07/2026,ef47a6632d0a4c43,1,train,172,1,,,1,0,1,0,tim-ban-phuong.cc
COM_1733,22/07/2026,60b8e98488655607,1,train,173,1,,,1,0,1,0,tgatgj.xyz
COM_1734,22/07/2026,da5efb71fa7e2ef9,1,train,183,1,,,1,0,1,0,shhubsexxygirllove.blogspot.com
COM_1735,22/07/2026,00783e3accdc484a,1,train,207,0,[DATE] [MONEY] [NUMBER],,0,0,0,0,
COM_1736,22/07/2026,b9ff7d1d03fde8b5,1,train,130,0,[MONEY] [NUMBER],,1,0,1,0,c.to
COM_1737,22/07/2026,fd0f9bb7b5127801,1,train,109,0,[MONEY],,1,0,1,0,vietcom.cc
COM_1738,22/07/2026,03df46796387ace8,1,train,59,1,,,1,0,1,0,visavnn.cc
COM_1739,22/07/2026,65208b5d26d4e468,1,train,108,0,[POINT],,1,0,1,0,priority-vcb.com
COM_1740,22/07/2026,9ab105b1f33e88d6,1,test,155,0,[POINT],,0,0,0,0,
COM_1741,22/07/2026,9677eef79e4d2fea,1,train,148,0,[POINT],,1,0,1,0,vietcom-priority-vn.com
COM_1742,24/07/2026,68adecde9b19abf3,1,test,569,1,[DATE] [MONEY] [NAME] [NUMBER],,1,0,1,0,facebook.com
COM_1743,24/07/2026,f1f582f1f37da0ec,1,train,93,1,[MONEY],,1,0,1,0,nhanqua.sale
COM_1745,24/07/2026,28f799025a1cb1f7,1,train,138,0,[POINT],,1,0,1,0,vib-diem.com
COM_1746,24/07/2026,48e5132101a1159d,1,test,297,1,[TB],,1,0,1,0,vtscloud.vn
COM_1747,24/07/2026,a8d0b17f26a6faa0,1,train,156,0,[NUMBER],,0,0,0,0,
COM_1748,24/07/2026,e55ea0c28fa1a83b,1,train,59,0,,,1,0,1,0,czbidv.com
COM_1749,24/07/2026,fe2c7d388672a457,1,train,67,0,,,1,0,1,0,wobidv.com
COM_1750,24/07/2026,cabb4a5327305554,1,test,61,0,,,1,0,1,0,mqobidv.com
COM_1751,24/07/2026,669b061a706d689b,1,train,137,0,[MONEY],,1,1,1,1,bit.ly
COM_1752,24/07/2026,491e14e8152fa8cc,1,train,212,0,[NUMBER],,0,0,0,0,
COM_1753,24/07/2026,a36ae1292e2043e8,1,train,298,1,[BHXH_VN] [MONEY] [NUMBER],,0,0,0,0,
COM_1754,24/07/2026,440b03c1c291460f,1,train,296,1,[NUMBER],,0,0,0,0,
COM_1755,24/07/2026,b2522c51c2098366,1,test,294,1,[NUMBER],,0,0,0,0,
COM_1756,24/07/2026,13be72865d5e0772,1,train,313,1,[NUMBER],,0,0,0,0,
COM_1757,24/07/2026,ec90bb8db64b15cf,1,train,323,1,[NUMBER],,0,0,0,0,
COM_1758,24/07/2026,51352440658c12a1,1,train,308,1,[NUMBER] [TIME],,0,0,0,0,
COM_1759,24/07/2026,d13114b0478d3411,1,train,271,1,[MONEY],,0,0,0,0,
COM_1760,24/07/2026,8ead489429007a56,1,train,266,1,[NAME],,0,0,0,0,
COM_1761,24/07/2026,910b717ea9d1415c,1,test,272,1,[CO] [TIME],,0,0,0,0,
COM_1762,24/07/2026,e067d653d54cd765,1,train,96,1,,,1,0,1,0,lkqayv.us
COM_1763,24/07/2026,69b91577abfb21a9,1,test,76,0,[MONEY],,2,0,1,0,f868686.com
COM_1764,24/07/2026,aff3095ffa238b63,1,test,45,0,,,0,0,0,0,
COM_1765,24/07/2026,d8239c34ddc86a33,1,train,113,0,[MONEY],,1,0,1,0,xmi-p.tech
COM_1766,24/07/2026,e319bc357f2c0ad1,1,train,99,1,,,1,0,1,0,aevn.me
COM_1767,24/07/2026,d9234bbb94364913,1,train,150,1,[NUMBER],,0,0,0,0,
COM_1768,24/07/2026,df36d12d96e05f1b,1,train,115,1,,,0,0,0,0,
COM_1769,24/07/2026,3d2266e57c11825a,1,train,139,1,[MONEY] [NUMBER] [TIME],,0,0,0,0,
COM_1770,24/07/2026,532146d5c171cab5,1,train,113,1,[NUMBER],,0,0,0,0,
COM_1771,24/07/2026,d9234bbb94364913,1,train,150,1,[NUMBER],,0,0,0,0,
COM_1772,24/07/2026,d8a472059d06c817,1,train,133,1,[NUMBER],,0,0,0,0,
COM_1773,24/07/2026,1a4424155f5f868c,1,train,108,1,[NUMBER],,0,0,0,0,
COM_1774,24/07/2026,e6aa7109d7a34c54,1,train,121,1,[MONEY] [NUMBER],,0,0,0,0,
COM_1775,24/07/2026,f936161a991c9b66,1,train,103,1,[MONEY] [NUMBER],,0,0,0,0,
COM_1776,24/07/2026,e75af4bd3901e76a,1,train,105,1,,,0,0,0,0,
COM_1777,24/07/2026,ff8cb9981ac7e72c,1,test,115,1,[MONEY],,0,0,0,0,
COM_1778,24/07/2026,51b971aa30ccc424,1,train,105,1,[MONEY] [NUMBER],,0,0,0,0,
COM_1779,24/07/2026,727a98cfb8b3887c,1,test,143,1,[MONEY] [NUMBER],,0,0,0,0,
COM_1780,24/07/2026,71806d6d05686167,1,train,128,1,[MONEY] [NUMBER],,0,0,0,0,
COM_1781,24/07/2026,5c07d23b8c59f87b,1,train,121,1,[NUMBER],,0,0,0,0,
COM_1782,24/07/2026,71c257f8fd2a7905,1,train,136,1,[MONEY] [NUMBER] [TIME],,0,0,0,0,
COM_1783,24/07/2026,041da678596c3c2b,1,train,144,1,[NUMBER] [TIME],,0,0,0,0,
COM_1784,24/07/2026,041da678596c3c2b,1,train,144,1,[NUMBER] [TIME],,0,0,0,0,
COM_1785,24/07/2026,f6c79170998412a5,1,train,120,1,[MONEY] [NUMBER],,0,0,0,0,
COM_1786,24/07/2026,8a13e616771c8a4a,1,train,138,1,[MONEY] [NUMBER],,0,0,0,0,
COM_1787,24/07/2026,5b4fba698ee081c4,1,train,116,1,[MONEY] [NUMBER],,0,0,0,0,
COM_1788,24/07/2026,2a919884646db067,1,test,127,1,,,0,0,0,0,
COM_1789,24/07/2026,8e18902f2e54bb74,1,train,139,1,[NUMBER] [TIME],,0,0,0,0,
COM_1790,24/07/2026,e6aa7109d7a34c54,1,train,121,1,[MONEY] [NUMBER],,0,0,0,0,
COM_1791,24/07/2026,70ab04372c70a30c,1,train,142,1,[MONEY] [NUMBER],,0,0,0,0,
COM_1792,24/07/2026,808951890ac2d229,1,train,117,1,,,0,0,0,0,
COM_1793,24/07/2026,f2149757f66a8847,1,train,114,1,[NUMBER],,0,0,0,0,
COM_1794,24/07/2026,81afc2fa1dcdb551,1,train,143,1,[MONEY] [NUMBER] [TIME],,0,0,0,0,
COM_1795,24/07/2026,f2149757f66a8847,1,train,114,1,[NUMBER],,0,0,0,0,
COM_1796,24/07/2026,1a8d3ab839a826ed,1,train,99,1,[NUMBER],,0,0,0,0,
COM_1797,24/07/2026,df2e83d45f5cdf71,1,train,106,1,[MONEY] [NUMBER],,0,0,0,0,
COM_1798,24/07/2026,f2149757f66a8847,1,train,114,1,[NUMBER],,0,0,0,0,
COM_1799,24/07/2026,bb802f13a668e233,1,train,106,1,[MONEY] [NUMBER],,0,0,0,0,
COM_1800,24/07/2026,b60b640ddae5bae7,1,train,115,1,,,0,0,0,0,
COM_1801,24/07/2026,1a4424155f5f868c,1,train,108,1,[NUMBER],,0,0,0,0,
COM_1802,24/07/2026,bb802f13a668e233,1,train,106,1,[MONEY] [NUMBER],,0,0,0,0,
COM_1803,24/07/2026,710ac48f280fc60c,1,train,120,1,[MONEY] [NUMBER],,0,0,0,0,
COM_1804,24/07/2026,4a17c4e5855ec4f2,1,train,138,1,[MONEY] [NUMBER],,0,0,0,0,
COM_1805,24/07/2026,f24e6ed816bae3f6,1,train,113,1,[MONEY] [NUMBER],,0,0,0,0,
COM_1806,24/07/2026,3e2c06ecbaa96691,1,train,105,1,[NUMBER],,0,0,0,0,
COM_1807,24/07/2026,e1a00147c13bf3a0,1,train,111,1,[MONEY] [NUMBER],,0,0,0,0,
COM_1808,24/07/2026,711b590d096e7a98,1,test,131,1,[NUMBER],,0,0,0,0,
COM_1809,24/07/2026,0ad692d3ef267b89,1,train,95,1,[NUMBER],,0,0,0,0,
COM_1810,24/07/2026,e979e755c137a642,1,train,148,1,[MONEY] [NUMBER],,0,0,0,0,
COM_1811,24/07/2026,6c0549df09d2dd55,1,train,118,1,[MONEY] [NUMBER],,0,0,0,0,
COM_1812,24/07/2026,3fb8bacadd07a15a,1,test,126,1,[MONEY],,0,0,0,0,
COM_1813,24/07/2026,ecb0300777b4476d,1,train,134,1,[MONEY] [NUMBER],,0,0,0,0,
COM_1814,24/07/2026,4ffee53592fccd2f,1,train,127,1,,,0,0,0,0,
COM_1815,24/07/2026,d8a472059d06c817,1,train,133,1,[NUMBER],,0,0,0,0,
COM_1816,24/07/2026,5ddaa42e3c15cf18,1,test,112,1,[MONEY] [NUMBER],,0,0,0,0,
COM_1817,24/07/2026,ca561b3826d3be3a,1,train,130,1,[MONEY] [NUMBER],,0,0,0,0,
COM_1818,24/07/2026,852a82d369865085,1,test,132,1,[NUMBER],,0,0,0,0,
COM_1819,24/07/2026,f034fbc5a605f1ba,1,train,141,1,[MONEY] [NUMBER] [TIME],,0,0,0,0,
COM_1820,24/07/2026,92e8191c74fcdbfc,1,test,116,1,[MONEY] [NUMBER],,0,0,0,0,
COM_1821,24/07/2026,e4adad449c3225d7,1,train,128,1,[MONEY],,0,0,0,0,
COM_1822,24/07/2026,d01e0956ec19956d,1,train,99,1,[NUMBER],,0,0,0,0,
COM_1823,24/07/2026,4ad7d2efa8f8ac92,1,train,151,1,,,0,0,0,0,
COM_1824,24/07/2026,70edbcb159122228,1,train,130,1,[MONEY] [TIME],,0,0,0,0,
COM_1825,24/07/2026,d9234bbb94364913,1,train,150,1,[NUMBER],,0,0,0,0,
COM_1826,24/07/2026,23d50173c2e62508,1,test,122,1,,,0,0,0,0,
COM_1827,24/07/2026,f7397ffe98da4bf6,1,train,113,1,[MONEY] [NUMBER],,0,0,0,0,
COM_1828,24/07/2026,71806d6d05686167,1,train,128,1,[MONEY] [NUMBER],,0,0,0,0,
COM_1829,24/07/2026,bac97fe29f0ed974,1,train,112,1,[MONEY] [NUMBER],,0,0,0,0,
COM_1830,24/07/2026,c0bc3e2d32902d95,1,train,114,1,[MONEY] [NUMBER],,0,0,0,0,
COM_1831,24/07/2026,f936161a991c9b66,1,train,103,1,[MONEY] [NUMBER],,0,0,0,0,
COM_1832,24/07/2026,15e4118914be0363,1,train,130,1,[MONEY],,0,0,0,0,
COM_1833,24/07/2026,d7b5cae1a34ffb7d,1,test,117,1,[MONEY] [NUMBER],,0,0,0,0,
COM_1834,24/07/2026,65723f3ff58e5930,1,train,133,1,[NUMBER],,0,0,0,0,
COM_1835,24/07/2026,85e95700ffed2e21,1,test,118,1,[MONEY],,0,0,0,0,
COM_1836,24/07/2026,ba36db7fafa6a92b,1,test,129,1,[MONEY] [NUMBER],,0,0,0,0,
COM_1837,24/07/2026,4dafab4f4fee033f,1,train,145,1,[MONEY] [NUMBER],,0,0,0,0,
COM_1838,24/07/2026,7f641996f699335d,1,train,150,1,[MONEY],,0,0,0,0,
COM_1839,24/07/2026,6b32506d2ae0d8a7,1,test,150,1,[MONEY] [NUMBER],,0,0,0,0,
COM_1840,24/07/2026,ed3ede844983d7f3,1,train,125,1,[MONEY] [NUMBER] [TIME],,0,0,0,0,
COM_1841,24/07/2026,f99713ea4158a238,1,train,100,1,[NUMBER],,0,0,0,0,
COM_1842,24/07/2026,328921fa940c49fb,1,train,121,1,[MONEY] [NUMBER],,0,0,0,0,
COM_1843,24/07/2026,91f2513b68701a21,1,train,150,1,,,0,0,0,0,
COM_1844,24/07/2026,738494b780658683,1,train,138,1,[NUMBER],,0,0,0,0,
COM_1845,24/07/2026,d8a472059d06c817,1,train,133,1,[NUMBER],,0,0,0,0,
COM_1846,24/07/2026,9d81def04b959b6b,1,train,134,1,[MONEY] [NUMBER] [TIME],,0,0,0,0,
COM_1847,24/07/2026,8e18902f2e54bb74,1,train,139,1,[NUMBER] [TIME],,0,0,0,0,
COM_1848,24/07/2026,e57034915e613460,1,train,99,1,[NUMBER],,0,0,0,0,
COM_1849,24/07/2026,6094ebd8b07187e0,1,train,111,1,[MONEY] [NUMBER],,0,0,0,0,
COM_1850,24/07/2026,1a4424155f5f868c,1,train,108,1,[NUMBER],,0,0,0,0,
COM_1851,24/07/2026,f2149757f66a8847,1,train,114,1,[NUMBER],,0,0,0,0,
COM_1852,24/07/2026,08e8a6323e7baf73,1,train,134,1,[NUMBER],,0,0,0,0,
COM_1853,24/07/2026,c65f75a368377732,1,test,124,1,[MONEY],,0,0,0,0,
COM_1854,24/07/2026,db343f84d53392ef,1,test,134,1,[MONEY] [NUMBER],,0,0,0,0,
COM_1855,24/07/2026,da4d5d259181c320,1,train,133,1,[MONEY],,0,0,0,0,
COM_1856,24/07/2026,d475065ed211ec75,1,train,106,1,[MONEY] [NUMBER],,0,0,0,0,
COM_1857,24/07/2026,bffeff6895ad3ad9,1,train,111,1,[MONEY] [NUMBER],,0,0,0,0,
COM_1858,24/07/2026,b0004cc0c96dd89f,1,train,114,1,[MONEY] [NUMBER],,0,0,0,0,
COM_1859,24/07/2026,46a1262bdf71e896,1,train,127,1,[MONEY] [NUMBER],,0,0,0,0,
COM_1860,24/07/2026,97b1fef00c4aaa36,1,train,123,1,[MONEY] [NUMBER],,0,0,0,0,
COM_1861,24/07/2026,2db37527a056d7ee,1,train,117,1,[MONEY] [NUMBER],,0,0,0,0,
COM_1862,24/07/2026,041da678596c3c2b,1,train,144,1,[NUMBER] [TIME],,0,0,0,0,
COM_1863,24/07/2026,0d08e2d38112bcda,1,train,127,1,[NUMBER],,0,0,0,0,
COM_1864,24/07/2026,45e4aa7e530983f1,1,train,111,1,[MONEY] [NUMBER],,0,0,0,0,
COM_1865,24/07/2026,f63c13c912c41c28,1,train,114,1,[MONEY] [NUMBER],,0,0,0,0,
COM_1866,24/07/2026,0e14c97a1415a711,1,train,109,1,,,0,0,0,0,
COM_1867,24/07/2026,d360688b390e069e,1,test,127,1,[MONEY] [NUMBER],,0,0,0,0,
COM_1868,24/07/2026,70bcc4dc45db04a0,1,train,143,1,[MONEY] [NUMBER],,0,0,0,0,
COM_1869,24/07/2026,572fa7b7f211befd,1,train,115,1,[MONEY],,0,0,0,0,
COM_1870,24/07/2026,2f6583a0efd04b03,1,train,144,1,[MONEY] [NUMBER],,0,0,0,0,
COM_1871,24/07/2026,5c07d23b8c59f87b,1,train,121,1,[NUMBER],,0,0,0,0,
COM_1872,24/07/2026,f936161a991c9b66,1,train,103,1,[MONEY] [NUMBER],,0,0,0,0,
COM_1873,24/07/2026,ef534ec4e0b7ddf2,1,test,149,1,[MONEY] [NUMBER],,0,0,0,0,
COM_1874,24/07/2026,a7ae6707827357f0,1,test,121,1,[MONEY] [NUMBER] [TIME],,0,0,0,0,
COM_1875,24/07/2026,3d2266e57c11825a,1,train,139,1,[MONEY] [NUMBER] [TIME],,0,0,0,0,
COM_1876,24/07/2026,8475352b52dbcd85,1,train,138,1,[MONEY] [NUMBER],,0,0,0,0,
COM_1877,24/07/2026,73f32a9b603165e6,1,train,139,1,[NUMBER] [TIME],,0,0,0,0,
COM_1878,24/07/2026,5fdc7e67d830e2ee,1,train,132,1,[MONEY] [NUMBER],,0,0,0,0,
COM_1879,24/07/2026,5c07d23b8c59f87b,1,train,121,1,[NUMBER],,0,0,0,0,
COM_1880,24/07/2026,e63fb6f3506e1c20,1,train,111,1,[MONEY] [NUMBER],,0,0,0,0,
COM_1881,24/07/2026,879bdf455b18463b,1,train,145,1,[NUMBER],,0,0,0,0,
COM_1882,24/07/2026,711b590d096e7a98,1,test,131,1,[NUMBER],,0,0,0,0,
COM_1883,24/07/2026,c636371751f9bf08,1,train,118,1,[MONEY] [NUMBER],,0,0,0,0,
COM_1884,24/07/2026,a1f5c77b2ba8412c,1,train,123,1,[MONEY] [NUMBER],,0,0,0,0,
COM_1885,24/07/2026,3e2c06ecbaa96691,1,train,105,1,[NUMBER],,0,0,0,0,
COM_1886,24/07/2026,58fea9e833756275,1,test,105,1,[MONEY] [NUMBER],,0,0,0,0,
COM_1887,24/07/2026,8ef4b60b6469d2ad,1,train,131,1,[NUMBER],,0,0,0,0,
COM_1888,24/07/2026,f7397ffe98da4bf6,1,train,113,1,[MONEY] [NUMBER],,0,0,0,0,
COM_1889,24/07/2026,2004eb7f77e08452,1,train,107,1,[MONEY] [NUMBER],,0,0,0,0,
COM_1890,24/07/2026,456657b68e253b82,1,test,119,1,[MONEY] [NUMBER] [TIME],,0,0,0,0,
COM_1891,24/07/2026,f2149757f66a8847,1,train,114,1,[NUMBER],,0,0,0,0,
COM_1892,24/07/2026,89a512616d749993,1,train,135,1,[NUMBER],,0,0,0,0,
COM_1893,24/07/2026,3310c873850cce7f,1,train,117,1,[MONEY] [NUMBER],,0,0,0,0,
COM_1894,24/07/2026,8a112a90384e3544,1,train,155,1,,,0,0,0,0,
COM_1895,24/07/2026,37a72c491e3a684b,1,train,124,1,[MONEY] [NUMBER],,0,0,0,0,
COM_1896,24/07/2026,cc1c5ad908569adc,1,train,119,1,[MONEY] [NUMBER],,0,0,0,0,
COM_1897,24/07/2026,8762b55877a76ac0,1,train,140,1,[NUMBER] [TIME],,0,0,0,0,
COM_1898,24/07/2026,61769d65a6feacce,1,train,107,1,[MONEY] [NUMBER],,0,0,0,0,
COM_1899,24/07/2026,4a17c4e5855ec4f2,1,train,138,1,[MONEY] [NUMBER],,0,0,0,0,
COM_1900,24/07/2026,e052d9a346fea91b,1,train,148,1,[MONEY] [NUMBER],,0,0,0,0,
COM_1901,24/07/2026,81afc2fa1dcdb551,1,train,143,1,[MONEY] [NUMBER] [TIME],,0,0,0,0,
COM_1902,24/07/2026,5c07d23b8c59f87b,1,train,121,1,[NUMBER],,0,0,0,0,
COM_1903,24/07/2026,e3e7fc623bf03814,1,train,146,1,[MONEY] [NUMBER],,0,0,0,0,
COM_1904,24/07/2026,c724cb7d70918d51,1,train,130,1,[MONEY],,0,0,0,0,
COM_1905,24/07/2026,0ec6dcc1fca83b3b,1,test,144,1,[MONEY] [NUMBER],,0,0,0,0,
COM_1906,24/07/2026,a508be904c61b4d7,1,train,137,1,[MONEY] [NUMBER],,0,0,0,0,
COM_1907,24/07/2026,0b489e6be1f55856,1,train,144,1,[MONEY] [NUMBER],,0,0,0,0,
COM_1908,24/07/2026,b4c3b0e3d854c91a,1,train,106,1,[NUMBER],,0,0,0,0,
COM_1909,24/07/2026,d8a472059d06c817,1,train,133,1,[NUMBER],,0,0,0,0,
COM_1910,24/07/2026,4976f5ff5e5c2e62,1,test,122,1,[MONEY],,0,0,0,0,
COM_1911,24/07/2026,4b300ede69458c8b,1,train,132,1,[MONEY] [NUMBER],,0,0,0,0,
COM_1912,24/07/2026,71c257f8fd2a7905,1,train,136,1,[MONEY] [NUMBER] [TIME],,0,0,0,0,
COM_1913,24/07/2026,0f9f460ad1ffeb97,1,train,115,1,[MONEY] [NUMBER],,0,0,0,0,
COM_1914,24/07/2026,f936161a991c9b66,1,train,103,1,[MONEY] [NUMBER],,0,0,0,0,
COM_1915,24/07/2026,d8a472059d06c817,1,train,133,1,[NUMBER],,0,0,0,0,
COM_1916,24/07/2026,9e03f3342df5a45b,1,test,101,1,[NUMBER],,0,0,0,0,
COM_1917,24/07/2026,d0ed43c92ecb257f,1,train,141,1,[MONEY] [NUMBER],,0,0,0,0,
COM_1918,24/07/2026,f7e25085376b6f2e,1,test,118,1,[MONEY] [NUMBER],,0,0,0,0,
COM_1919,24/07/2026,11f72dba11b81c5e,1,test,115,1,[MONEY] [NUMBER],,0,0,0,0,
COM_1920,24/07/2026,e2e716624b1a1455,1,train,98,1,[NUMBER],,0,0,0,0,
COM_1921,24/07/2026,f936161a991c9b66,1,train,103,1,[MONEY] [NUMBER],,0,0,0,0,
COM_1922,24/07/2026,d8a472059d06c817,1,train,133,1,[NUMBER],,0,0,0,0,
COM_1923,24/07/2026,cb2aeefdd75c8dc0,1,train,105,1,,,0,0,0,0,
COM_1924,24/07/2026,f2149757f66a8847,1,train,114,1,[NUMBER],,0,0,0,0,
COM_1925,24/07/2026,87abf91bec06dc49,1,train,107,1,,,0,0,0,0,
COM_1926,24/07/2026,88122e4f0b323dbf,1,train,125,1,[MONEY],,0,0,0,0,
COM_1927,24/07/2026,5c07d23b8c59f87b,1,train,121,1,[NUMBER],,0,0,0,0,
COM_1928,24/07/2026,57b4b2723b45a5c7,1,train,103,1,[NUMBER],,0,0,0,0,
COM_1929,24/07/2026,b3ef139921f0304d,1,train,126,1,[MONEY] [NUMBER],,0,0,0,0,
COM_1930,24/07/2026,94c7c9aeac771e27,1,train,139,1,[MONEY] [NUMBER],,0,0,0,0,
COM_1931,24/07/2026,fc786a3183ba1721,1,train,126,1,[MONEY] [NUMBER],,0,0,0,0,
COM_1932,24/07/2026,4f2cac12a5b9bc13,1,train,137,1,[MONEY] [NUMBER],,0,0,0,0,
COM_1933,24/07/2026,81257e40d20b3c59,1,train,120,1,[MONEY] [NAME] [NUMBER],,0,0,0,0,
COM_1934,24/07/2026,b4c3b0e3d854c91a,1,train,106,1,[NUMBER],,0,0,0,0,
COM_1935,24/07/2026,e2e716624b1a1455,1,train,98,1,[NUMBER],,0,0,0,0,
COM_1936,24/07/2026,d8a472059d06c817,1,train,133,1,[NUMBER],,0,0,0,0,
COM_1937,24/07/2026,f2149757f66a8847,1,train,114,1,[NUMBER],,0,0,0,0,
COM_1938,24/07/2026,ab4557c6da95efab,1,train,125,1,[MONEY] [NUMBER],,0,0,0,0,
COM_1939,24/07/2026,4a17c4e5855ec4f2,1,train,138,1,[MONEY] [NUMBER],,0,0,0,0,
COM_1940,24/07/2026,6c0549df09d2dd55,1,train,118,1,[MONEY] [NUMBER],,0,0,0,0,
COM_1941,24/07/2026,f83f8014b6ad2c50,1,train,137,1,[MONEY] [NUMBER] [TIME],,0,0,0,0,
COM_1942,24/07/2026,6994f15212f8f45e,1,test,111,1,[MONEY] [NUMBER],,0,0,0,0,
COM_1943,24/07/2026,d8a472059d06c817,1,train,133,1,[NUMBER],,0,0,0,0,
COM_1944,24/07/2026,0be2c489a9432355,1,train,141,1,[MONEY],,0,0,0,0,
COM_1945,24/07/2026,e3d238882eb67ca1,1,train,112,1,[NUMBER],,0,0,0,0,
COM_1946,24/07/2026,b4c3b0e3d854c91a,1,train,106,1,[NUMBER],,0,0,0,0,
COM_1947,24/07/2026,f2149757f66a8847,1,train,114,1,[NUMBER],,0,0,0,0,
COM_1948,24/07/2026,69a718c3d7221398,1,test,125,1,[MONEY] [NUMBER],,0,0,0,0,
COM_1949,24/07/2026,6c4f287412007b8b,1,test,106,1,[NUMBER],,0,0,0,0,
COM_1950,24/07/2026,55b65e53269432ac,1,test,130,1,[MONEY],,0,0,0,0,
COM_1951,24/07/2026,a1f5c77b2ba8412c,1,train,123,1,[MONEY] [NUMBER],,0,0,0,0,
COM_1952,24/07/2026,927b3667a1a3caf4,1,test,119,1,[MONEY] [NUMBER],,0,0,0,0,
COM_1953,24/07/2026,308c9e8fee4cffb0,1,test,147,1,[MONEY] [NUMBER] [TIME],,0,0,0,0,
COM_1954,24/07/2026,b4c3b0e3d854c91a,1,train,106,1,[NUMBER],,0,0,0,0,
COM_1955,24/07/2026,7c91675bd4cc1568,1,train,118,1,[MONEY] [NUMBER] [TIME],,0,0,0,0,
COM_1956,24/07/2026,249c9be14c5f473a,1,test,123,1,,,0,0,0,0,
COM_1957,24/07/2026,f2149757f66a8847,1,train,114,1,[NUMBER],,0,0,0,0,
COM_1958,24/07/2026,727a98cfb8b3887c,1,test,143,1,[MONEY] [NUMBER],,0,0,0,0,
COM_1959,24/07/2026,5c07d23b8c59f87b,1,train,121,1,[NUMBER],,0,0,0,0,
COM_1960,24/07/2026,260948d22e2448d4,1,train,141,1,[NUMBER] [TIME],,0,0,0,0,
COM_1961,24/07/2026,b14290ebb8f8330c,1,train,104,1,[NUMBER],,0,0,0,0,
COM_1962,24/07/2026,f2149757f66a8847,1,train,114,1,[NUMBER],,0,0,0,0,
COM_1963,24/07/2026,ef26021878dce2a7,1,test,133,1,[MONEY],,0,0,0,0,
COM_1964,24/07/2026,3e2c06ecbaa96691,1,train,105,1,[NUMBER],,0,0,0,0,
COM_1965,24/07/2026,e5074c8b04fbe3ca,1,train,107,1,,,0,0,0,0,
COM_1966,24/07/2026,bb802f13a668e233,1,train,106,1,[MONEY] [NUMBER],,0,0,0,0,
COM_1967,24/07/2026,1c92c392ffd62357,1,train,146,1,[NUMBER],,0,0,0,0,
COM_1968,24/07/2026,879526698f5fd800,1,train,111,1,[MONEY] [NUMBER],,0,0,0,0,
COM_1969,24/07/2026,22f6c63b525327df,1,train,96,1,[NUMBER],,0,0,0,0,
COM_1970,24/07/2026,e052d9a346fea91b,1,train,148,1,[MONEY] [NUMBER],,0,0,0,0,
COM_1971,24/07/2026,d858bb3c957d729b,1,test,113,1,[MONEY] [NUMBER],,0,0,0,0,
COM_1972,24/07/2026,b0a635f374cca900,1,train,122,1,[MONEY] [NUMBER] [TIME],,0,0,0,0,
COM_1973,24/07/2026,f43812efa1b78cc8,1,train,141,1,[MONEY] [NUMBER],,0,0,0,0,
COM_1974,24/07/2026,81afc2fa1dcdb551,1,train,143,1,[MONEY] [NUMBER] [TIME],,0,0,0,0,
COM_1975,24/07/2026,d9234bbb94364913,1,train,150,1,[NUMBER],,0,0,0,0,
COM_1976,24/07/2026,e6951868a8760afa,1,train,121,1,[MONEY],,0,0,0,0,
COM_1977,24/07/2026,e353e59f49aa5c96,1,train,97,1,[NUMBER],,0,0,0,0,
COM_1978,24/07/2026,a359739f0b464cad,1,train,128,1,[MONEY] [NUMBER],,0,0,0,0,
COM_1979,24/07/2026,f24e6ed816bae3f6,1,train,113,1,[MONEY] [NUMBER],,0,0,0,0,
COM_1980,24/07/2026,cd70edda0ae893ca,1,train,138,1,[NUMBER] [TIME],,0,0,0,0,
COM_1981,24/07/2026,37aea88c25923404,1,train,155,1,,,0,0,0,0,
COM_1982,24/07/2026,5c07d23b8c59f87b,1,train,121,1,[NUMBER],,0,0,0,0,
COM_1983,24/07/2026,bb802f13a668e233,1,train,106,1,[MONEY] [NUMBER],,0,0,0,0,
COM_1984,24/07/2026,5c07d23b8c59f87b,1,train,121,1,[NUMBER],,0,0,0,0,
COM_1985,24/07/2026,7fae7d7aacefb7ae,1,train,128,1,[MONEY],,0,0,0,0,
COM_1986,24/07/2026,3b34d59612044dab,1,train,124,1,[MONEY] [NUMBER],,0,0,0,0,
COM_1987,24/07/2026,3d2266e57c11825a,1,train,139,1,[MONEY] [NUMBER] [TIME],,0,0,0,0,
COM_1988,24/07/2026,9bf71f1b3f1f8188,1,train,121,1,[MONEY] [NUMBER],,0,0,0,0,
COM_1989,24/07/2026,5c07d23b8c59f87b,1,train,121,1,[NUMBER],,0,0,0,0,
COM_1990,24/07/2026,d8a472059d06c817,1,train,133,1,[NUMBER],,0,0,0,0,
COM_1991,24/07/2026,d9234bbb94364913,1,train,150,1,[NUMBER],,0,0,0,0,
COM_1992,24/07/2026,9f9c587097f2b33c,1,test,111,1,[MONEY] [NUMBER],,0,0,0,0,
COM_1993,24/07/2026,d8a472059d06c817,1,train,133,1,[NUMBER],,0,0,0,0,
COM_1994,24/07/2026,9c310da4d1f82fae,1,train,133,1,[NUMBER],,0,0,0,0,
COM_1995,24/07/2026,81afc2fa1dcdb551,1,train,143,1,[MONEY] [NUMBER] [TIME],,0,0,0,0,
COM_1996,24/07/2026,b4c3b0e3d854c91a,1,train,106,1,[NUMBER],,0,0,0,0,
COM_1997,24/07/2026,5fdc7e67d830e2ee,1,train,132,1,[MONEY] [NUMBER],,0,0,0,0,
COM_1998,24/07/2026,1dc71e1fbccdea2d,1,train,133,1,[MONEY] [NUMBER],,0,0,0,0,
COM_1999,24/07/2026,d9234bbb94364913,1,train,150,1,[NUMBER],,0,0,0,0,
COM_2000,24/07/2026,6094ebd8b07187e0,1,train,111,1,[MONEY] [NUMBER],,0,0,0,0,
COM_2001,24/07/2026,ba54b72aab3379fe,1,train,150,1,[NUMBER],,0,0,0,0,
COM_2002,24/07/2026,0156d1df2d87ae12,1,train,140,1,[MONEY] [NUMBER] [TIME],,0,0,0,0,
COM_2003,24/07/2026,e57034915e613460,1,train,99,1,[NUMBER],,0,0,0,0,
COM_2004,24/07/2026,d475065ed211ec75,1,train,106,1,[MONEY] [NUMBER],,0,0,0,0,
COM_2005,24/07/2026,04b24759c68fee6c,1,train,119,0,[MONEY],,1,0,1,0,ee8qbet.com
COM_2006,24/07/2026,205104ed6c1d2e0e,1,train,155,0,[MONEY] [NUMBER],,0,0,0,0,
COM_2007,24/07/2026,94e9acdbab2aa489,1,test,158,0,[MONEY] [NUMBER],,0,0,0,0,
COM_2008,24/07/2026,11e04cba9390a739,1,train,57,0,,,1,0,1,0,urbidv.com
COM_2009,24/07/2026,3e0116965246f472,1,train,65,0,,,1,0,1,0,axbidv.com
COM_2010,24/07/2026,0429e2c2d5cdad99,1,test,153,0,[MONEY],,1,0,1,0,fly88.health
COM_2011,24/07/2026,86deaf6ed2e12039,1,train,61,0,,,1,0,1,0,bidvxz.com
COM_2012,24/07/2026,c570e1c32c81eeb2,1,train,133,0,[MONEY] [NUMBER],,1,0,1,0,ww98dt3.cc
COM_2013,24/07/2026,65b1dd7c2cfea43c,1,train,69,0,[MONEY],,1,0,1,0,bidv8ab.com
COM_2014,24/07/2026,213bb368093e6bfa,1,train,63,0,,,1,0,1,0,ribidv.com
COM_2015,24/07/2026,d69b21f8502fe5d6,1,train,47,0,,,1,0,1,0,nk99hv.com
COM_2016,24/07/2026,8a9395a38702b388,1,train,62,0,,,1,0,1,0,fubidv.com
COM_2017,24/07/2026,66f2e5022c5b48a1,1,train,51,0,[MONEY],,1,0,1,0,hi593.com
COM_2018,25/07/2026,2461c7c6c292c312,1,test,328,1,[MONEY] [TIME],,1,0,0,0,
COM_2019,25/07/2026,19f22d30e3017790,1,test,561,1,[NUMBER],,1,0,0,0,
COM_2020,25/07/2026,37393aab6ffb73b7,1,train,282,1,[MONEY] [NUMBER] [TIME],,2,1,1,0,zalo.me
COM_2021,25/07/2026,e1e72e0de7f7c7ec,1,train,307,1,[MONEY] [NUMBER],,1,0,1,0,izalo.me
COM_2022,25/07/2026,0a85b805c01efc14,1,train,299,1,[MONEY] [NUMBER],,1,1,1,0,zalo.me
COM_2023,25/07/2026,5e034d210ed243c7,1,test,251,1,[MONEY] [NUMBER],,1,1,1,0,zalo.me
COM_2024,25/07/2026,29453ec92e67b60b,1,train,419,1,[MONEY] [NUMBER],,1,1,1,0,zalo.me
COM_2025,25/07/2026,a556550590eb1030,1,train,261,0,[MONEY] [NUMBER] [QC],,1,0,0,0,
COM_2026,25/07/2026,0db538054bbb12ef,1,test,134,0,[NAME] [NUMBER],,0,0,0,0,
COM_2027,25/07/2026,2ac9819f733dea72,1,train,344,1,[MONEY],,1,0,1,0,v8.casino
COM_2028,25/07/2026,c0f35b8d8b4468ba,1,train,322,1,[NUMBER],,1,0,1,0,v8.com
COM_2030,25/07/2026,c7bf189b50309cab,1,train,129,1,[NUMBER],,2,0,1,0,bitly.com.vn
COM_2031,25/07/2026,492045ee8ff74709,1,train,179,0,,,1,0,1,0,vn-gll.top
COM_2044,25/07/2026,a9857d6edf3e1d76,1,train,322,0,[DATE] [NAME] [TIME],,0,0,0,0,
COM_2045,25/07/2026,e692c001e58363ce,1,train,321,0,[DATE] [NAME] [NUMBER] [TIME],,0,0,0,0,
COM_2046,25/07/2026,bf375bb98ccb36f6,1,train,505,0,[DATE] [NAME] [TIME],,1,0,0,0,
COM_2047,25/07/2026,0e1cbe4381ce751e,1,train,478,0,[DATE] [NAME] [TIME],,0,0,0,0,
COM_2048,25/07/2026,1fe0535245a1ccf7,1,train,298,0,[DATE] [NAME] [NUMBER],,0,0,0,0,
COM_2049,25/07/2026,51c9bd4641a0c476,1,train,127,1,,,1,0,1,0,bocongan.web.id
COM_2050,25/07/2026,c8b730e54781e11e,1,test,129,0,,,1,0,1,0,vndichvucong-gov.com
COM_2051,25/07/2026,0646963694a9021d,1,train,168,1,[NAME] [TIME],,0,0,0,0,
COM_2052,25/07/2026,9d62cd1cb4bf348f,1,train,186,1,[NAME] [NUMBER] [TIME],,1,0,1,0,dljj.shop
COM_2053,25/07/2026,e80730e831f80404,1,train,145,0,[MONEY] [NUMBER] [TIME],,1,0,1,0,vie999.com
COM_2054,25/07/2026,15acfb4772546040,1,train,157,0,,,1,0,1,0,vndichvuconggov.com
COM_2055,25/07/2026,d29f057d922851a9,1,train,96,1,[NUMBER],email,1,0,1,0,ezviz.com
COM_2056,25/07/2026,e53bf09ebc95363b,1,test,96,0,,,1,0,1,0,diamond-vp-bank.com
COM_2057,25/07/2026,c38fa5e74b5d7532,1,train,161,0,[MONEY] [NUMBER],,0,0,0,0,
COM_2058,25/07/2026,a0b9be6d7ab367b9,1,test,61,1,,,1,0,1,0,vp-diamond-vn-diem.com
COM_2059,25/07/2026,7e8410ba804c69c5,1,train,124,0,[MONEY] [NUMBER],,1,0,1,0,n9989.com
COM_2060,25/07/2026,0288e0a7f24e4133,1,test,130,0,[MONEY] [NUMBER],,1,0,1,0,qh88-vip.biz
COM_2061,25/07/2026,cafe995413a411c9,1,train,155,0,,,1,0,1,0,dichvucongvngov.com
COM_2062,25/07/2026,bfd81be50db7d10b,1,train,97,0,[MONEY] [NUMBER],,1,0,1,0,v8abwc.com
COM_2063,25/07/2026,f9310d25be5814dc,1,train,118,0,,,1,0,1,0,vcbankpriority.com
COM_2064,25/07/2026,0560becd8f36c39d,1,train,140,0,[MONEY] [NUMBER] [TIME],,1,0,1,0,a8858.com
COM_2065,25/07/2026,796c2c210b91458a,1,train,196,0,,,1,0,1,0,vn-dll.vip
COM_2066,25/07/2026,3d2fd39ca0d4b273,1,test,173,0,,,1,0,1,0,vnietinbank.com
COM_2067,25/07/2026,3b5bca9bf4b25fe8,1,test,171,1,[NUMBER],,1,0,1,0,getphonelive.website
COM_2068,25/07/2026,a4eaa210181f4858,1,train,265,0,[TIME],,1,0,1,0,acb-online.cc
COM_2069,25/07/2026,8146d00ca9ce21e0,1,train,57,0,[MONEY],,1,0,1,0,koqaz.com
COM_2070,25/07/2026,1dad3ed3cc3b6504,1,train,64,0,,,0,0,0,0,
COM_2071,25/07/2026,98a7a7e58d91903b,1,test,73,0,,,0,0,0,0,
COM_2072,25/07/2026,67b87d03a7fa88d4,1,train,74,0,,,0,0,0,0,
COM_2073,25/07/2026,11ff6d98367bc31e,1,train,74,0,,,0,0,0,0,
COM_2074,25/07/2026,6c9304cd16971b94,1,train,144,0,[MONEY] [NUMBER],,1,0,1,0,v8ab11.com
COM_2075,25/07/2026,de47787937c51eaf,1,train,70,0,,,0,0,0,0,
COM_2076,25/07/2026,88152d712565a00a,1,test,67,0,,,0,0,0,0,
COM_2077,25/07/2026,f2f8e9cbc7d5c389,1,train,85,0,[MONEY],,1,0,1,0,bidvux.com
COM_2078,25/07/2026,389b9c0be1d62e75,1,test,57,0,,,1,0,1,0,abubidv.com
